Record Length,2500,Points,-53.59999835E-3,7.11999989,
Sample Interval,39.99999899E-6,s,-53.55999991E-3,7.07999992,
Trigger Point,1.3400001E3,Samples,-53.51999775E-3,7.07999992,
,,,-53.47999930E-3,7.03999996,
,,,-53.43999714E-3,7.07999992,
,,,-53.39999869E-3,7.07999992,
Source,CH2,,-53.35999653E-3,7.07999992,
Vertical Units,Volts,,-53.31999809E-3,7.07999992,
Vertical Scale,999.999977648E-3,,-53.27999964E-3,7.07999992,
Vertical Offset,0,,-53.23999748E-3,7.07999992,
Horizontal Units,s,,-53.19999903E-3,7.07999992,
Horizontal Scale,9.999999747E-3,,-53.15999687E-3,7.07999992,
Pt Fmt,Y,,-53.11999843E-3,7.03999996,
Yzero,-6.16000000,,-53.07999998E-3,7.07999992,
Probe Atten,10.0000000,,-53.03999782E-3,7.07999992,
,,,-52.99999937E-3,7.07999992,
Note,TDS 2024B - 15:29:03   23-11-2023,,-52.95999721E-3,7.11999989,
,,,-52.91999876E-3,7.07999992,
,,,-52.87999660E-3,7.03999996,
,,,-52.83999816E-3,7.07999992,
,,,-52.79999971E-3,7.03999996,
,,,-52.75999755E-3,7.03999996,
,,,-52.71999910E-3,7.03999996,
,,,-52.67999694E-3,7.03999996,
,,,-52.63999850E-3,7.07999992,
,,,-52.60000005E-3,7.03999996,
,,,-52.55999789E-3,7.07999992,
,,,-52.51999944E-3,7.03999996,
,,,-52.47999728E-3,7.03999996,
,,,-52.43999884E-3,7.03999996,
,,,-52.39999667E-3,7.03999996,
,,,-52.35999823E-3,7.03999996,
,,,-52.31999978E-3,7.03999996,
,,,-52.27999762E-3,7.03999996,
,,,-52.23999918E-3,7.03999996,
,,,-52.19999701E-3,7.03999996,
,,,-52.15999857E-3,7.03999996,
,,,-52.12000012E-3,7.00000000,
,,,-52.07999796E-3,7.03999996,
,,,-52.03999951E-3,7.00000000,
,,,-51.99999735E-3,7.03999996,
,,,-51.95999891E-3,7.03999996,
,,,-51.91999674E-3,7.00000000,
,,,-51.87999830E-3,7.00000000,
,,,-51.83999985E-3,7.00000000,
,,,-51.79999769E-3,7.03999996,
,,,-51.75999925E-3,7.00000000,
,,,-51.71999708E-3,7.00000000,
,,,-51.67999864E-3,7.03999996,
,,,-51.64000019E-3,7.00000000,
,,,-51.59999803E-3,7.00000000,
,,,-51.55999959E-3,6.96000004,
,,,-51.51999742E-3,7.00000000,
,,,-51.47999898E-3,6.96000004,
,,,-51.43999681E-3,6.96000004,
,,,-51.39999837E-3,6.96000004,
,,,-51.35999992E-3,6.96000004,
,,,-51.31999776E-3,6.96000004,
,,,-51.27999932E-3,6.96000004,
,,,-51.23999715E-3,6.92000008,
,,,-51.19999871E-3,6.96000004,
,,,-51.16000026E-3,6.96000004,
,,,-51.11999810E-3,6.96000004,
,,,-51.07999966E-3,6.96000004,
,,,-51.03999749E-3,6.96000004,
,,,-50.99999905E-3,6.92000008,
,,,-50.95999688E-3,6.92000008,
,,,-50.91999844E-3,6.92000008,
,,,-50.88000000E-3,6.92000008,
,,,-50.83999783E-3,6.92000008,
,,,-50.79999939E-3,6.92000008,
,,,-50.75999722E-3,6.92000008,
,,,-50.71999878E-3,6.92000008,
,,,-50.67999661E-3,6.92000008,
,,,-50.63999817E-3,6.92000008,
,,,-50.59999973E-3,6.87999964,
,,,-50.55999756E-3,6.87999964,
,,,-50.51999912E-3,6.83999968,
,,,-50.47999695E-3,6.87999964,
,,,-50.43999851E-3,6.87999964,
,,,-50.40000007E-3,6.87999964,
,,,-50.35999790E-3,6.83999968,
,,,-50.31999946E-3,6.87999964,
,,,-50.27999729E-3,6.83999968,
,,,-50.23999885E-3,6.79999971,
,,,-50.19999668E-3,6.83999968,
,,,-50.15999824E-3,6.83999968,
,,,-50.11999980E-3,6.83999968,
,,,-50.07999763E-3,6.83999968,
,,,-50.03999919E-3,6.79999971,
,,,-49.99999702E-3,6.79999971,
,,,-49.95999858E-3,6.83999968,
,,,-49.92000014E-3,6.79999971,
,,,-49.87999797E-3,6.79999971,
,,,-49.83999953E-3,6.79999971,
,,,-49.79999736E-3,6.75999975,
,,,-49.75999892E-3,6.75999975,
,,,-49.71999675E-3,6.75999975,
,,,-49.67999831E-3,6.75999975,
,,,-49.63999987E-3,6.75999975,
,,,-49.59999770E-3,6.75999975,
,,,-49.55999926E-3,6.75999975,
,,,-49.51999709E-3,6.75999975,
,,,-49.47999865E-3,6.71999979,
,,,-49.44000021E-3,6.75999975,
,,,-49.39999804E-3,6.71999979,
,,,-49.35999960E-3,6.75999975,
,,,-49.31999743E-3,6.71999979,
,,,-49.27999899E-3,6.71999979,
,,,-49.23999682E-3,6.71999979,
,,,-49.19999838E-3,6.67999983,
,,,-49.15999994E-3,6.71999979,
,,,-49.11999777E-3,6.67999983,
,,,-49.07999933E-3,6.67999983,
,,,-49.03999716E-3,6.67999983,
,,,-48.99999872E-3,6.67999983,
,,,-48.96000028E-3,6.67999983,
,,,-48.91999811E-3,6.63999987,
,,,-48.87999967E-3,6.67999983,
,,,-48.83999750E-3,6.63999987,
,,,-48.79999906E-3,6.63999987,
,,,-48.75999689E-3,6.63999987,
,,,-48.71999845E-3,6.63999987,
,,,-48.68000001E-3,6.63999987,
,,,-48.63999784E-3,6.63999987,
,,,-48.59999940E-3,6.59999990,
,,,-48.55999723E-3,6.59999990,
,,,-48.51999879E-3,6.59999990,
,,,-48.47999662E-3,6.59999990,
,,,-48.43999818E-3,6.59999990,
,,,-48.39999974E-3,6.55999994,
,,,-48.35999757E-3,6.55999994,
,,,-48.31999913E-3,6.55999994,
,,,-48.27999696E-3,6.55999994,
,,,-48.23999852E-3,6.55999994,
,,,-48.20000008E-3,6.51999998,
,,,-48.15999791E-3,6.51999998,
,,,-48.11999947E-3,6.51999998,
,,,-48.07999730E-3,6.51999998,
,,,-48.03999886E-3,6.51999998,
,,,-47.99999669E-3,6.51999998,
,,,-47.95999825E-3,6.48000002,
,,,-47.91999981E-3,6.51999998,
,,,-47.87999764E-3,6.51999998,
,,,-47.83999920E-3,6.48000002,
,,,-47.79999703E-3,6.48000002,
,,,-47.75999859E-3,6.48000002,
,,,-47.72000015E-3,6.44000006,
,,,-47.67999798E-3,6.44000006,
,,,-47.63999954E-3,6.44000006,
,,,-47.59999737E-3,6.44000006,
,,,-47.55999893E-3,6.44000006,
,,,-47.51999676E-3,6.48000002,
,,,-47.47999832E-3,6.44000006,
,,,-47.43999988E-3,6.44000006,
,,,-47.39999771E-3,6.39999962,
,,,-47.35999927E-3,6.39999962,
,,,-47.31999710E-3,6.39999962,
,,,-47.27999866E-3,6.39999962,
,,,-47.24000022E-3,6.39999962,
,,,-47.19999805E-3,6.35999966,
,,,-47.15999961E-3,6.39999962,
,,,-47.11999744E-3,6.35999966,
,,,-47.07999900E-3,6.39999962,
,,,-47.03999683E-3,6.35999966,
,,,-46.99999839E-3,6.35999966,
,,,-46.95999995E-3,6.35999966,
,,,-46.91999778E-3,6.35999966,
,,,-46.87999934E-3,6.31999969,
,,,-46.83999717E-3,6.31999969,
,,,-46.79999873E-3,6.31999969,
,,,-46.76000029E-3,6.31999969,
,,,-46.71999812E-3,6.31999969,
,,,-46.67999968E-3,6.31999969,
,,,-46.63999751E-3,6.27999973,
,,,-46.59999907E-3,6.31999969,
,,,-46.55999690E-3,6.27999973,
,,,-46.51999846E-3,6.27999973,
,,,-46.48000002E-3,6.23999977,
,,,-46.43999785E-3,6.23999977,
,,,-46.39999941E-3,6.23999977,
,,,-46.35999724E-3,6.23999977,
,,,-46.31999880E-3,6.23999977,
,,,-46.28000036E-3,6.19999981,
,,,-46.23999819E-3,6.19999981,
,,,-46.19999975E-3,6.15999985,
,,,-46.15999758E-3,6.19999981,
,,,-46.11999914E-3,6.19999981,
,,,-46.07999697E-3,6.15999985,
,,,-46.03999853E-3,6.15999985,
,,,-46.00000009E-3,6.11999989,
,,,-45.95999792E-3,6.15999985,
,,,-45.91999948E-3,6.11999989,
,,,-45.87999731E-3,6.15999985,
,,,-45.83999887E-3,6.11999989,
,,,-45.79999670E-3,6.11999989,
,,,-45.75999826E-3,6.11999989,
,,,-45.71999982E-3,6.07999992,
,,,-45.67999765E-3,6.11999989,
,,,-45.63999921E-3,6.11999989,
,,,-45.59999704E-3,6.07999992,
,,,-45.55999860E-3,6.03999996,
,,,-45.52000016E-3,6.03999996,
,,,-45.47999799E-3,6.03999996,
,,,-45.43999955E-3,6.03999996,
,,,-45.39999738E-3,6.03999996,
,,,-45.35999894E-3,6.00000000,
,,,-45.31999677E-3,6.03999996,
,,,-45.27999833E-3,6.00000000,
,,,-45.23999989E-3,6.00000000,
,,,-45.19999772E-3,6.00000000,
,,,-45.15999928E-3,6.00000000,
,,,-45.11999711E-3,6.00000000,
,,,-45.07999867E-3,6.00000000,
,,,-45.04000023E-3,5.96000004,
,,,-44.99999806E-3,5.96000004,
,,,-44.95999962E-3,5.96000004,
,,,-44.91999745E-3,5.92000008,
,,,-44.87999901E-3,5.92000008,
,,,-44.83999684E-3,5.92000008,
,,,-44.79999840E-3,5.92000008,
,,,-44.75999996E-3,5.87999964,
,,,-44.71999779E-3,5.92000008,
,,,-44.67999935E-3,5.87999964,
,,,-44.63999718E-3,5.87999964,
,,,-44.59999874E-3,5.87999964,
,,,-44.56000030E-3,5.87999964,
,,,-44.51999813E-3,5.87999964,
,,,-44.47999969E-3,5.83999968,
,,,-44.43999752E-3,5.87999964,
,,,-44.39999908E-3,5.83999968,
,,,-44.35999691E-3,5.83999968,
,,,-44.31999847E-3,5.83999968,
,,,-44.28000003E-3,5.83999968,
,,,-44.23999786E-3,5.83999968,
,,,-44.19999942E-3,5.87999964,
,,,-44.15999725E-3,5.83999968,
,,,-44.11999881E-3,5.87999964,
,,,-44.08000037E-3,5.83999968,
,,,-44.03999820E-3,5.83999968,
,,,-43.99999976E-3,5.79999971,
,,,-43.95999759E-3,5.79999971,
,,,-43.91999915E-3,5.79999971,
,,,-43.87999699E-3,5.79999971,
,,,-43.83999854E-3,5.79999971,
,,,-43.80000010E-3,5.79999971,
,,,-43.75999793E-3,5.75999975,
,,,-43.71999949E-3,5.71999979,
,,,-43.67999732E-3,5.71999979,
,,,-43.63999888E-3,5.67999983,
,,,-43.60000044E-3,5.63999987,
,,,-43.55999827E-3,5.63999987,
,,,-43.51999983E-3,5.59999990,
,,,-43.47999766E-3,5.59999990,
,,,-43.43999922E-3,5.55999994,
,,,-43.39999706E-3,5.55999994,
,,,-43.35999861E-3,5.51999998,
,,,-43.32000017E-3,5.51999998,
,,,-43.27999800E-3,5.48000002,
,,,-43.23999956E-3,5.48000002,
,,,-43.19999740E-3,5.44000006,
,,,-43.15999895E-3,5.44000006,
,,,-43.11999679E-3,5.44000006,
,,,-43.07999834E-3,5.44000006,
,,,-43.03999990E-3,5.40000010,
,,,-42.99999774E-3,5.40000010,
,,,-42.95999929E-3,5.40000010,
,,,-42.91999713E-3,5.40000010,
,,,-42.87999868E-3,5.44000006,
,,,-42.84000024E-3,5.40000010,
,,,-42.79999807E-3,5.35999966,
,,,-42.75999963E-3,5.44000006,
,,,-42.71999747E-3,5.44000006,
,,,-42.67999902E-3,5.44000006,
,,,-42.63999686E-3,5.44000006,
,,,-42.59999841E-3,5.44000006,
,,,-42.55999997E-3,5.44000006,
,,,-42.51999781E-3,5.44000006,
,,,-42.47999936E-3,5.44000006,
,,,-42.43999720E-3,5.44000006,
,,,-42.39999875E-3,5.44000006,
,,,-42.36000031E-3,5.44000006,
,,,-42.31999815E-3,5.44000006,
,,,-42.27999970E-3,5.44000006,
,,,-42.23999754E-3,5.44000006,
,,,-42.19999909E-3,5.40000010,
,,,-42.15999693E-3,5.44000006,
,,,-42.11999848E-3,5.40000010,
,,,-42.08000004E-3,5.44000006,
,,,-42.03999788E-3,5.40000010,
,,,-41.99999943E-3,5.40000010,
,,,-41.95999727E-3,5.44000006,
,,,-41.91999882E-3,5.40000010,
,,,-41.88000038E-3,5.44000006,
,,,-41.83999822E-3,5.40000010,
,,,-41.79999977E-3,5.44000006,
,,,-41.75999761E-3,5.44000006,
,,,-41.71999916E-3,5.44000006,
,,,-41.67999700E-3,5.44000006,
,,,-41.63999856E-3,5.44000006,
,,,-41.60000011E-3,5.44000006,
,,,-41.55999795E-3,5.44000006,
,,,-41.51999950E-3,5.44000006,
,,,-41.47999734E-3,5.44000006,
,,,-41.43999889E-3,5.48000002,
,,,-41.40000045E-3,5.44000006,
,,,-41.35999829E-3,5.48000002,
,,,-41.31999984E-3,5.48000002,
,,,-41.27999768E-3,5.48000002,
,,,-41.23999923E-3,5.48000002,
,,,-41.19999707E-3,5.51999998,
,,,-41.15999863E-3,5.51999998,
,,,-41.12000018E-3,5.55999994,
,,,-41.07999802E-3,5.55999994,
,,,-41.03999957E-3,5.55999994,
,,,-40.99999741E-3,5.55999994,
,,,-40.95999897E-3,5.59999990,
,,,-40.92000052E-3,5.59999990,
,,,-40.87999836E-3,5.59999990,
,,,-40.83999991E-3,5.63999987,
,,,-40.79999775E-3,5.59999990,
,,,-40.75999931E-3,5.63999987,
,,,-40.71999714E-3,5.67999983,
,,,-40.67999870E-3,5.63999987,
,,,-40.64000025E-3,5.67999983,
,,,-40.59999809E-3,5.71999979,
,,,-40.55999964E-3,5.71999979,
,,,-40.51999748E-3,5.71999979,
,,,-40.47999904E-3,5.71999979,
,,,-40.43999687E-3,5.79999971,
,,,-40.39999843E-3,5.75999975,
,,,-40.35999998E-3,5.75999975,
,,,-40.31999782E-3,5.75999975,
,,,-40.27999938E-3,5.79999971,
,,,-40.23999721E-3,5.79999971,
,,,-40.19999877E-3,5.83999968,
,,,-40.16000032E-3,5.83999968,
,,,-40.11999816E-3,5.83999968,
,,,-40.07999972E-3,5.87999964,
,,,-40.03999755E-3,5.87999964,
,,,-39.99999911E-3,5.87999964,
,,,-39.95999694E-3,5.87999964,
,,,-39.91999850E-3,5.92000008,
,,,-39.88000005E-3,5.87999964,
,,,-39.83999789E-3,5.92000008,
,,,-39.79999945E-3,5.96000004,
,,,-39.75999728E-3,6.00000000,
,,,-39.71999884E-3,5.96000004,
,,,-39.68000039E-3,6.00000000,
,,,-39.63999823E-3,6.00000000,
,,,-39.59999979E-3,6.00000000,
,,,-39.55999762E-3,6.03999996,
,,,-39.51999918E-3,6.03999996,
,,,-39.47999701E-3,6.03999996,
,,,-39.43999857E-3,6.03999996,
,,,-39.40000013E-3,6.03999996,
,,,-39.35999796E-3,6.03999996,
,,,-39.31999952E-3,6.07999992,
,,,-39.27999735E-3,6.07999992,
,,,-39.23999891E-3,6.11999989,
,,,-39.20000046E-3,6.11999989,
,,,-39.15999830E-3,6.11999989,
,,,-39.11999986E-3,6.11999989,
,,,-39.07999769E-3,6.11999989,
,,,-39.03999925E-3,6.11999989,
,,,-38.99999708E-3,6.19999981,
,,,-38.95999864E-3,6.11999989,
,,,-38.92000020E-3,6.15999985,
,,,-38.87999803E-3,6.15999985,
,,,-38.83999959E-3,6.19999981,
,,,-38.79999742E-3,6.15999985,
,,,-38.75999898E-3,6.15999985,
,,,-38.72000054E-3,6.19999981,
,,,-38.67999837E-3,6.19999981,
,,,-38.63999993E-3,6.19999981,
,,,-38.59999776E-3,6.15999985,
,,,-38.55999932E-3,6.23999977,
,,,-38.51999715E-3,6.23999977,
,,,-38.47999871E-3,6.23999977,
,,,-38.44000027E-3,6.23999977,
,,,-38.39999810E-3,6.23999977,
,,,-38.35999966E-3,6.23999977,
,,,-38.31999749E-3,6.23999977,
,,,-38.27999905E-3,6.27999973,
,,,-38.24000061E-3,6.23999977,
,,,-38.19999844E-3,6.23999977,
,,,-38.16000000E-3,6.23999977,
,,,-38.11999783E-3,6.27999973,
,,,-38.07999939E-3,6.27999973,
,,,-38.03999722E-3,6.27999973,
,,,-37.99999878E-3,6.23999977,
,,,-37.96000034E-3,6.27999973,
,,,-37.91999817E-3,6.27999973,
,,,-37.87999973E-3,6.23999977,
,,,-37.83999756E-3,6.23999977,
,,,-37.79999912E-3,6.23999977,
,,,-37.75999695E-3,6.23999977,
,,,-37.71999851E-3,6.27999973,
,,,-37.68000007E-3,6.27999973,
,,,-37.63999790E-3,6.23999977,
,,,-37.59999946E-3,6.27999973,
,,,-37.55999729E-3,6.19999981,
,,,-37.51999885E-3,6.19999981,
,,,-37.48000041E-3,6.23999977,
,,,-37.43999824E-3,6.19999981,
,,,-37.39999980E-3,6.23999977,
,,,-37.35999763E-3,6.23999977,
,,,-37.31999919E-3,6.19999981,
,,,-37.27999702E-3,6.19999981,
,,,-37.23999858E-3,6.19999981,
,,,-37.20000014E-3,6.19999981,
,,,-37.15999797E-3,6.15999985,
,,,-37.11999953E-3,6.15999985,
,,,-37.07999736E-3,6.15999985,
,,,-37.03999892E-3,6.15999985,
,,,-37.00000048E-3,6.11999989,
,,,-36.95999831E-3,6.15999985,
,,,-36.91999987E-3,6.11999989,
,,,-36.87999770E-3,6.11999989,
,,,-36.83999926E-3,6.11999989,
,,,-36.79999709E-3,6.11999989,
,,,-36.75999865E-3,6.11999989,
,,,-36.72000021E-3,6.11999989,
,,,-36.67999804E-3,6.07999992,
,,,-36.63999960E-3,6.07999992,
,,,-36.59999743E-3,6.07999992,
,,,-36.55999899E-3,6.07999992,
,,,-36.52000055E-3,6.07999992,
,,,-36.47999838E-3,6.03999996,
,,,-36.43999994E-3,6.07999992,
,,,-36.39999777E-3,6.03999996,
,,,-36.35999933E-3,6.00000000,
,,,-36.31999716E-3,6.00000000,
,,,-36.27999872E-3,6.00000000,
,,,-36.24000028E-3,6.00000000,
,,,-36.19999811E-3,6.00000000,
,,,-36.15999967E-3,5.96000004,
,,,-36.11999750E-3,5.96000004,
,,,-36.07999906E-3,5.92000008,
,,,-36.04000062E-3,5.92000008,
,,,-35.99999845E-3,5.87999964,
,,,-35.96000001E-3,5.87999964,
,,,-35.91999784E-3,5.87999964,
,,,-35.87999940E-3,5.87999964,
,,,-35.83999723E-3,5.87999964,
,,,-35.79999879E-3,5.83999968,
,,,-35.76000035E-3,5.87999964,
,,,-35.71999818E-3,5.83999968,
,,,-35.67999974E-3,5.83999968,
,,,-35.63999757E-3,5.83999968,
,,,-35.59999913E-3,5.83999968,
,,,-35.55999696E-3,5.79999971,
,,,-35.51999852E-3,5.75999975,
,,,-35.48000008E-3,5.75999975,
,,,-35.43999791E-3,5.79999971,
,,,-35.39999947E-3,5.71999979,
,,,-35.35999730E-3,5.75999975,
,,,-35.31999886E-3,5.75999975,
,,,-35.28000042E-3,5.71999979,
,,,-35.23999825E-3,5.67999983,
,,,-35.19999981E-3,5.63999987,
,,,-35.15999764E-3,5.63999987,
,,,-35.11999920E-3,5.59999990,
,,,-35.07999703E-3,5.59999990,
,,,-35.03999859E-3,5.55999994,
,,,-35.00000015E-3,5.55999994,
,,,-34.95999798E-3,5.51999998,
,,,-34.91999954E-3,5.51999998,
,,,-34.87999737E-3,5.48000002,
,,,-34.83999893E-3,5.48000002,
,,,-34.80000049E-3,5.44000006,
,,,-34.75999832E-3,5.44000006,
,,,-34.71999988E-3,5.44000006,
,,,-34.67999771E-3,5.44000006,
,,,-34.63999927E-3,5.40000010,
,,,-34.59999710E-3,5.31999969,
,,,-34.55999866E-3,5.35999966,
,,,-34.52000022E-3,5.27999973,
,,,-34.47999805E-3,5.27999973,
,,,-34.43999961E-3,5.23999977,
,,,-34.39999744E-3,5.19999981,
,,,-34.35999900E-3,5.23999977,
,,,-34.32000056E-3,5.19999981,
,,,-34.27999839E-3,5.19999981,
,,,-34.23999995E-3,5.15999985,
,,,-34.19999778E-3,5.11999989,
,,,-34.15999934E-3,5.07999992,
,,,-34.11999717E-3,5.07999992,
,,,-34.07999873E-3,5.03999996,
,,,-34.04000029E-3,5.07999992,
,,,-33.99999812E-3,5.03999996,
,,,-33.95999968E-3,5.00000000,
,,,-33.91999751E-3,5.00000000,
,,,-33.87999907E-3,4.96000004,
,,,-33.84000063E-3,4.92000008,
,,,-33.79999846E-3,4.92000008,
,,,-33.76000002E-3,4.88000011,
,,,-33.71999785E-3,4.88000011,
,,,-33.67999941E-3,4.83999968,
,,,-33.63999724E-3,4.88000011,
,,,-33.59999880E-3,4.83999968,
,,,-33.56000036E-3,4.83999968,
,,,-33.51999819E-3,4.79999971,
,,,-33.47999975E-3,4.79999971,
,,,-33.43999758E-3,4.75999975,
,,,-33.39999914E-3,4.75999975,
,,,-33.36000070E-3,4.75999975,
,,,-33.31999853E-3,4.71999979,
,,,-33.28000009E-3,4.71999979,
,,,-33.23999792E-3,4.71999979,
,,,-33.19999948E-3,4.67999983,
,,,-33.15999731E-3,4.67999983,
,,,-33.11999887E-3,4.67999983,
,,,-33.08000043E-3,4.67999983,
,,,-33.03999826E-3,4.67999983,
,,,-32.99999982E-3,4.59999990,
,,,-32.95999765E-3,4.59999990,
,,,-32.91999921E-3,4.59999990,
,,,-32.87999704E-3,4.59999990,
,,,-32.83999860E-3,4.59999990,
,,,-32.80000016E-3,4.59999990,
,,,-32.75999799E-3,4.59999990,
,,,-32.71999955E-3,4.55999994,
,,,-32.67999738E-3,4.55999994,
,,,-32.63999894E-3,4.55999994,
,,,-32.60000050E-3,4.55999994,
,,,-32.55999833E-3,4.55999994,
,,,-32.51999989E-3,4.55999994,
,,,-32.47999772E-3,4.55999994,
,,,-32.43999928E-3,4.51999998,
,,,-32.39999712E-3,4.55999994,
,,,-32.35999867E-3,4.51999998,
,,,-32.32000023E-3,4.51999998,
,,,-32.27999806E-3,4.48000002,
,,,-32.23999962E-3,4.51999998,
,,,-32.19999745E-3,4.51999998,
,,,-32.15999901E-3,4.51999998,
,,,-32.12000057E-3,4.48000002,
,,,-32.07999840E-3,4.51999998,
,,,-32.03999996E-3,4.48000002,
,,,-31.99999779E-3,4.48000002,
,,,-31.95999935E-3,4.48000002,
,,,-31.91999719E-3,4.48000002,
,,,-31.87999874E-3,4.48000002,
,,,-31.84000030E-3,4.48000002,
,,,-31.79999813E-3,4.48000002,
,,,-31.75999969E-3,4.48000002,
,,,-31.71999753E-3,4.51999998,
,,,-31.67999908E-3,4.51999998,
,,,-31.64000064E-3,4.51999998,
,,,-31.59999847E-3,4.51999998,
,,,-31.56000003E-3,4.48000002,
,,,-31.51999786E-3,4.55999994,
,,,-31.47999942E-3,4.55999994,
,,,-31.43999726E-3,4.55999994,
,,,-31.39999881E-3,4.55999994,
,,,-31.36000037E-3,4.55999994,
,,,-31.31999820E-3,4.51999998,
,,,-31.27999976E-3,4.55999994,
,,,-31.23999946E-3,4.51999998,
,,,-31.19999915E-3,4.51999998,
,,,-31.15999885E-3,4.51999998,
,,,-31.11999854E-3,4.51999998,
,,,-31.07999824E-3,4.48000002,
,,,-31.03999980E-3,4.48000002,
,,,-30.99999949E-3,4.44000006,
,,,-30.95999919E-3,4.48000002,
,,,-30.91999888E-3,4.44000006,
,,,-30.87999858E-3,4.40000010,
,,,-30.83999828E-3,4.44000006,
,,,-30.79999983E-3,4.40000010,
,,,-30.75999953E-3,4.40000010,
,,,-30.71999922E-3,4.36000013,
,,,-30.67999892E-3,4.36000013,
,,,-30.63999861E-3,4.36000013,
,,,-30.59999831E-3,4.36000013,
,,,-30.55999801E-3,4.31999969,
,,,-30.51999956E-3,4.31999969,
,,,-30.47999926E-3,4.27999973,
,,,-30.43999895E-3,4.31999969,
,,,-30.39999865E-3,4.27999973,
,,,-30.35999835E-3,4.31999969,
,,,-30.31999804E-3,4.27999973,
,,,-30.27999960E-3,4.27999973,
,,,-30.23999929E-3,4.27999973,
,,,-30.19999899E-3,4.23999977,
,,,-30.15999869E-3,4.23999977,
,,,-30.11999838E-3,4.23999977,
,,,-30.07999808E-3,4.23999977,
,,,-30.03999963E-3,4.23999977,
,,,-29.99999933E-3,4.23999977,
,,,-29.95999902E-3,4.23999977,
,,,-29.91999872E-3,4.23999977,
,,,-29.87999842E-3,4.23999977,
,,,-29.83999811E-3,4.23999977,
,,,-29.79999967E-3,4.27999973,
,,,-29.75999936E-3,4.23999977,
,,,-29.71999906E-3,4.27999973,
,,,-29.67999876E-3,4.27999973,
,,,-29.63999845E-3,4.23999977,
,,,-29.59999815E-3,4.27999973,
,,,-29.55999970E-3,4.27999973,
,,,-29.51999940E-3,4.31999969,
,,,-29.47999910E-3,4.31999969,
,,,-29.43999879E-3,4.31999969,
,,,-29.39999849E-3,4.36000013,
,,,-29.35999818E-3,4.31999969,
,,,-29.31999974E-3,4.36000013,
,,,-29.27999943E-3,4.36000013,
,,,-29.23999913E-3,4.36000013,
,,,-29.19999883E-3,4.44000006,
,,,-29.15999852E-3,4.40000010,
,,,-29.11999822E-3,4.44000006,
,,,-29.07999977E-3,4.44000006,
,,,-29.03999947E-3,4.48000002,
,,,-28.99999917E-3,4.48000002,
,,,-28.95999886E-3,4.51999998,
,,,-28.91999856E-3,4.51999998,
,,,-28.87999825E-3,4.55999994,
,,,-28.83999981E-3,4.55999994,
,,,-28.79999951E-3,4.59999990,
,,,-28.75999920E-3,4.59999990,
,,,-28.71999890E-3,4.59999990,
,,,-28.67999859E-3,4.67999983,
,,,-28.63999829E-3,4.67999983,
,,,-28.59999985E-3,4.71999979,
,,,-28.55999954E-3,4.71999979,
,,,-28.51999924E-3,4.71999979,
,,,-28.47999893E-3,4.75999975,
,,,-28.43999863E-3,4.75999975,
,,,-28.39999832E-3,4.79999971,
,,,-28.35999988E-3,4.83999968,
,,,-28.31999958E-3,4.83999968,
,,,-28.27999927E-3,4.88000011,
,,,-28.23999897E-3,4.88000011,
,,,-28.19999866E-3,4.92000008,
,,,-28.15999836E-3,4.96000004,
,,,-28.11999992E-3,4.96000004,
,,,-28.07999961E-3,4.96000004,
,,,-28.03999931E-3,5.00000000,
,,,-27.99999900E-3,5.00000000,
,,,-27.95999870E-3,5.03999996,
,,,-27.91999839E-3,5.07999992,
,,,-27.87999809E-3,5.11999989,
,,,-27.83999965E-3,5.11999989,
,,,-27.79999934E-3,5.11999989,
,,,-27.75999904E-3,5.15999985,
,,,-27.71999873E-3,5.15999985,
,,,-27.67999843E-3,5.19999981,
,,,-27.63999812E-3,5.23999977,
,,,-27.59999968E-3,5.27999973,
,,,-27.55999938E-3,5.27999973,
,,,-27.51999907E-3,5.31999969,
,,,-27.47999877E-3,5.31999969,
,,,-27.43999846E-3,5.31999969,
,,,-27.39999816E-3,5.35999966,
,,,-27.35999972E-3,5.35999966,
,,,-27.31999941E-3,5.40000010,
,,,-27.27999911E-3,5.40000010,
,,,-27.23999880E-3,5.44000006,
,,,-27.19999850E-3,5.44000006,
,,,-27.15999819E-3,5.48000002,
,,,-27.11999975E-3,5.48000002,
,,,-27.07999945E-3,5.51999998,
,,,-27.03999914E-3,5.51999998,
,,,-26.99999884E-3,5.51999998,
,,,-26.95999853E-3,5.55999994,
,,,-26.91999823E-3,5.55999994,
,,,-26.87999979E-3,5.59999990,
,,,-26.83999948E-3,5.63999987,
,,,-26.79999918E-3,5.63999987,
,,,-26.75999887E-3,5.63999987,
,,,-26.71999857E-3,5.67999983,
,,,-26.67999826E-3,5.71999979,
,,,-26.63999982E-3,5.71999979,
,,,-26.59999952E-3,5.71999979,
,,,-26.55999921E-3,5.75999975,
,,,-26.51999891E-3,5.75999975,
,,,-26.47999860E-3,5.79999971,
,,,-26.43999830E-3,5.79999971,
,,,-26.39999986E-3,5.79999971,
,,,-26.35999955E-3,5.83999968,
,,,-26.31999925E-3,5.87999964,
,,,-26.27999894E-3,5.87999964,
,,,-26.23999864E-3,5.87999964,
,,,-26.19999833E-3,5.87999964,
,,,-26.15999989E-3,5.92000008,
,,,-26.11999959E-3,5.92000008,
,,,-26.07999928E-3,5.92000008,
,,,-26.03999898E-3,5.96000004,
,,,-25.99999867E-3,6.00000000,
,,,-25.95999837E-3,6.00000000,
,,,-25.91999993E-3,6.00000000,
,,,-25.87999962E-3,6.03999996,
,,,-25.83999932E-3,6.03999996,
,,,-25.79999901E-3,6.03999996,
,,,-25.75999871E-3,6.07999992,
,,,-25.71999840E-3,6.03999996,
,,,-25.67999996E-3,6.11999989,
,,,-25.63999966E-3,6.11999989,
,,,-25.59999935E-3,6.11999989,
,,,-25.55999905E-3,6.11999989,
,,,-25.51999874E-3,6.11999989,
,,,-25.47999844E-3,6.11999989,
,,,-25.44000000E-3,6.11999989,
,,,-25.39999969E-3,6.15999985,
,,,-25.35999939E-3,6.19999981,
,,,-25.31999908E-3,6.19999981,
,,,-25.27999878E-3,6.19999981,
,,,-25.23999847E-3,6.19999981,
,,,-25.19999817E-3,6.19999981,
,,,-25.15999973E-3,6.19999981,
,,,-25.11999942E-3,6.23999977,
,,,-25.07999912E-3,6.19999981,
,,,-25.03999881E-3,6.23999977,
,,,-24.99999851E-3,6.27999973,
,,,-24.95999821E-3,6.23999977,
,,,-24.91999976E-3,6.23999977,
,,,-24.87999946E-3,6.27999973,
,,,-24.83999915E-3,6.27999973,
,,,-24.79999885E-3,6.27999973,
,,,-24.75999855E-3,6.27999973,
,,,-24.71999824E-3,6.31999969,
,,,-24.67999980E-3,6.31999969,
,,,-24.63999949E-3,6.31999969,
,,,-24.59999919E-3,6.31999969,
,,,-24.55999888E-3,6.31999969,
,,,-24.51999858E-3,6.35999966,
,,,-24.47999828E-3,6.31999969,
,,,-24.43999983E-3,6.31999969,
,,,-24.39999953E-3,6.35999966,
,,,-24.35999922E-3,6.35999966,
,,,-24.31999892E-3,6.31999969,
,,,-24.27999862E-3,6.35999966,
,,,-24.23999831E-3,6.35999966,
,,,-24.19999987E-3,6.35999966,
,,,-24.15999956E-3,6.39999962,
,,,-24.11999926E-3,6.39999962,
,,,-24.07999896E-3,6.35999966,
,,,-24.03999865E-3,6.35999966,
,,,-23.99999835E-3,6.35999966,
,,,-23.95999990E-3,6.39999962,
,,,-23.91999960E-3,6.39999962,
,,,-23.87999929E-3,6.39999962,
,,,-23.83999899E-3,6.39999962,
,,,-23.79999869E-3,6.39999962,
,,,-23.75999838E-3,6.39999962,
,,,-23.71999994E-3,6.39999962,
,,,-23.67999963E-3,6.39999962,
,,,-23.63999933E-3,6.39999962,
,,,-23.59999903E-3,6.39999962,
,,,-23.55999872E-3,6.44000006,
,,,-23.51999842E-3,6.39999962,
,,,-23.47999997E-3,6.39999962,
,,,-23.43999967E-3,6.39999962,
,,,-23.39999937E-3,6.44000006,
,,,-23.35999906E-3,6.39999962,
,,,-23.31999876E-3,6.39999962,
,,,-23.27999845E-3,6.39999962,
,,,-23.24000001E-3,6.44000006,
,,,-23.19999970E-3,6.39999962,
,,,-23.15999940E-3,6.44000006,
,,,-23.11999910E-3,6.39999962,
,,,-23.07999879E-3,6.39999962,
,,,-23.03999849E-3,6.39999962,
,,,-23.00000004E-3,6.39999962,
,,,-22.95999974E-3,6.39999962,
,,,-22.91999944E-3,6.39999962,
,,,-22.87999913E-3,6.44000006,
,,,-22.83999883E-3,6.44000006,
,,,-22.79999852E-3,6.44000006,
,,,-22.75999822E-3,6.44000006,
,,,-22.71999978E-3,6.39999962,
,,,-22.67999947E-3,6.39999962,
,,,-22.63999917E-3,6.44000006,
,,,-22.59999886E-3,6.39999962,
,,,-22.55999856E-3,6.39999962,
,,,-22.51999825E-3,6.44000006,
,,,-22.47999981E-3,6.44000006,
,,,-22.43999951E-3,6.44000006,
,,,-22.39999920E-3,6.44000006,
,,,-22.35999890E-3,6.44000006,
,,,-22.31999859E-3,6.39999962,
,,,-22.27999829E-3,6.39999962,
,,,-22.23999985E-3,6.39999962,
,,,-22.19999954E-3,6.44000006,
,,,-22.15999924E-3,6.44000006,
,,,-22.11999893E-3,6.44000006,
,,,-22.07999863E-3,6.44000006,
,,,-22.03999832E-3,6.39999962,
,,,-21.99999988E-3,6.39999962,
,,,-21.95999958E-3,6.39999962,
,,,-21.91999927E-3,6.39999962,
,,,-21.87999897E-3,6.39999962,
,,,-21.83999866E-3,6.44000006,
,,,-21.79999836E-3,6.44000006,
,,,-21.75999992E-3,6.44000006,
,,,-21.71999961E-3,6.44000006,
,,,-21.67999931E-3,6.39999962,
,,,-21.63999900E-3,6.39999962,
,,,-21.59999870E-3,6.44000006,
,,,-21.55999839E-3,6.39999962,
,,,-21.51999995E-3,6.44000006,
,,,-21.47999965E-3,6.39999962,
,,,-21.43999934E-3,6.44000006,
,,,-21.39999904E-3,6.44000006,
,,,-21.35999873E-3,6.39999962,
,,,-21.31999843E-3,6.39999962,
,,,-21.27999999E-3,6.39999962,
,,,-21.23999968E-3,6.39999962,
,,,-21.19999938E-3,6.44000006,
,,,-21.15999907E-3,6.44000006,
,,,-21.11999877E-3,6.39999962,
,,,-21.07999846E-3,6.39999962,
,,,-21.04000002E-3,6.39999962,
,,,-20.99999972E-3,6.39999962,
,,,-20.95999941E-3,6.39999962,
,,,-20.91999911E-3,6.39999962,
,,,-20.87999880E-3,6.39999962,
,,,-20.83999850E-3,6.44000006,
,,,-20.80000006E-3,6.39999962,
,,,-20.75999975E-3,6.39999962,
,,,-20.71999945E-3,6.39999962,
,,,-20.67999914E-3,6.39999962,
,,,-20.63999884E-3,6.39999962,
,,,-20.59999853E-3,6.39999962,
,,,-20.56000009E-3,6.39999962,
,,,-20.51999979E-3,6.44000006,
,,,-20.47999948E-3,6.39999962,
,,,-20.43999918E-3,6.39999962,
,,,-20.39999887E-3,6.39999962,
,,,-20.35999857E-3,6.39999962,
,,,-20.31999826E-3,6.39999962,
,,,-20.27999982E-3,6.39999962,
,,,-20.23999952E-3,6.39999962,
,,,-20.19999921E-3,6.39999962,
,,,-20.15999891E-3,6.39999962,
,,,-20.11999860E-3,6.39999962,
,,,-20.0799983E-3,6.39999962,
,,,-20.0399999E-3,6.39999962,
,,,-19.9999996E-3,6.39999962,
,,,-19.9599992E-3,6.39999962,
,,,-19.9199989E-3,6.35999966,
,,,-19.8799986E-3,6.39999962,
,,,-19.8399983E-3,6.39999962,
,,,-19.7999999E-3,6.39999962,
,,,-19.7599996E-3,6.39999962,
,,,-19.7199993E-3,6.39999962,
,,,-19.6799990E-3,6.39999962,
,,,-19.6399987E-3,6.39999962,
,,,-19.5999984E-3,6.39999962,
,,,-19.5599999E-3,6.39999962,
,,,-19.5199996E-3,6.39999962,
,,,-19.4799993E-3,6.39999962,
,,,-19.4399990E-3,6.35999966,
,,,-19.3999987E-3,6.39999962,
,,,-19.3599984E-3,6.35999966,
,,,-19.3200000E-3,6.39999962,
,,,-19.2799997E-3,6.39999962,
,,,-19.2399994E-3,6.39999962,
,,,-19.1999990E-3,6.39999962,
,,,-19.1599987E-3,6.35999966,
,,,-19.1199984E-3,6.39999962,
,,,-19.0800000E-3,6.39999962,
,,,-19.0399997E-3,6.35999966,
,,,-18.9999994E-3,6.35999966,
,,,-18.9599991E-3,6.39999962,
,,,-18.9199988E-3,6.39999962,
,,,-18.8799985E-3,6.35999966,
,,,-18.8400000E-3,6.39999962,
,,,-18.7999997E-3,6.39999962,
,,,-18.7599994E-3,6.35999966,
,,,-18.7199991E-3,6.35999966,
,,,-18.6799988E-3,6.39999962,
,,,-18.6399985E-3,6.39999962,
,,,-18.6000001E-3,6.35999966,
,,,-18.5599998E-3,6.35999966,
,,,-18.5199995E-3,6.35999966,
,,,-18.4799992E-3,6.35999966,
,,,-18.4399989E-3,6.35999966,
,,,-18.3999985E-3,6.39999962,
,,,-18.3600001E-3,6.35999966,
,,,-18.3199998E-3,6.39999962,
,,,-18.2799995E-3,6.35999966,
,,,-18.2399992E-3,6.39999962,
,,,-18.1999989E-3,6.35999966,
,,,-18.1599986E-3,6.39999962,
,,,-18.1200001E-3,6.39999962,
,,,-18.0799998E-3,6.35999966,
,,,-18.0399995E-3,6.35999966,
,,,-17.9999992E-3,6.35999966,
,,,-17.9599989E-3,6.35999966,
,,,-17.9199986E-3,6.35999966,
,,,-17.8800002E-3,6.35999966,
,,,-17.8399999E-3,6.35999966,
,,,-17.7999996E-3,6.35999966,
,,,-17.7599993E-3,6.35999966,
,,,-17.7199990E-3,6.35999966,
,,,-17.6799987E-3,6.35999966,
,,,-17.6399983E-3,6.35999966,
,,,-17.5999999E-3,6.35999966,
,,,-17.5599996E-3,6.35999966,
,,,-17.5199993E-3,6.35999966,
,,,-17.4799990E-3,6.35999966,
,,,-17.4399987E-3,6.35999966,
,,,-17.3999984E-3,6.35999966,
,,,-17.3599999E-3,6.31999969,
,,,-17.3199996E-3,6.35999966,
,,,-17.2799993E-3,6.35999966,
,,,-17.2399990E-3,6.35999966,
,,,-17.1999987E-3,6.31999969,
,,,-17.1599984E-3,6.35999966,
,,,-17.1200000E-3,6.31999969,
,,,-17.0799997E-3,6.31999969,
,,,-17.0399994E-3,6.35999966,
,,,-16.9999991E-3,6.31999969,
,,,-16.9599988E-3,6.31999969,
,,,-16.9199985E-3,6.35999966,
,,,-16.8800000E-3,6.35999966,
,,,-16.8399997E-3,6.31999969,
,,,-16.7999994E-3,6.35999966,
,,,-16.7599991E-3,6.35999966,
,,,-16.7199988E-3,6.35999966,
,,,-16.6799985E-3,6.35999966,
,,,-16.6400000E-3,6.31999969,
,,,-16.5999997E-3,6.35999966,
,,,-16.5599994E-3,6.35999966,
,,,-16.5199991E-3,6.31999969,
,,,-16.4799988E-3,6.35999966,
,,,-16.4399985E-3,6.31999969,
,,,-16.4000001E-3,6.35999966,
,,,-16.3599998E-3,6.31999969,
,,,-16.3199995E-3,6.35999966,
,,,-16.2799992E-3,6.31999969,
,,,-16.2399989E-3,6.31999969,
,,,-16.1999986E-3,6.31999969,
,,,-16.1600001E-3,6.31999969,
,,,-16.1199998E-3,6.31999969,
,,,-16.0799995E-3,6.31999969,
,,,-16.0399992E-3,6.35999966,
,,,-15.9999989E-3,6.31999969,
,,,-15.9599986E-3,6.31999969,
,,,-15.9200002E-3,6.31999969,
,,,-15.8799998E-3,6.31999969,
,,,-15.8399995E-3,6.31999969,
,,,-15.7999992E-3,6.31999969,
,,,-15.7599989E-3,6.31999969,
,,,-15.7199986E-3,6.27999973,
,,,-15.6800002E-3,6.31999969,
,,,-15.6399999E-3,6.31999969,
,,,-15.5999996E-3,6.31999969,
,,,-15.5599993E-3,6.31999969,
,,,-15.5199990E-3,6.31999969,
,,,-15.4799996E-3,6.31999969,
,,,-15.4399993E-3,6.31999969,
,,,-15.3999990E-3,6.31999969,
,,,-15.3599996E-3,6.31999969,
,,,-15.3199993E-3,6.31999969,
,,,-15.2799990E-3,6.27999973,
,,,-15.2399996E-3,6.27999973,
,,,-15.1999993E-3,6.31999969,
,,,-15.1599990E-3,6.31999969,
,,,-15.1199996E-3,6.31999969,
,,,-15.0799993E-3,6.31999969,
,,,-15.0399990E-3,6.31999969,
,,,-14.9999997E-3,6.31999969,
,,,-14.9599994E-3,6.27999973,
,,,-14.9199991E-3,6.27999973,
,,,-14.8799997E-3,6.27999973,
,,,-14.8399994E-3,6.27999973,
,,,-14.7999991E-3,6.27999973,
,,,-14.7599997E-3,6.27999973,
,,,-14.7199994E-3,6.27999973,
,,,-14.6799991E-3,6.31999969,
,,,-14.6399997E-3,6.27999973,
,,,-14.5999994E-3,6.27999973,
,,,-14.5599991E-3,6.27999973,
,,,-14.5199997E-3,6.31999969,
,,,-14.4799994E-3,6.27999973,
,,,-14.4399991E-3,6.31999969,
,,,-14.3999998E-3,6.27999973,
,,,-14.3599994E-3,6.27999973,
,,,-14.3199991E-3,6.27999973,
,,,-14.2799998E-3,6.27999973,
,,,-14.2399995E-3,6.27999973,
,,,-14.1999992E-3,6.27999973,
,,,-14.1599998E-3,6.27999973,
,,,-14.1199995E-3,6.27999973,
,,,-14.0799992E-3,6.27999973,
,,,-14.0399998E-3,6.27999973,
,,,-13.9999995E-3,6.27999973,
,,,-13.9599992E-3,6.27999973,
,,,-13.9199998E-3,6.27999973,
,,,-13.8799995E-3,6.27999973,
,,,-13.8399992E-3,6.27999973,
,,,-13.7999989E-3,6.27999973,
,,,-13.7599995E-3,6.27999973,
,,,-13.7199992E-3,6.27999973,
,,,-13.6799989E-3,6.27999973,
,,,-13.6399996E-3,6.27999973,
,,,-13.5999992E-3,6.23999977,
,,,-13.5599989E-3,6.27999973,
,,,-13.5199996E-3,6.23999977,
,,,-13.4799993E-3,6.27999973,
,,,-13.4399990E-3,6.27999973,
,,,-13.3999996E-3,6.23999977,
,,,-13.3599993E-3,6.27999973,
,,,-13.3199990E-3,6.27999973,
,,,-13.2799996E-3,6.27999973,
,,,-13.2399993E-3,6.27999973,
,,,-13.1999990E-3,6.27999973,
,,,-13.1599996E-3,6.27999973,
,,,-13.1199993E-3,6.23999977,
,,,-13.0799990E-3,6.27999973,
,,,-13.0399996E-3,6.27999973,
,,,-12.9999993E-3,6.23999977,
,,,-12.9599990E-3,6.27999973,
,,,-12.9199997E-3,6.27999973,
,,,-12.8799994E-3,6.23999977,
,,,-12.8399990E-3,6.27999973,
,,,-12.7999997E-3,6.23999977,
,,,-12.7599994E-3,6.23999977,
,,,-12.7199991E-3,6.23999977,
,,,-12.6799997E-3,6.23999977,
,,,-12.6399994E-3,6.23999977,
,,,-12.5999991E-3,6.23999977,
,,,-12.5599997E-3,6.23999977,
,,,-12.5199994E-3,6.23999977,
,,,-12.4799991E-3,6.27999973,
,,,-12.4399997E-3,6.23999977,
,,,-12.3999994E-3,6.23999977,
,,,-12.3599991E-3,6.19999981,
,,,-12.3199997E-3,6.23999977,
,,,-12.2799994E-3,6.23999977,
,,,-12.2399991E-3,6.23999977,
,,,-12.1999998E-3,6.23999977,
,,,-12.1599995E-3,6.19999981,
,,,-12.1199992E-3,6.23999977,
,,,-12.0799998E-3,6.19999981,
,,,-12.0399995E-3,6.19999981,
,,,-11.9999992E-3,6.23999977,
,,,-11.9599998E-3,6.23999977,
,,,-11.9199995E-3,6.19999981,
,,,-11.8799992E-3,6.19999981,
,,,-11.8399998E-3,6.23999977,
,,,-11.7999995E-3,6.19999981,
,,,-11.7599992E-3,6.19999981,
,,,-11.7199998E-3,6.19999981,
,,,-11.6799995E-3,6.23999977,
,,,-11.6399992E-3,6.23999977,
,,,-11.5999999E-3,6.19999981,
,,,-11.5599995E-3,6.19999981,
,,,-11.5199992E-3,6.15999985,
,,,-11.4799999E-3,6.19999981,
,,,-11.4399996E-3,6.19999981,
,,,-11.3999993E-3,6.19999981,
,,,-11.3599990E-3,6.19999981,
,,,-11.3199996E-3,6.23999977,
,,,-11.2799993E-3,6.19999981,
,,,-11.2399990E-3,6.19999981,
,,,-11.1999996E-3,6.19999981,
,,,-11.1599993E-3,6.19999981,
,,,-11.1199990E-3,6.19999981,
,,,-11.0799996E-3,6.19999981,
,,,-11.0399993E-3,6.19999981,
,,,-10.9999990E-3,6.19999981,
,,,-10.9599996E-3,6.23999977,
,,,-10.9199993E-3,6.19999981,
,,,-10.8799990E-3,6.15999985,
,,,-10.8399997E-3,6.19999981,
,,,-10.7999993E-3,6.19999981,
,,,-10.7599990E-3,6.15999985,
,,,-10.7199997E-3,6.15999985,
,,,-10.6799994E-3,6.15999985,
,,,-10.6399991E-3,6.19999981,
,,,-10.5999997E-3,6.15999985,
,,,-10.5599994E-3,6.15999985,
,,,-10.5199991E-3,6.15999985,
,,,-10.4799997E-3,6.15999985,
,,,-10.4399994E-3,6.15999985,
,,,-10.3999991E-3,6.15999985,
,,,-10.3599997E-3,6.15999985,
,,,-10.3199994E-3,6.15999985,
,,,-10.2799991E-3,6.15999985,
,,,-10.2399997E-3,6.15999985,
,,,-10.1999994E-3,6.15999985,
,,,-10.1599991E-3,6.15999985,
,,,-10.1199998E-3,6.15999985,
,,,-10.0799995E-3,6.15999985,
,,,-10.0399991E-3,6.11999989,
,,,-9.999999776E-3,6.11999989,
,,,-9.959999472E-3,6.11999989,
,,,-9.919999167E-3,6.11999989,
,,,-9.879999794E-3,6.11999989,
,,,-9.839999489E-3,6.11999989,
,,,-9.799999185E-3,6.11999989,
,,,-9.759999812E-3,6.15999985,
,,,-9.719999507E-3,6.11999989,
,,,-9.679999202E-3,6.11999989,
,,,-9.639999829E-3,6.11999989,
,,,-9.599999525E-3,6.11999989,
,,,-9.559999220E-3,6.11999989,
,,,-9.519999847E-3,6.11999989,
,,,-9.479999542E-3,6.11999989,
,,,-9.439999238E-3,6.11999989,
,,,-9.399999864E-3,6.11999989,
,,,-9.359999560E-3,6.11999989,
,,,-9.319999255E-3,6.11999989,
,,,-9.279999882E-3,6.11999989,
,,,-9.239999577E-3,6.07999992,
,,,-9.199999273E-3,6.07999992,
,,,-9.159999900E-3,6.07999992,
,,,-9.119999595E-3,6.07999992,
,,,-9.079999290E-3,6.07999992,
,,,-9.039999917E-3,6.07999992,
,,,-8.999999613E-3,6.07999992,
,,,-8.959999308E-3,6.07999992,
,,,-8.919999935E-3,6.07999992,
,,,-8.879999630E-3,6.03999996,
,,,-8.839999326E-3,6.07999992,
,,,-8.799999952E-3,6.07999992,
,,,-8.759999648E-3,6.03999996,
,,,-8.719999343E-3,6.03999996,
,,,-8.679999039E-3,6.07999992,
,,,-8.639999665E-3,6.00000000,
,,,-8.599999361E-3,6.03999996,
,,,-8.559999056E-3,6.00000000,
,,,-8.519999683E-3,6.03999996,
,,,-8.479999378E-3,6.00000000,
,,,-8.439999074E-3,6.00000000,
,,,-8.399999700E-3,6.00000000,
,,,-8.359999396E-3,6.00000000,
,,,-8.319999091E-3,6.00000000,
,,,-8.279999718E-3,6.00000000,
,,,-8.239999413E-3,6.00000000,
,,,-8.199999109E-3,5.96000004,
,,,-8.159999736E-3,5.96000004,
,,,-8.119999431E-3,5.92000008,
,,,-8.079999126E-3,5.96000004,
,,,-8.039999753E-3,5.92000008,
,,,-7.999999449E-3,5.96000004,
,,,-7.959999144E-3,5.92000008,
,,,-7.919999771E-3,5.92000008,
,,,-7.879999466E-3,5.92000008,
,,,-7.839999162E-3,5.87999964,
,,,-7.799999323E-3,5.87999964,
,,,-7.759999484E-3,5.87999964,
,,,-7.719999645E-3,5.87999964,
,,,-7.679999340E-3,5.87999964,
,,,-7.639999501E-3,5.83999968,
,,,-7.599999662E-3,5.87999964,
,,,-7.559999358E-3,5.83999968,
,,,-7.519999519E-3,5.79999971,
,,,-7.479999680E-3,5.79999971,
,,,-7.439999375E-3,5.79999971,
,,,-7.399999537E-3,5.83999968,
,,,-7.35999970E-3,5.79999971,
,,,-7.31999939E-3,5.79999971,
,,,-7.27999955E-3,5.75999975,
,,,-7.23999972E-3,5.75999975,
,,,-7.19999941E-3,5.75999975,
,,,-7.15999957E-3,5.75999975,
,,,-7.11999973E-3,5.75999975,
,,,-7.07999943E-3,5.71999979,
,,,-7.03999959E-3,5.67999983,
,,,-6.99999975E-3,5.71999979,
,,,-6.95999945E-3,5.67999983,
,,,-6.91999961E-3,5.67999983,
,,,-6.87999930E-3,5.63999987,
,,,-6.83999946E-3,5.67999983,
,,,-6.79999962E-3,5.63999987,
,,,-6.75999932E-3,5.59999990,
,,,-6.71999948E-3,5.59999990,
,,,-6.67999964E-3,5.55999994,
,,,-6.63999934E-3,5.59999990,
,,,-6.59999950E-3,5.55999994,
,,,-6.55999966E-3,5.51999998,
,,,-6.51999936E-3,5.51999998,
,,,-6.47999952E-3,5.51999998,
,,,-6.43999968E-3,5.48000002,
,,,-6.39999937E-3,5.48000002,
,,,-6.35999953E-3,5.48000002,
,,,-6.31999969E-3,5.48000002,
,,,-6.27999939E-3,5.48000002,
,,,-6.23999955E-3,5.44000006,
,,,-6.19999971E-3,5.44000006,
,,,-6.15999941E-3,5.40000010,
,,,-6.11999957E-3,5.40000010,
,,,-6.07999973E-3,5.35999966,
,,,-6.03999943E-3,5.35999966,
,,,-5.99999959E-3,5.31999969,
,,,-5.95999975E-3,5.31999969,
,,,-5.91999944E-3,5.31999969,
,,,-5.87999960E-3,5.27999973,
,,,-5.83999977E-3,5.27999973,
,,,-5.79999946E-3,5.23999977,
,,,-5.75999962E-3,5.19999981,
,,,-5.71999978E-3,5.19999981,
,,,-5.67999948E-3,5.19999981,
,,,-5.63999964E-3,5.15999985,
,,,-5.59999980E-3,5.11999989,
,,,-5.55999950E-3,5.11999989,
,,,-5.51999966E-3,5.11999989,
,,,-5.47999935E-3,5.11999989,
,,,-5.43999951E-3,5.03999996,
,,,-5.39999967E-3,5.07999992,
,,,-5.35999937E-3,5.00000000,
,,,-5.31999953E-3,5.00000000,
,,,-5.27999969E-3,4.96000004,
,,,-5.23999939E-3,4.96000004,
,,,-5.19999955E-3,4.96000004,
,,,-5.15999971E-3,4.92000008,
,,,-5.11999940E-3,4.92000008,
,,,-5.07999957E-3,4.88000011,
,,,-5.03999973E-3,4.88000011,
,,,-4.99999942E-3,4.83999968,
,,,-4.95999958E-3,4.83999968,
,,,-4.91999974E-3,4.83999968,
,,,-4.87999944E-3,4.79999971,
,,,-4.83999960E-3,4.79999971,
,,,-4.79999976E-3,4.75999975,
,,,-4.75999946E-3,4.75999975,
,,,-4.71999962E-3,4.71999979,
,,,-4.67999978E-3,4.71999979,
,,,-4.63999948E-3,4.71999979,
,,,-4.59999964E-3,4.67999983,
,,,-4.55999980E-3,4.67999983,
,,,-4.51999949E-3,4.67999983,
,,,-4.47999965E-3,4.63999987,
,,,-4.43999982E-3,4.63999987,
,,,-4.39999951E-3,4.59999990,
,,,-4.35999967E-3,4.59999990,
,,,-4.31999937E-3,4.59999990,
,,,-4.27999953E-3,4.59999990,
,,,-4.23999969E-3,4.55999994,
,,,-4.19999938E-3,4.55999994,
,,,-4.15999955E-3,4.51999998,
,,,-4.11999971E-3,4.51999998,
,,,-4.07999940E-3,4.51999998,
,,,-4.03999956E-3,4.51999998,
,,,-3.99999972E-3,4.48000002,
,,,-3.95999942E-3,4.48000002,
,,,-3.91999958E-3,4.44000006,
,,,-3.87999951E-3,4.44000006,
,,,-3.83999967E-3,4.44000006,
,,,-3.79999960E-3,4.44000006,
,,,-3.75999953E-3,4.44000006,
,,,-3.71999969E-3,4.44000006,
,,,-3.67999962E-3,4.44000006,
,,,-3.63999954E-3,4.48000002,
,,,-3.59999971E-3,4.44000006,
,,,-3.55999963E-3,4.44000006,
,,,-3.51999956E-3,4.44000006,
,,,-3.47999972E-3,4.40000010,
,,,-3.43999965E-3,4.44000006,
,,,-3.39999958E-3,4.44000006,
,,,-3.35999951E-3,4.44000006,
,,,-3.31999967E-3,4.48000002,
,,,-3.27999960E-3,4.48000002,
,,,-3.23999953E-3,4.48000002,
,,,-3.19999969E-3,4.51999998,
,,,-3.15999961E-3,4.51999998,
,,,-3.11999954E-3,4.55999994,
,,,-3.07999970E-3,4.55999994,
,,,-3.03999963E-3,4.59999990,
,,,-2.99999956E-3,4.59999990,
,,,-2.95999972E-3,4.59999990,
,,,-2.91999965E-3,4.59999990,
,,,-2.87999958E-3,4.63999987,
,,,-2.83999974E-3,4.59999990,
,,,-2.79999967E-3,4.59999990,
,,,-2.75999960E-3,4.63999987,
,,,-2.71999976E-3,4.63999987,
,,,-2.6799997E-3,4.67999983,
,,,-2.6399996E-3,4.63999987,
,,,-2.5999995E-3,4.67999983,
,,,-2.5599997E-3,4.67999983,
,,,-2.5199996E-3,4.67999983,
,,,-2.4799996E-3,4.71999979,
,,,-2.4399997E-3,4.71999979,
,,,-2.3999996E-3,4.71999979,
,,,-2.3599996E-3,4.75999975,
,,,-2.3199997E-3,4.71999979,
,,,-2.2799997E-3,4.75999975,
,,,-2.2399996E-3,4.79999971,
,,,-2.1999998E-3,4.79999971,
,,,-2.1599997E-3,4.83999968,
,,,-2.1199996E-3,4.83999968,
,,,-2.0799995E-3,4.79999971,
,,,-2.0399997E-3,4.79999971,
,,,-1.9999996E-3,4.83999968,
,,,-1.9599996E-3,4.83999968,
,,,-1.9199997E-3,4.83999968,
,,,-1.8799996E-3,4.79999971,
,,,-1.8399997E-3,4.79999971,
,,,-1.7999996E-3,4.79999971,
,,,-1.7599997E-3,4.79999971,
,,,-1.7199997E-3,4.75999975,
,,,-1.6799996E-3,4.79999971,
,,,-1.6399997E-3,4.75999975,
,,,-1.5999996E-3,4.71999979,
,,,-1.5599997E-3,4.71999979,
,,,-1.5199997E-3,4.75999975,
,,,-1.4799996E-3,4.71999979,
,,,-1.4399997E-3,4.75999975,
,,,-1.3999997E-3,4.71999979,
,,,-1.3599996E-3,4.71999979,
,,,-1.3199997E-3,4.71999979,
,,,-1.2799997E-3,4.71999979,
,,,-1.2399997E-3,4.71999979,
,,,-1.1999997E-3,4.71999979,
,,,-1.1599996E-3,4.71999979,
,,,-1.1199997E-3,4.71999979,
,,,-1.0799997E-3,4.71999979,
,,,-1.0399997E-3,4.75999975,
,,,-999.999698251E-6,4.71999979,
,,,-959.999684710E-6,4.75999975,
,,,-919.999671169E-6,4.75999975,
,,,-879.999715835E-6,4.75999975,
,,,-839.999702293E-6,4.75999975,
,,,-799.999688752E-6,4.75999975,
,,,-759.999675211E-6,4.79999971,
,,,-719.999661669E-6,4.79999971,
,,,-679.999706335E-6,4.79999971,
,,,-639.999692794E-6,4.83999968,
,,,-599.999679253E-6,4.83999968,
,,,-559.999723919E-6,4.83999968,
,,,-519.999710377E-6,4.83999968,
,,,-479.999696836E-6,4.83999968,
,,,-439.999683294E-6,4.83999968,
,,,-399.99969886E-6,4.92000008,
,,,-359.99971442E-6,4.88000011,
,,,-319.99970088E-6,4.88000011,
,,,-279.99968734E-6,4.88000011,
,,,-239.99970290E-6,4.92000008,
,,,-199.99970391E-6,4.92000008,
,,,-159.99970492E-6,4.96000004,
,,,-119.9997059E-6,4.92000008,
,,,-79.999706941E-6,4.96000004,
,,,-39.99970795E-6,5.00000000,
,,,291.03830338E-12,4.96000004,
,,,40.00029003E-6,5.00000000,
,,,80.000289017E-6,5.00000000,
,,,120.0002880E-6,5.03999996,
,,,160.00028700E-6,5.00000000,
,,,200.00028599E-6,5.03999996,
,,,240.00028498E-6,5.07999992,
,,,280.00026941E-6,5.07999992,
,,,320.00028295E-6,5.07999992,
,,,360.00029650E-6,5.07999992,
,,,400.00028093E-6,5.07999992,
,,,440.000265371E-6,5.11999989,
,,,480.000278912E-6,5.15999985,
,,,520.000292454E-6,5.15999985,
,,,560.000305995E-6,5.15999985,
,,,600.000261329E-6,5.15999985,
,,,640.000274871E-6,5.19999981,
,,,680.000288412E-6,5.15999985,
,,,720.000243746E-6,5.19999981,
,,,760.000257287E-6,5.23999977,
,,,800.000270829E-6,5.23999977,
,,,840.000284370E-6,5.23999977,
,,,880.000297911E-6,5.23999977,
,,,920.000253245E-6,5.23999977,
,,,960.000266787E-6,5.31999969,
,,,1.0000003E-3,5.31999969,
,,,1.0400002E-3,5.31999969,
,,,1.0800003E-3,5.31999969,
,,,1.1200003E-3,5.35999966,
,,,1.1600002E-3,5.31999969,
,,,1.2000003E-3,5.35999966,
,,,1.2400002E-3,5.35999966,
,,,1.2800002E-3,5.35999966,
,,,1.3200003E-3,5.40000010,
,,,1.3600002E-3,5.40000010,
,,,1.4000003E-3,5.40000010,
,,,1.4400003E-3,5.40000010,
,,,1.4800002E-3,5.44000006,
,,,1.5200003E-3,5.44000006,
,,,1.5600002E-3,5.44000006,
,,,1.6000003E-3,5.44000006,
,,,1.6400003E-3,5.44000006,
,,,1.6800002E-3,5.48000002,
,,,1.7200003E-3,5.48000002,
,,,1.7600002E-3,5.48000002,
,,,1.8000002E-3,5.48000002,
,,,1.8400003E-3,5.51999998,
,,,1.8800002E-3,5.51999998,
,,,1.9200002E-3,5.51999998,
,,,1.9600003E-3,5.55999994,
,,,2.0000003E-3,5.51999998,
,,,2.0400002E-3,5.55999994,
,,,2.0800002E-3,5.55999994,
,,,2.1200003E-3,5.55999994,
,,,2.1600001E-3,5.55999994,
,,,2.2000002E-3,5.55999994,
,,,2.2400003E-3,5.55999994,
,,,2.2800001E-3,5.55999994,
,,,2.3200002E-3,5.59999990,
,,,2.3600003E-3,5.59999990,
,,,2.4000001E-3,5.59999990,
,,,2.4400002E-3,5.59999990,
,,,2.4800003E-3,5.59999990,
,,,2.5200003E-3,5.59999990,
,,,2.5600002E-3,5.63999987,
,,,2.6000002E-3,5.59999990,
,,,2.6400003E-3,5.63999987,
,,,2.6800002E-3,5.63999987,
,,,2.72000022E-3,5.63999987,
,,,2.76000029E-3,5.63999987,
,,,2.80000013E-3,5.63999987,
,,,2.84000020E-3,5.67999983,
,,,2.88000028E-3,5.63999987,
,,,2.92000012E-3,5.67999983,
,,,2.96000019E-3,5.63999987,
,,,3.00000026E-3,5.67999983,
,,,3.04000033E-3,5.67999983,
,,,3.08000017E-3,5.67999983,
,,,3.12000024E-3,5.71999979,
,,,3.16000031E-3,5.71999979,
,,,3.20000015E-3,5.71999979,
,,,3.24000022E-3,5.67999983,
,,,3.28000030E-3,5.71999979,
,,,3.32000013E-3,5.67999983,
,,,3.36000021E-3,5.75999975,
,,,3.40000028E-3,5.71999979,
,,,3.44000012E-3,5.71999979,
,,,3.48000019E-3,5.71999979,
,,,3.52000026E-3,5.75999975,
,,,3.56000010E-3,5.71999979,
,,,3.60000017E-3,5.71999979,
,,,3.64000024E-3,5.75999975,
,,,3.68000008E-3,5.71999979,
,,,3.72000015E-3,5.75999975,
,,,3.76000023E-3,5.75999975,
,,,3.80000030E-3,5.75999975,
,,,3.84000014E-3,5.75999975,
,,,3.88000021E-3,5.75999975,
,,,3.92000005E-3,5.75999975,
,,,3.96000035E-3,5.75999975,
,,,4.00000019E-3,5.75999975,
,,,4.04000003E-3,5.75999975,
,,,4.08000033E-3,5.75999975,
,,,4.12000017E-3,5.75999975,
,,,4.16000001E-3,5.75999975,
,,,4.20000032E-3,5.75999975,
,,,4.24000015E-3,5.75999975,
,,,4.27999999E-3,5.75999975,
,,,4.32000030E-3,5.75999975,
,,,4.36000014E-3,5.75999975,
,,,4.39999998E-3,5.75999975,
,,,4.44000028E-3,5.75999975,
,,,4.48000012E-3,5.75999975,
,,,4.51999996E-3,5.75999975,
,,,4.56000026E-3,5.75999975,
,,,4.60000010E-3,5.75999975,
,,,4.63999994E-3,5.79999971,
,,,4.68000025E-3,5.75999975,
,,,4.72000008E-3,5.75999975,
,,,4.76000039E-3,5.75999975,
,,,4.80000023E-3,5.75999975,
,,,4.84000007E-3,5.75999975,
,,,4.88000037E-3,5.75999975,
,,,4.92000021E-3,5.75999975,
,,,4.96000005E-3,5.79999971,
,,,5.00000035E-3,5.79999971,
,,,5.04000019E-3,5.75999975,
,,,5.08000003E-3,5.79999971,
,,,5.12000034E-3,5.75999975,
,,,5.16000018E-3,5.75999975,
,,,5.20000001E-3,5.75999975,
,,,5.24000032E-3,5.79999971,
,,,5.28000016E-3,5.79999971,
,,,5.32000000E-3,5.75999975,
,,,5.36000030E-3,5.75999975,
,,,5.40000014E-3,5.75999975,
,,,5.43999998E-3,5.75999975,
,,,5.48000028E-3,5.79999971,
,,,5.52000012E-3,5.79999971,
,,,5.55999996E-3,5.79999971,
,,,5.60000027E-3,5.75999975,
,,,5.64000010E-3,5.75999975,
,,,5.67999994E-3,5.75999975,
,,,5.72000025E-3,5.75999975,
,,,5.76000009E-3,5.79999971,
,,,5.79999993E-3,5.75999975,
,,,5.84000023E-3,5.79999971,
,,,5.88000007E-3,5.75999975,
,,,5.92000037E-3,5.79999971,
,,,5.96000021E-3,5.75999975,
,,,6.00000005E-3,5.79999971,
,,,6.04000036E-3,5.75999975,
,,,6.08000020E-3,5.75999975,
,,,6.12000003E-3,5.75999975,
,,,6.16000034E-3,5.75999975,
,,,6.20000018E-3,5.79999971,
,,,6.24000002E-3,5.75999975,
,,,6.28000032E-3,5.71999979,
,,,6.32000016E-3,5.75999975,
,,,6.36000000E-3,5.75999975,
,,,6.40000030E-3,5.75999975,
,,,6.44000014E-3,5.75999975,
,,,6.47999998E-3,5.79999971,
,,,6.52000029E-3,5.75999975,
,,,6.56000013E-3,5.75999975,
,,,6.59999996E-3,5.75999975,
,,,6.64000027E-3,5.75999975,
,,,6.68000011E-3,5.75999975,
,,,6.71999995E-3,5.75999975,
,,,6.76000025E-3,5.75999975,
,,,6.80000009E-3,5.79999971,
,,,6.83999993E-3,5.75999975,
,,,6.88000023E-3,5.79999971,
,,,6.92000007E-3,5.75999975,
,,,6.95999991E-3,5.79999971,
,,,7.00000022E-3,5.75999975,
,,,7.04000005E-3,5.75999975,
,,,7.07999989E-3,5.75999975,
,,,7.12000020E-3,5.75999975,
,,,7.16000004E-3,5.75999975,
,,,7.19999988E-3,5.75999975,
,,,7.24000018E-3,5.75999975,
,,,7.28000002E-3,5.75999975,
,,,7.32000032E-3,5.75999975,
,,,7.36000016E-3,5.75999975,
,,,7.400000002E-3,5.71999979,
,,,7.440000307E-3,5.75999975,
,,,7.480000146E-3,5.75999975,
,,,7.519999985E-3,5.75999975,
,,,7.560000289E-3,5.71999979,
,,,7.600000128E-3,5.71999979,
,,,7.639999967E-3,5.71999979,
,,,7.680000272E-3,5.75999975,
,,,7.720000111E-3,5.75999975,
,,,7.759999949E-3,5.75999975,
,,,7.800000254E-3,5.75999975,
,,,7.840000093E-3,5.71999979,
,,,7.880000398E-3,5.75999975,
,,,7.919999771E-3,5.71999979,
,,,7.960000075E-3,5.71999979,
,,,8.000000380E-3,5.75999975,
,,,8.039999753E-3,5.75999975,
,,,8.080000058E-3,5.75999975,
,,,8.120000362E-3,5.71999979,
,,,8.159999736E-3,5.71999979,
,,,8.200000040E-3,5.75999975,
,,,8.240000345E-3,5.75999975,
,,,8.279999718E-3,5.71999979,
,,,8.320000023E-3,5.71999979,
,,,8.360000327E-3,5.71999979,
,,,8.399999700E-3,5.75999975,
,,,8.440000005E-3,5.71999979,
,,,8.480000310E-3,5.71999979,
,,,8.519999683E-3,5.71999979,
,,,8.559999987E-3,5.71999979,
,,,8.600000292E-3,5.71999979,
,,,8.639999665E-3,5.75999975,
,,,8.679999970E-3,5.67999983,
,,,8.720000274E-3,5.67999983,
,,,8.759999648E-3,5.71999979,
,,,8.799999952E-3,5.71999979,
,,,8.840000257E-3,5.71999979,
,,,8.879999630E-3,5.75999975,
,,,8.919999935E-3,5.67999983,
,,,8.960000239E-3,5.71999979,
,,,8.999999613E-3,5.71999979,
,,,9.039999917E-3,5.71999979,
,,,9.080000222E-3,5.71999979,
,,,9.120000526E-3,5.71999979,
,,,9.159999900E-3,5.71999979,
,,,9.200000204E-3,5.75999975,
,,,9.240000509E-3,5.63999987,
,,,9.279999882E-3,5.67999983,
,,,9.320000187E-3,5.71999979,
,,,9.360000491E-3,5.67999983,
,,,9.399999864E-3,5.67999983,
,,,9.440000169E-3,5.71999979,
,,,9.480000474E-3,5.71999979,
,,,9.519999847E-3,5.71999979,
,,,9.560000151E-3,5.67999983,
,,,9.600000456E-3,5.71999979,
,,,9.639999829E-3,5.67999983,
,,,9.680000134E-3,5.71999979,
,,,9.720000438E-3,5.67999983,
,,,9.759999812E-3,5.67999983,
,,,9.800000116E-3,5.71999979,
,,,9.840000421E-3,5.67999983,
,,,9.879999794E-3,5.67999983,
,,,9.920000099E-3,5.71999979,
,,,9.960000403E-3,5.67999983,
,,,9.999999776E-3,5.67999983,
,,,10.0400001E-3,5.71999979,
,,,10.0800004E-3,5.67999983,
,,,10.1199998E-3,5.63999987,
,,,10.1600001E-3,5.67999983,
,,,10.2000004E-3,5.67999983,
,,,10.2399997E-3,5.67999983,
,,,10.2800000E-3,5.63999987,
,,,10.3200004E-3,5.67999983,
,,,10.3599997E-3,5.67999983,
,,,10.4000000E-3,5.67999983,
,,,10.4400003E-3,5.67999983,
,,,10.4799997E-3,5.67999983,
,,,10.5200000E-3,5.67999983,
,,,10.5600003E-3,5.67999983,
,,,10.5999997E-3,5.67999983,
,,,10.6400000E-3,5.63999987,
,,,10.6800003E-3,5.67999983,
,,,10.7199997E-3,5.67999983,
,,,10.7600000E-3,5.67999983,
,,,10.8000003E-3,5.67999983,
,,,10.8399997E-3,5.63999987,
,,,10.8800000E-3,5.67999983,
,,,10.9200003E-3,5.63999987,
,,,10.9599996E-3,5.63999987,
,,,10.9999999E-3,5.63999987,
,,,11.0400002E-3,5.63999987,
,,,11.0799996E-3,5.67999983,
,,,11.1199999E-3,5.67999983,
,,,11.1600002E-3,5.63999987,
,,,11.1999996E-3,5.63999987,
,,,11.2399999E-3,5.63999987,
,,,11.2800002E-3,5.63999987,
,,,11.3199996E-3,5.63999987,
,,,11.3599999E-3,5.63999987,
,,,11.4000002E-3,5.67999983,
,,,11.4399996E-3,5.63999987,
,,,11.4799999E-3,5.63999987,
,,,11.5200002E-3,5.63999987,
,,,11.5599995E-3,5.59999990,
,,,11.5999999E-3,5.63999987,
,,,11.6400002E-3,5.63999987,
,,,11.6799995E-3,5.63999987,
,,,11.7199998E-3,5.59999990,
,,,11.7600001E-3,5.63999987,
,,,11.8000004E-3,5.63999987,
,,,11.8399998E-3,5.63999987,
,,,11.8800001E-3,5.59999990,
,,,11.9200004E-3,5.63999987,
,,,11.9599998E-3,5.59999990,
,,,12.0000001E-3,5.63999987,
,,,12.0400004E-3,5.59999990,
,,,12.0799998E-3,5.63999987,
,,,12.1200001E-3,5.63999987,
,,,12.1600004E-3,5.59999990,
,,,12.1999998E-3,5.59999990,
,,,12.2400001E-3,5.59999990,
,,,12.2800004E-3,5.59999990,
,,,12.3199997E-3,5.59999990,
,,,12.3600001E-3,5.59999990,
,,,12.4000004E-3,5.59999990,
,,,12.4399997E-3,5.63999987,
,,,12.4800000E-3,5.63999987,
,,,12.5200003E-3,5.59999990,
,,,12.5599997E-3,5.59999990,
,,,12.6000000E-3,5.59999990,
,,,12.6400003E-3,5.59999990,
,,,12.6799997E-3,5.55999994,
,,,12.7200000E-3,5.59999990,
,,,12.7600003E-3,5.59999990,
,,,12.7999997E-3,5.59999990,
,,,12.8400000E-3,5.59999990,
,,,12.8800003E-3,5.59999990,
,,,12.9199997E-3,5.59999990,
,,,12.9600000E-3,5.63999987,
,,,13.0000003E-3,5.59999990,
,,,13.0399996E-3,5.59999990,
,,,13.0799999E-3,5.59999990,
,,,13.1200003E-3,5.59999990,
,,,13.1599996E-3,5.59999990,
,,,13.1999999E-3,5.59999990,
,,,13.2400002E-3,5.59999990,
,,,13.2799996E-3,5.59999990,
,,,13.3199999E-3,5.55999994,
,,,13.3600002E-3,5.59999990,
,,,13.3999996E-3,5.59999990,
,,,13.4399999E-3,5.59999990,
,,,13.4800002E-3,5.59999990,
,,,13.5199996E-3,5.59999990,
,,,13.5599999E-3,5.59999990,
,,,13.6000002E-3,5.55999994,
,,,13.6399996E-3,5.59999990,
,,,13.6799999E-3,5.59999990,
,,,13.7200002E-3,5.59999990,
,,,13.7599995E-3,5.55999994,
,,,13.7999998E-3,5.59999990,
,,,13.8400001E-3,5.59999990,
,,,13.8799995E-3,5.59999990,
,,,13.9199998E-3,5.55999994,
,,,13.9600001E-3,5.55999994,
,,,13.9999995E-3,5.59999990,
,,,14.0399998E-3,5.55999994,
,,,14.0800001E-3,5.55999994,
,,,14.1199995E-3,5.55999994,
,,,14.1599998E-3,5.55999994,
,,,14.2000001E-3,5.59999990,
,,,14.2400004E-3,5.55999994,
,,,14.2799998E-3,5.55999994,
,,,14.3200001E-3,5.55999994,
,,,14.3600004E-3,5.55999994,
,,,14.3999998E-3,5.55999994,
,,,14.4400001E-3,5.55999994,
,,,14.4800004E-3,5.55999994,
,,,14.5199997E-3,5.55999994,
,,,14.5600000E-3,5.55999994,
,,,14.6000003E-3,5.55999994,
,,,14.6399997E-3,5.55999994,
,,,14.6800000E-3,5.55999994,
,,,14.7200003E-3,5.51999998,
,,,14.7599997E-3,5.51999998,
,,,14.8000000E-3,5.55999994,
,,,14.8400003E-3,5.51999998,
,,,14.8799997E-3,5.51999998,
,,,14.9200000E-3,5.51999998,
,,,14.9600003E-3,5.48000002,
,,,14.9999997E-3,5.51999998,
,,,15.0400000E-3,5.51999998,
,,,15.0800003E-3,5.51999998,
,,,15.1199996E-3,5.51999998,
,,,15.1600000E-3,5.48000002,
,,,15.2000003E-3,5.51999998,
,,,15.2399996E-3,5.48000002,
,,,15.2799999E-3,5.51999998,
,,,15.3200002E-3,5.51999998,
,,,15.3599996E-3,5.51999998,
,,,15.3999999E-3,5.48000002,
,,,15.4400002E-3,5.48000002,
,,,15.4799996E-3,5.48000002,
,,,15.5199999E-3,5.48000002,
,,,15.5600002E-3,5.51999998,
,,,15.5999996E-3,5.48000002,
,,,15.6399999E-3,5.51999998,
,,,15.6800002E-3,5.48000002,
,,,15.7200005E-3,5.48000002,
,,,15.7600008E-3,5.48000002,
,,,15.7999992E-3,5.48000002,
,,,15.8399995E-3,5.48000002,
,,,15.8799998E-3,5.48000002,
,,,15.9200002E-3,5.48000002,
,,,15.9600005E-3,5.48000002,
,,,16.0000008E-3,5.44000006,
,,,16.0399992E-3,5.44000006,
,,,16.0799995E-3,5.44000006,
,,,16.1199998E-3,5.44000006,
,,,16.1600001E-3,5.44000006,
,,,16.2000004E-3,5.44000006,
,,,16.2400007E-3,5.44000006,
,,,16.2799992E-3,5.44000006,
,,,16.3199995E-3,5.40000010,
,,,16.3599998E-3,5.44000006,
,,,16.4000001E-3,5.40000010,
,,,16.4400004E-3,5.44000006,
,,,16.4800007E-3,5.40000010,
,,,16.5199991E-3,5.40000010,
,,,16.5599994E-3,5.35999966,
,,,16.5999997E-3,5.44000006,
,,,16.6400000E-3,5.35999966,
,,,16.6800003E-3,5.40000010,
,,,16.7200007E-3,5.40000010,
,,,16.7599991E-3,5.35999966,
,,,16.7999994E-3,5.35999966,
,,,16.8399997E-3,5.35999966,
,,,16.8800000E-3,5.35999966,
,,,16.9200003E-3,5.35999966,
,,,16.9600006E-3,5.35999966,
,,,16.9999991E-3,5.31999969,
,,,17.0399994E-3,5.35999966,
,,,17.0799997E-3,5.31999969,
,,,17.1200000E-3,5.31999969,
,,,17.1600003E-3,5.27999973,
,,,17.2000006E-3,5.31999969,
,,,17.2399990E-3,5.27999973,
,,,17.2799993E-3,5.31999969,
,,,17.3199996E-3,5.27999973,
,,,17.3599999E-3,5.27999973,
,,,17.4000002E-3,5.27999973,
,,,17.4400005E-3,5.27999973,
,,,17.4799990E-3,5.23999977,
,,,17.5199993E-3,5.23999977,
,,,17.5599996E-3,5.23999977,
,,,17.5999999E-3,5.23999977,
,,,17.6400002E-3,5.23999977,
,,,17.6800005E-3,5.19999981,
,,,17.7199990E-3,5.19999981,
,,,17.7599993E-3,5.23999977,
,,,17.7999996E-3,5.23999977,
,,,17.8399999E-3,5.19999981,
,,,17.8800002E-3,5.19999981,
,,,17.9200005E-3,5.15999985,
,,,17.9599989E-3,5.11999989,
,,,17.9999992E-3,5.15999985,
,,,18.0399995E-3,5.15999985,
,,,18.0799998E-3,5.15999985,
,,,18.1200001E-3,5.11999989,
,,,18.1600004E-3,5.15999985,
,,,18.2000007E-3,5.11999989,
,,,18.2399992E-3,5.15999985,
,,,18.2799995E-3,5.11999989,
,,,18.3199998E-3,5.11999989,
,,,18.3600001E-3,5.07999992,
,,,18.4000004E-3,5.11999989,
,,,18.4400007E-3,5.07999992,
,,,18.4799992E-3,5.07999992,
,,,18.5199995E-3,5.07999992,
,,,18.5599998E-3,5.07999992,
,,,18.6000001E-3,5.07999992,
,,,18.6400004E-3,5.07999992,
,,,18.6800007E-3,5.07999992,
,,,18.7199991E-3,5.03999996,
,,,18.7599994E-3,5.07999992,
,,,18.7999997E-3,5.03999996,
,,,18.8400000E-3,5.03999996,
,,,18.8800003E-3,5.00000000,
,,,18.9200006E-3,5.00000000,
,,,18.9599991E-3,5.00000000,
,,,18.9999994E-3,5.00000000,
,,,19.0399997E-3,4.96000004,
,,,19.0800000E-3,4.96000004,
,,,19.1200003E-3,4.96000004,
,,,19.1600006E-3,4.96000004,
,,,19.1999990E-3,4.96000004,
,,,19.2399994E-3,4.96000004,
,,,19.2799997E-3,4.96000004,
,,,19.3200000E-3,4.96000004,
,,,19.3600003E-3,4.92000008,
,,,19.4000006E-3,4.92000008,
,,,19.4399990E-3,4.92000008,
,,,19.4799993E-3,4.96000004,
,,,19.5199996E-3,4.92000008,
,,,19.5599999E-3,4.96000004,
,,,19.6000002E-3,4.92000008,
,,,19.6400005E-3,4.92000008,
,,,19.6799990E-3,4.88000011,
,,,19.7199993E-3,4.92000008,
,,,19.7599996E-3,4.92000008,
,,,19.7999999E-3,4.92000008,
,,,19.8400002E-3,4.92000008,
,,,19.8800005E-3,4.88000011,
,,,19.9199989E-3,4.92000008,
,,,19.9599992E-3,4.92000008,
,,,19.9999996E-3,4.92000008,
,,,20.0399999E-3,4.92000008,
,,,20.0800002E-3,4.92000008,
,,,20.12000047E-3,4.88000011,
,,,20.15999891E-3,4.88000011,
,,,20.19999921E-3,4.88000011,
,,,20.23999952E-3,4.92000008,
,,,20.27999982E-3,4.88000011,
,,,20.32000013E-3,4.88000011,
,,,20.36000043E-3,4.88000011,
,,,20.39999887E-3,4.92000008,
,,,20.43999918E-3,4.88000011,
,,,20.47999948E-3,4.83999968,
,,,20.51999979E-3,4.92000008,
,,,20.56000009E-3,4.92000008,
,,,20.60000040E-3,4.92000008,
,,,20.64000070E-3,4.92000008,
,,,20.67999914E-3,4.88000011,
,,,20.71999945E-3,4.88000011,
,,,20.75999975E-3,4.92000008,
,,,20.80000006E-3,4.88000011,
,,,20.84000036E-3,4.92000008,
,,,20.88000067E-3,4.88000011,
,,,20.91999911E-3,4.92000008,
,,,20.95999941E-3,4.92000008,
,,,20.99999972E-3,4.92000008,
,,,21.04000002E-3,4.92000008,
,,,21.08000033E-3,4.92000008,
,,,21.12000063E-3,4.92000008,
,,,21.15999907E-3,4.92000008,
,,,21.19999938E-3,4.92000008,
,,,21.23999968E-3,4.96000004,
,,,21.27999999E-3,4.92000008,
,,,21.32000029E-3,4.96000004,
,,,21.36000060E-3,4.96000004,
,,,21.39999904E-3,4.96000004,
,,,21.43999934E-3,4.96000004,
,,,21.47999965E-3,5.00000000,
,,,21.51999995E-3,4.96000004,
,,,21.56000026E-3,5.00000000,
,,,21.60000056E-3,4.96000004,
,,,21.63999900E-3,5.00000000,
,,,21.67999931E-3,5.00000000,
,,,21.71999961E-3,5.00000000,
,,,21.75999992E-3,5.00000000,
,,,21.80000022E-3,5.00000000,
,,,21.84000053E-3,5.00000000,
,,,21.87999897E-3,5.00000000,
,,,21.91999927E-3,5.00000000,
,,,21.95999958E-3,5.00000000,
,,,21.99999988E-3,5.00000000,
,,,22.04000019E-3,5.00000000,
,,,22.08000049E-3,5.00000000,
,,,22.11999893E-3,5.00000000,
,,,22.15999924E-3,4.96000004,
,,,22.19999954E-3,4.96000004,
,,,22.23999985E-3,4.96000004,
,,,22.28000015E-3,4.96000004,
,,,22.32000045E-3,4.96000004,
,,,22.35999890E-3,4.96000004,
,,,22.39999920E-3,4.96000004,
,,,22.43999951E-3,5.00000000,
,,,22.47999981E-3,5.00000000,
,,,22.52000012E-3,5.00000000,
,,,22.56000042E-3,5.00000000,
,,,22.59999886E-3,4.96000004,
,,,22.63999917E-3,4.96000004,
,,,22.67999947E-3,4.96000004,
,,,22.71999978E-3,4.96000004,
,,,22.76000008E-3,4.96000004,
,,,22.80000038E-3,4.96000004,
,,,22.83999883E-3,4.96000004,
,,,22.87999913E-3,5.00000000,
,,,22.91999944E-3,5.00000000,
,,,22.95999974E-3,5.00000000,
,,,23.00000004E-3,5.00000000,
,,,23.04000035E-3,4.96000004,
,,,23.07999879E-3,4.96000004,
,,,23.11999910E-3,5.00000000,
,,,23.15999940E-3,5.00000000,
,,,23.19999970E-3,5.00000000,
,,,23.24000001E-3,5.00000000,
,,,23.28000031E-3,5.00000000,
,,,23.32000062E-3,5.00000000,
,,,23.35999906E-3,5.00000000,
,,,23.39999937E-3,5.00000000,
,,,23.43999967E-3,5.00000000,
,,,23.47999997E-3,4.96000004,
,,,23.52000028E-3,5.00000000,
,,,23.56000058E-3,5.00000000,
,,,23.59999903E-3,5.00000000,
,,,23.63999933E-3,5.00000000,
,,,23.67999963E-3,5.00000000,
,,,23.71999994E-3,5.00000000,
,,,23.76000024E-3,5.03999996,
,,,23.80000055E-3,5.03999996,
,,,23.83999899E-3,5.03999996,
,,,23.87999929E-3,5.03999996,
,,,23.91999960E-3,5.00000000,
,,,23.95999990E-3,5.03999996,
,,,24.00000021E-3,5.03999996,
,,,24.04000051E-3,5.03999996,
,,,24.07999896E-3,5.07999992,
,,,24.11999926E-3,5.03999996,
,,,24.15999956E-3,5.03999996,
,,,24.19999987E-3,5.03999996,
,,,24.24000017E-3,5.07999992,
,,,24.28000048E-3,5.00000000,
,,,24.31999892E-3,5.07999992,
,,,24.35999922E-3,5.03999996,
,,,24.39999953E-3,5.03999996,
,,,24.43999983E-3,5.03999996,
,,,24.48000014E-3,5.07999992,
,,,24.52000044E-3,5.07999992,
,,,24.55999888E-3,5.07999992,
,,,24.59999919E-3,5.07999992,
,,,24.63999949E-3,5.07999992,
,,,24.67999980E-3,5.07999992,
,,,24.72000010E-3,5.07999992,
,,,24.76000041E-3,5.11999989,
,,,24.79999885E-3,5.11999989,
,,,24.83999915E-3,5.11999989,
,,,24.87999946E-3,5.07999992,
,,,24.91999976E-3,5.11999989,
,,,24.96000007E-3,5.11999989,
,,,25.00000037E-3,5.11999989,
,,,25.03999881E-3,5.11999989,
,,,25.07999912E-3,5.11999989,
,,,25.11999942E-3,5.11999989,
,,,25.15999973E-3,5.11999989,
,,,25.20000003E-3,5.11999989,
,,,25.24000034E-3,5.11999989,
,,,25.27999878E-3,5.11999989,
,,,25.31999908E-3,5.11999989,
,,,25.35999939E-3,5.11999989,
,,,25.39999969E-3,5.11999989,
,,,25.44000000E-3,5.11999989,
,,,25.48000030E-3,5.11999989,
,,,25.51999874E-3,5.11999989,
,,,25.55999905E-3,5.11999989,
,,,25.59999935E-3,5.11999989,
,,,25.63999966E-3,5.15999985,
,,,25.67999996E-3,5.11999989,
,,,25.72000027E-3,5.15999985,
,,,25.75999871E-3,5.15999985,
,,,25.79999901E-3,5.15999985,
,,,25.83999932E-3,5.15999985,
,,,25.87999962E-3,5.15999985,
,,,25.91999993E-3,5.15999985,
,,,25.96000023E-3,5.15999985,
,,,26.00000054E-3,5.15999985,
,,,26.03999898E-3,5.15999985,
,,,26.07999928E-3,5.19999981,
,,,26.11999959E-3,5.15999985,
,,,26.15999989E-3,5.15999985,
,,,26.20000020E-3,5.19999981,
,,,26.24000050E-3,5.19999981,
,,,26.27999894E-3,5.15999985,
,,,26.31999925E-3,5.15999985,
,,,26.35999955E-3,5.19999981,
,,,26.39999986E-3,5.19999981,
,,,26.44000016E-3,5.19999981,
,,,26.48000047E-3,5.15999985,
,,,26.51999891E-3,5.19999981,
,,,26.55999921E-3,5.19999981,
,,,26.59999952E-3,5.19999981,
,,,26.63999982E-3,5.19999981,
,,,26.68000013E-3,5.19999981,
,,,26.72000043E-3,5.19999981,
,,,26.75999887E-3,5.19999981,
,,,26.79999918E-3,5.23999977,
,,,26.83999948E-3,5.19999981,
,,,26.87999979E-3,5.19999981,
,,,26.92000009E-3,5.15999985,
,,,26.96000040E-3,5.19999981,
,,,26.99999884E-3,5.19999981,
,,,27.03999914E-3,5.19999981,
,,,27.07999945E-3,5.23999977,
,,,27.11999975E-3,5.19999981,
,,,27.16000006E-3,5.23999977,
,,,27.20000036E-3,5.23999977,
,,,27.23999880E-3,5.19999981,
,,,27.27999911E-3,5.23999977,
,,,27.31999941E-3,5.19999981,
,,,27.35999972E-3,5.19999981,
,,,27.40000002E-3,5.23999977,
,,,27.44000033E-3,5.19999981,
,,,27.47999877E-3,5.23999977,
,,,27.51999907E-3,5.23999977,
,,,27.55999938E-3,5.23999977,
,,,27.59999968E-3,5.19999981,
,,,27.63999999E-3,5.23999977,
,,,27.68000029E-3,5.23999977,
,,,27.71999873E-3,5.23999977,
,,,27.75999904E-3,5.19999981,
,,,27.79999934E-3,5.19999981,
,,,27.83999965E-3,5.23999977,
,,,27.87999995E-3,5.23999977,
,,,27.92000026E-3,5.19999981,
,,,27.95999870E-3,5.23999977,
,,,27.99999900E-3,5.23999977,
,,,28.03999931E-3,5.23999977,
,,,28.07999961E-3,5.23999977,
,,,28.11999992E-3,5.23999977,
,,,28.16000022E-3,5.23999977,
,,,28.19999866E-3,5.23999977,
,,,28.23999897E-3,5.19999981,
,,,28.27999927E-3,5.23999977,
,,,28.31999958E-3,5.23999977,
,,,28.35999988E-3,5.23999977,
,,,28.40000018E-3,5.23999977,
,,,28.44000049E-3,5.19999981,
,,,28.47999893E-3,5.23999977,
,,,28.51999924E-3,5.19999981,
,,,28.55999954E-3,5.23999977,
,,,28.59999985E-3,5.23999977,
,,,28.64000015E-3,5.23999977,
,,,28.68000045E-3,5.19999981,
,,,28.71999890E-3,5.19999981,
,,,28.75999920E-3,5.19999981,
,,,28.79999951E-3,5.23999977,
,,,28.83999981E-3,5.23999977,
,,,28.88000011E-3,5.23999977,
,,,28.92000042E-3,5.19999981,
,,,28.95999886E-3,5.19999981,
,,,28.99999917E-3,5.23999977,
,,,29.03999947E-3,5.19999981,
,,,29.07999977E-3,5.23999977,
,,,29.12000008E-3,5.19999981,
,,,29.16000038E-3,5.19999981,
,,,29.19999883E-3,5.19999981,
,,,29.23999913E-3,5.19999981,
,,,29.27999943E-3,5.23999977,
,,,29.31999974E-3,5.19999981,
,,,29.36000004E-3,5.23999977,
,,,29.40000035E-3,5.19999981,
,,,29.43999879E-3,5.19999981,
,,,29.47999910E-3,5.19999981,
,,,29.51999940E-3,5.19999981,
,,,29.55999970E-3,5.19999981,
,,,29.60000001E-3,5.15999985,
,,,29.64000031E-3,5.23999977,
,,,29.67999876E-3,5.19999981,
,,,29.71999906E-3,5.19999981,
,,,29.75999936E-3,5.23999977,
,,,29.79999967E-3,5.23999977,
,,,29.83999997E-3,5.19999981,
,,,29.88000028E-3,5.19999981,
,,,29.91999872E-3,5.19999981,
,,,29.95999902E-3,5.15999985,
,,,29.99999933E-3,5.19999981,
,,,30.03999963E-3,5.19999981,
,,,30.07999994E-3,5.19999981,
,,,30.12000024E-3,5.19999981,
,,,30.15999869E-3,5.19999981,
,,,30.19999899E-3,5.19999981,
,,,30.23999929E-3,5.19999981,
,,,30.27999960E-3,5.19999981,
,,,30.31999990E-3,5.19999981,
,,,30.36000021E-3,5.19999981,
,,,30.39999865E-3,5.23999977,
,,,30.43999895E-3,5.15999985,
,,,30.47999926E-3,5.15999985,
,,,30.51999956E-3,5.19999981,
,,,30.55999987E-3,5.19999981,
,,,30.60000017E-3,5.19999981,
,,,30.63999861E-3,5.19999981,
,,,30.67999892E-3,5.19999981,
,,,30.71999922E-3,5.15999985,
,,,30.75999953E-3,5.19999981,
,,,30.79999983E-3,5.19999981,
,,,30.84000014E-3,5.19999981,
,,,30.88000044E-3,5.15999985,
,,,30.91999888E-3,5.15999985,
,,,30.95999919E-3,5.19999981,
,,,30.99999949E-3,5.15999985,
,,,31.03999980E-3,5.15999985,
,,,31.08000010E-3,5.15999985,
,,,31.12000041E-3,5.15999985,
,,,31.15999885E-3,5.15999985,
,,,31.19999915E-3,5.19999981,
,,,31.23999946E-3,5.19999981,
,,,31.27999976E-3,5.19999981,
,,,31.31999820E-3,5.15999985,
,,,31.36000037E-3,5.15999985,
,,,31.39999881E-3,5.15999985,
,,,31.44000098E-3,5.15999985,
,,,31.47999942E-3,5.15999985,
,,,31.51999786E-3,5.15999985,
,,,31.56000003E-3,5.15999985,
,,,31.59999847E-3,5.15999985,
,,,31.64000064E-3,5.15999985,
,,,31.67999908E-3,5.15999985,
,,,31.72000125E-3,5.15999985,
,,,31.75999969E-3,5.15999985,
,,,31.79999813E-3,5.11999989,
,,,31.84000030E-3,5.11999989,
,,,31.87999874E-3,5.11999989,
,,,31.92000091E-3,5.15999985,
,,,31.95999935E-3,5.15999985,
,,,31.99999779E-3,5.11999989,
,,,32.03999996E-3,5.15999985,
,,,32.07999840E-3,5.15999985,
,,,32.12000057E-3,5.15999985,
,,,32.15999901E-3,5.15999985,
,,,32.20000118E-3,5.15999985,
,,,32.23999962E-3,5.15999985,
,,,32.27999806E-3,5.15999985,
,,,32.32000023E-3,5.11999989,
,,,32.35999867E-3,5.11999989,
,,,32.40000084E-3,5.11999989,
,,,32.43999928E-3,5.11999989,
,,,32.47999772E-3,5.15999985,
,,,32.51999989E-3,5.11999989,
,,,32.55999833E-3,5.15999985,
,,,32.60000050E-3,5.11999989,
,,,32.63999894E-3,5.11999989,
,,,32.68000111E-3,5.15999985,
,,,32.71999955E-3,5.11999989,
,,,32.75999799E-3,5.11999989,
,,,32.80000016E-3,5.15999985,
,,,32.83999860E-3,5.11999989,
,,,32.88000077E-3,5.15999985,
,,,32.91999921E-3,5.11999989,
,,,32.95999765E-3,5.11999989,
,,,32.99999982E-3,5.11999989,
,,,33.03999826E-3,5.11999989,
,,,33.08000043E-3,5.11999989,
,,,33.11999887E-3,5.11999989,
,,,33.16000104E-3,5.11999989,
,,,33.19999948E-3,5.11999989,
,,,33.23999792E-3,5.11999989,
,,,33.28000009E-3,5.15999985,
,,,33.31999853E-3,5.15999985,
,,,33.36000070E-3,5.11999989,
,,,33.39999914E-3,5.11999989,
,,,33.44000131E-3,5.11999989,
,,,33.47999975E-3,5.15999985,
,,,33.51999819E-3,5.11999989,
,,,33.56000036E-3,5.11999989,
,,,33.59999880E-3,5.11999989,
,,,33.64000097E-3,5.11999989,
,,,33.67999941E-3,5.11999989,
,,,33.71999785E-3,5.07999992,
,,,33.76000002E-3,5.11999989,
,,,33.79999846E-3,5.11999989,
,,,33.84000063E-3,5.11999989,
,,,33.87999907E-3,5.11999989,
,,,33.92000124E-3,5.11999989,
,,,33.95999968E-3,5.11999989,
,,,33.99999812E-3,5.11999989,
,,,34.04000029E-3,5.11999989,
,,,34.07999873E-3,5.11999989,
,,,34.12000090E-3,5.11999989,
,,,34.15999934E-3,5.11999989,
,,,34.19999778E-3,5.07999992,
,,,34.23999995E-3,5.11999989,
,,,34.27999839E-3,5.11999989,
,,,34.32000056E-3,5.11999989,
,,,34.35999900E-3,5.07999992,
,,,34.40000117E-3,5.11999989,
,,,34.43999961E-3,5.11999989,
,,,34.47999805E-3,5.11999989,
,,,34.52000022E-3,5.07999992,
,,,34.55999866E-3,5.07999992,
,,,34.60000083E-3,5.11999989,
,,,34.63999927E-3,5.11999989,
,,,34.67999771E-3,5.11999989,
,,,34.71999988E-3,5.07999992,
,,,34.75999832E-3,5.07999992,
,,,34.80000049E-3,5.07999992,
,,,34.83999893E-3,5.11999989,
,,,34.88000110E-3,5.07999992,
,,,34.91999954E-3,5.07999992,
,,,34.95999798E-3,5.07999992,
,,,35.00000015E-3,5.11999989,
,,,35.03999859E-3,5.11999989,
,,,35.08000076E-3,5.07999992,
,,,35.11999920E-3,5.07999992,
,,,35.15999764E-3,5.11999989,
,,,35.19999981E-3,5.07999992,
,,,35.23999825E-3,5.07999992,
,,,35.28000042E-3,5.07999992,
,,,35.31999886E-3,5.07999992,
,,,35.36000103E-3,5.07999992,
,,,35.39999947E-3,5.11999989,
,,,35.43999791E-3,5.07999992,
,,,35.48000008E-3,5.07999992,
,,,35.51999852E-3,5.07999992,
,,,35.56000069E-3,5.07999992,
,,,35.59999913E-3,5.07999992,
,,,35.63999757E-3,5.03999996,
,,,35.67999974E-3,5.07999992,
,,,35.71999818E-3,5.07999992,
,,,35.76000035E-3,5.07999992,
,,,35.79999879E-3,5.07999992,
,,,35.84000096E-3,5.07999992,
,,,35.87999940E-3,5.07999992,
,,,35.91999784E-3,5.07999992,
,,,35.96000001E-3,5.03999996,
,,,35.99999845E-3,5.07999992,
,,,36.04000062E-3,5.07999992,
,,,36.07999906E-3,5.03999996,
,,,36.12000123E-3,5.07999992,
,,,36.15999967E-3,5.07999992,
,,,36.19999811E-3,5.07999992,
,,,36.24000028E-3,5.07999992,
,,,36.27999872E-3,5.07999992,
,,,36.32000089E-3,5.03999996,
,,,36.35999933E-3,5.07999992,
,,,36.39999777E-3,5.07999992,
,,,36.43999994E-3,5.03999996,
,,,36.47999838E-3,5.07999992,
,,,36.52000055E-3,5.03999996,
,,,36.55999899E-3,5.03999996,
,,,36.60000116E-3,5.03999996,
,,,36.63999960E-3,5.07999992,
,,,36.67999804E-3,5.03999996,
,,,36.72000021E-3,5.07999992,
,,,36.75999865E-3,5.07999992,
,,,36.80000082E-3,5.03999996,
,,,36.83999926E-3,5.07999992,
,,,36.87999770E-3,5.03999996,
,,,36.91999987E-3,5.03999996,
,,,36.95999831E-3,5.07999992,
,,,37.00000048E-3,5.03999996,
,,,37.03999892E-3,5.03999996,
,,,37.08000109E-3,5.03999996,
,,,37.11999953E-3,5.03999996,
,,,37.15999797E-3,5.00000000,
,,,37.20000014E-3,5.00000000,
,,,37.23999858E-3,5.03999996,
,,,37.28000075E-3,5.03999996,
,,,37.31999919E-3,5.03999996,
,,,37.35999763E-3,5.03999996,
,,,37.39999980E-3,5.03999996,
,,,37.43999824E-3,5.03999996,
,,,37.48000041E-3,5.03999996,
,,,37.51999885E-3,5.00000000,
,,,37.56000102E-3,5.03999996,
,,,37.59999946E-3,5.03999996,
,,,37.63999790E-3,5.03999996,
,,,37.68000007E-3,5.03999996,
,,,37.71999851E-3,5.03999996,
,,,37.76000068E-3,5.03999996,
,,,37.79999912E-3,5.00000000,
,,,37.83999756E-3,5.00000000,
,,,37.87999973E-3,5.03999996,
,,,37.91999817E-3,5.03999996,
,,,37.96000034E-3,5.03999996,
,,,37.99999878E-3,5.00000000,
,,,38.04000095E-3,5.00000000,
,,,38.07999939E-3,5.03999996,
,,,38.11999783E-3,5.03999996,
,,,38.16000000E-3,5.00000000,
,,,38.19999844E-3,5.03999996,
,,,38.24000061E-3,5.00000000,
,,,38.27999905E-3,5.00000000,
,,,38.31999749E-3,5.00000000,
,,,38.35999966E-3,5.03999996,
,,,38.39999810E-3,5.00000000,
,,,38.44000027E-3,5.00000000,
,,,38.47999871E-3,5.00000000,
,,,38.52000087E-3,5.00000000,
,,,38.55999932E-3,5.00000000,
,,,38.59999776E-3,5.00000000,
,,,38.63999993E-3,5.03999996,
,,,38.67999837E-3,5.00000000,
,,,38.72000054E-3,5.00000000,
,,,38.75999898E-3,5.03999996,
,,,38.80000114E-3,5.00000000,
,,,38.83999959E-3,5.03999996,
,,,38.87999803E-3,5.00000000,
,,,38.92000020E-3,5.00000000,
,,,38.95999864E-3,5.00000000,
,,,39.00000080E-3,5.00000000,
,,,39.03999925E-3,5.00000000,
,,,39.07999769E-3,5.00000000,
,,,39.11999986E-3,5.00000000,
,,,39.15999830E-3,5.00000000,
,,,39.20000046E-3,5.00000000,
,,,39.23999891E-3,5.00000000,
,,,39.28000107E-3,5.00000000,
,,,39.31999952E-3,5.00000000,
,,,39.35999796E-3,5.00000000,
,,,39.40000013E-3,4.96000004,
,,,39.43999857E-3,4.96000004,
,,,39.48000073E-3,5.00000000,
,,,39.51999918E-3,4.96000004,
,,,39.55999762E-3,4.96000004,
,,,39.59999979E-3,4.96000004,
,,,39.63999823E-3,4.96000004,
,,,39.68000039E-3,5.00000000,
,,,39.71999884E-3,4.96000004,
,,,39.76000100E-3,5.00000000,
,,,39.79999945E-3,4.96000004,
,,,39.83999789E-3,5.00000000,
,,,39.88000005E-3,5.00000000,
,,,39.91999850E-3,4.96000004,
,,,39.96000066E-3,4.96000004,
,,,39.99999911E-3,5.00000000,
,,,40.03999755E-3,5.00000000,
,,,40.07999972E-3,5.00000000,
,,,40.11999816E-3,4.96000004,
,,,40.16000032E-3,4.96000004,
,,,40.19999877E-3,4.96000004,
,,,40.24000093E-3,4.96000004,
,,,40.27999938E-3,4.96000004,
,,,40.31999782E-3,4.96000004,
,,,40.35999998E-3,5.00000000,
,,,40.39999843E-3,5.00000000,
,,,40.44000059E-3,4.96000004,
,,,40.47999904E-3,5.00000000,
,,,40.51999748E-3,4.96000004,
,,,40.55999964E-3,5.00000000,
,,,40.59999809E-3,4.96000004,
,,,40.64000025E-3,4.96000004,
,,,40.67999870E-3,4.96000004,
,,,40.72000086E-3,4.96000004,
,,,40.75999931E-3,4.96000004,
,,,40.79999775E-3,5.00000000,
,,,40.83999991E-3,4.96000004,
,,,40.87999836E-3,4.96000004,
,,,40.92000052E-3,4.96000004,
,,,40.95999897E-3,4.96000004,
,,,40.99999741E-3,4.96000004,
,,,41.03999957E-3,4.96000004,
,,,41.07999802E-3,4.96000004,
,,,41.12000018E-3,4.92000008,
,,,41.15999863E-3,4.96000004,
,,,41.20000079E-3,4.96000004,
,,,41.23999923E-3,4.96000004,
,,,41.27999768E-3,4.96000004,
,,,41.31999984E-3,4.96000004,
,,,41.35999829E-3,4.96000004,
,,,41.40000045E-3,4.96000004,
,,,41.43999889E-3,4.96000004,
,,,41.48000106E-3,4.96000004,
,,,41.51999950E-3,4.96000004,
,,,41.55999795E-3,4.92000008,
,,,41.60000011E-3,4.96000004,
,,,41.63999856E-3,4.96000004,
,,,41.68000072E-3,4.96000004,
,,,41.71999916E-3,4.96000004,
,,,41.75999761E-3,4.92000008,
,,,41.79999977E-3,4.96000004,
,,,41.83999822E-3,4.96000004,
,,,41.88000038E-3,4.96000004,
,,,41.91999882E-3,4.92000008,
,,,41.96000099E-3,4.92000008,
,,,41.99999943E-3,4.92000008,
,,,42.03999788E-3,4.92000008,
,,,42.08000004E-3,4.92000008,
,,,42.11999848E-3,4.92000008,
,,,42.16000065E-3,4.96000004,
,,,42.19999909E-3,4.92000008,
,,,42.23999754E-3,4.96000004,
,,,42.27999970E-3,4.96000004,
,,,42.31999815E-3,4.92000008,
,,,42.36000031E-3,4.96000004,
,,,42.39999875E-3,4.92000008,
,,,42.44000092E-3,4.92000008,
,,,42.47999936E-3,4.96000004,
,,,42.51999781E-3,4.96000004,
,,,42.55999997E-3,4.88000011,
,,,42.59999841E-3,4.92000008,
,,,42.64000058E-3,4.92000008,
,,,42.67999902E-3,4.92000008,
,,,42.71999747E-3,4.92000008,
,,,42.75999963E-3,4.92000008,
,,,42.79999807E-3,4.92000008,
,,,42.84000024E-3,4.92000008,
,,,42.87999868E-3,4.88000011,
,,,42.92000085E-3,4.92000008,
,,,42.95999929E-3,4.92000008,
,,,42.99999774E-3,4.92000008,
,,,43.03999990E-3,4.92000008,
,,,43.07999834E-3,4.88000011,
,,,43.12000051E-3,4.88000011,
,,,43.15999895E-3,4.92000008,
,,,43.19999740E-3,4.92000008,
,,,43.23999956E-3,4.92000008,
,,,43.27999800E-3,4.88000011,
,,,43.32000017E-3,4.92000008,
,,,43.35999861E-3,4.88000011,
,,,43.40000078E-3,4.92000008,
,,,43.43999922E-3,4.92000008,
,,,43.47999766E-3,4.88000011,
,,,43.51999983E-3,4.92000008,
,,,43.55999827E-3,4.88000011,
,,,43.60000044E-3,4.92000008,
,,,43.63999888E-3,4.88000011,
,,,43.67999732E-3,4.88000011,
,,,43.71999949E-3,4.92000008,
,,,43.75999793E-3,4.88000011,
,,,43.80000010E-3,4.92000008,
,,,43.83999854E-3,4.88000011,
,,,43.88000071E-3,4.92000008,
,,,43.91999915E-3,4.88000011,
,,,43.95999759E-3,4.92000008,
,,,43.99999976E-3,4.88000011,
,,,44.03999820E-3,4.92000008,
,,,44.08000037E-3,4.88000011,
,,,44.11999881E-3,4.92000008,
,,,44.16000098E-3,4.88000011,
,,,44.19999942E-3,4.88000011,
,,,44.23999786E-3,4.88000011,
,,,44.28000003E-3,4.92000008,
,,,44.31999847E-3,4.88000011,
,,,44.36000064E-3,4.88000011,
,,,44.39999908E-3,4.88000011,
,,,44.43999752E-3,4.88000011,
,,,44.47999969E-3,4.88000011,
,,,44.51999813E-3,4.92000008,
,,,44.56000030E-3,4.88000011,
,,,44.59999874E-3,4.88000011,
,,,44.64000091E-3,4.88000011,
,,,44.67999935E-3,4.88000011,
,,,44.71999779E-3,4.83999968,
,,,44.75999996E-3,4.88000011,
,,,44.79999840E-3,4.88000011,
,,,44.84000057E-3,4.88000011,
,,,44.87999901E-3,4.88000011,
,,,44.91999745E-3,4.88000011,
,,,44.95999962E-3,4.88000011,
,,,44.99999806E-3,4.88000011,
,,,45.04000023E-3,4.88000011,
,,,45.07999867E-3,4.92000008,
,,,45.12000084E-3,4.88000011,
,,,45.15999928E-3,4.83999968,
,,,45.19999772E-3,4.83999968,
,,,45.23999989E-3,4.88000011,
,,,45.27999833E-3,4.83999968,
,,,45.32000050E-3,4.88000011,
,,,45.35999894E-3,4.83999968,
,,,45.39999738E-3,4.83999968,
,,,45.43999955E-3,4.88000011,
,,,45.47999799E-3,4.88000011,
,,,45.52000016E-3,4.83999968,
,,,45.55999860E-3,4.88000011,
,,,45.60000077E-3,4.88000011,
,,,45.63999921E-3,4.83999968,
,,,45.67999765E-3,4.83999968,
,,,45.71999982E-3,4.88000011,
,,,45.75999826E-3,4.83999968,
,,,45.80000043E-3,4.83999968,
,,,45.83999887E-3,4.83999968,
,,,45.87999731E-3,4.83999968,
,,,45.91999948E-3,4.83999968,
,,,45.95999792E-3,4.83999968,
,,,46.00000009E-3,4.88000011,
,,,46.03999853E-3,4.83999968,
,,,46.08000070E-3,4.83999968,
,,,46.11999914E-3,4.88000011,
,,,46.15999758E-3,4.83999968,
,,,46.19999975E-3,4.83999968,
,,,46.23999819E-3,4.83999968,
,,,46.28000036E-3,4.88000011,
,,,46.31999880E-3,4.83999968,
,,,46.36000097E-3,4.83999968,
