time,voltage,
65.999999642E-3,3.15999985,
66.040001810E-3,3.13999987,
66.079996526E-3,3.17999983,
66.119998693E-3,3.19999981,
66.160000861E-3,3.17999983,
66.200003028E-3,3.15999985,
66.239997745E-3,3.17999983,
66.279999912E-3,3.15999985,
66.320002079E-3,3.15999985,
66.359996796E-3,3.17999983,
66.399998963E-3,3.15999985,
66.440001130E-3,3.13999987,
66.480003297E-3,3.15999985,
66.519998014E-3,3.13999987,
66.560000181E-3,3.15999985,
66.600002348E-3,3.15999985,
66.639997065E-3,3.13999987,
66.679999232E-3,3.13999987,
66.720001400E-3,3.15999985,
66.759996116E-3,3.15999985,
66.799998283E-3,3.13999987,
66.840000451E-3,3.15999985,
66.880002618E-3,3.13999987,
66.919997334E-3,3.13999987,
66.959999502E-3,3.13999987,
67.000001669E-3,3.13999987,
67.039996386E-3,3.15999985,
67.079998553E-3,3.13999987,
67.120000720E-3,3.13999987,
67.160002887E-3,3.11999989,
67.199997604E-3,3.13999987,
67.239999771E-3,3.11999989,
67.280001938E-3,3.13999987,
67.319996655E-3,3.13999987,
67.359998822E-3,3.11999989,
67.400000989E-3,3.13999987,
67.440003157E-3,3.11999989,
67.479997873E-3,3.13999987,
67.520000041E-3,3.13999987,
67.560002208E-3,3.11999989,
67.599996924E-3,3.13999987,
67.639999092E-3,3.11999989,
67.680001259E-3,3.11999989,
67.719995975E-3,3.11999989,
67.759998143E-3,3.09999990,
67.800000310E-3,3.11999989,
67.840002477E-3,3.11999989,
67.879997194E-3,3.11999989,
67.919999361E-3,3.09999990,
67.960001528E-3,3.09999990,
67.999996245E-3,3.11999989,
68.039998412E-3,3.09999990,
68.080000579E-3,3.09999990,
68.120002747E-3,3.09999990,
68.159997463E-3,3.13999987,
68.199999630E-3,3.09999990,
68.240001798E-3,3.09999990,
68.279996514E-3,3.09999990,
68.319998682E-3,3.09999990,
68.360000849E-3,3.09999990,
68.400003016E-3,3.09999990,
68.439997733E-3,3.09999990,
68.479999900E-3,3.07999992,
68.520002067E-3,3.09999990,
68.559996784E-3,3.09999990,
68.599998951E-3,3.07999992,
68.640001118E-3,3.07999992,
68.680003285E-3,3.07999992,
68.719998002E-3,3.07999992,
68.760000169E-3,3.07999992,
68.800002337E-3,3.07999992,
68.839997053E-3,3.07999992,
68.879999220E-3,3.07999992,
68.920001388E-3,3.07999992,
68.959996104E-3,3.07999992,
68.999998271E-3,3.07999992,
69.040000439E-3,3.07999992,
69.080002606E-3,3.07999992,
69.119997323E-3,3.05999994,
69.159999490E-3,3.07999992,
69.200001657E-3,3.07999992,
69.239996374E-3,3.05999994,
69.279998541E-3,3.05999994,
69.320000708E-3,3.05999994,
69.360002875E-3,3.05999994,
69.399997592E-3,3.07999992,
69.439999759E-3,3.07999992,
69.480001926E-3,3.05999994,
69.519996643E-3,3.03999996,
69.559998810E-3,3.03999996,
69.600000978E-3,3.07999992,
69.640003145E-3,3.03999996,
69.679997861E-3,3.03999996,
69.720000029E-3,3.05999994,
69.760002196E-3,3.05999994,
69.799996912E-3,3.07999992,
69.839999080E-3,3.03999996,
69.880001247E-3,3.05999994,
69.919995964E-3,3.05999994,
69.959998131E-3,3.05999994,
70.000000298E-3,3.05999994,
70.040002465E-3,3.05999994,
70.079997182E-3,3.05999994,
70.119999349E-3,3.07999992,
70.160001516E-3,3.07999992,
70.199996233E-3,3.05999994,
70.239998400E-3,3.05999994,
70.280000567E-3,3.05999994,
70.320002735E-3,3.05999994,
70.359997451E-3,3.05999994,
70.399999619E-3,3.07999992,
70.440001786E-3,3.07999992,
70.479996502E-3,3.07999992,
70.519998670E-3,3.07999992,
70.560000837E-3,3.07999992,
70.600003004E-3,3.07999992,
70.639997721E-3,3.05999994,
70.679999888E-3,3.07999992,
70.720002055E-3,3.07999992,
70.759996772E-3,3.09999990,
70.799998939E-3,3.09999990,
70.840001106E-3,3.07999992,
70.879995823E-3,3.09999990,
70.919997990E-3,3.07999992,
70.960000157E-3,3.09999990,
71.000002325E-3,3.09999990,
71.039997041E-3,3.09999990,
71.079999208E-3,3.07999992,
71.120001376E-3,3.09999990,
71.159996092E-3,3.07999992,
71.199998260E-3,3.09999990,
71.240000427E-3,3.11999989,
71.280002594E-3,3.09999990,
71.319997311E-3,3.09999990,
71.359999478E-3,3.09999990,
71.400001645E-3,3.11999989,
71.439996362E-3,3.09999990,
71.479998529E-3,3.09999990,
71.520000696E-3,3.09999990,
71.560002863E-3,3.11999989,
71.599997580E-3,3.11999989,
71.639999747E-3,3.09999990,
71.680001915E-3,3.11999989,
71.719996631E-3,3.11999989,
71.759998798E-3,3.11999989,
71.800000966E-3,3.11999989,
71.840003133E-3,3.09999990,
71.879997849E-3,3.13999987,
71.920000017E-3,3.11999989,
71.960002184E-3,3.13999987,
71.999996901E-3,3.13999987,
72.039999068E-3,3.11999989,
72.080001235E-3,3.13999987,
72.119995952E-3,3.11999989,
72.159998119E-3,3.13999987,
72.200000286E-3,3.13999987,
72.240002453E-3,3.13999987,
72.279997170E-3,3.13999987,
72.319999337E-3,3.13999987,
72.360001504E-3,3.11999989,
72.399996221E-3,3.13999987,
72.439998388E-3,3.13999987,
72.480000556E-3,3.15999985,
72.520002723E-3,3.15999985,
72.559997439E-3,3.13999987,
72.599999607E-3,3.15999985,
72.640001774E-3,3.13999987,
72.679996490E-3,3.15999985,
72.719998658E-3,3.15999985,
72.760000825E-3,3.15999985,
72.800002992E-3,3.15999985,
72.839997709E-3,3.15999985,
72.879999876E-3,3.17999983,
72.920002043E-3,3.15999985,
72.959996760E-3,3.15999985,
72.999998927E-3,3.15999985,
73.040001094E-3,3.17999983,
73.079995811E-3,3.15999985,
73.119997978E-3,3.15999985,
73.160000145E-3,3.15999985,
73.200002313E-3,3.17999983,
73.239997029E-3,3.17999983,
73.279999197E-3,3.17999983,
73.320001364E-3,3.17999983,
73.359996080E-3,3.19999981,
73.399998248E-3,3.17999983,
73.440000415E-3,3.15999985,
73.480002582E-3,3.17999983,
73.519997299E-3,3.15999985,
73.559999466E-3,3.17999983,
73.600001633E-3,3.17999983,
73.639996350E-3,3.15999985,
73.679998517E-3,3.17999983,
73.720000684E-3,3.19999981,
73.760002851E-3,3.19999981,
73.799997568E-3,3.19999981,
73.839999735E-3,3.17999983,
73.880001903E-3,3.19999981,
73.919996619E-3,3.17999983,
73.959998786E-3,3.19999981,
74.000000954E-3,3.19999981,
74.040003121E-3,3.19999981,
74.079997838E-3,3.19999981,
74.120000005E-3,3.22000003,
74.160002172E-3,3.22000003,
74.199996889E-3,3.19999981,
74.239999056E-3,3.22000003,
74.280001223E-3,3.22000003,
74.319995940E-3,3.19999981,
74.359998107E-3,3.22000003,
74.400000274E-3,3.17999983,
74.440002441E-3,3.22000003,
74.479997158E-3,3.19999981,
74.519999325E-3,3.22000003,
74.560001493E-3,3.19999981,
74.599996209E-3,3.22000003,
74.639998376E-3,3.22000003,
74.680000544E-3,3.22000003,
74.720002711E-3,3.19999981,
74.759997427E-3,3.22000003,
74.799999595E-3,3.22000003,
74.840001762E-3,3.22000003,
74.879996479E-3,3.19999981,
74.919998646E-3,3.22000003,
74.960000813E-3,3.22000003,
75.000002980E-3,3.22000003,
75.039997697E-3,3.22000003,
75.079999864E-3,3.22000003,
75.120002031E-3,3.19999981,
75.159996748E-3,3.19999981,
75.199998915E-3,3.19999981,
75.240001082E-3,3.19999981,
75.279995799E-3,3.19999981,
75.319997966E-3,3.22000003,
75.360000134E-3,3.22000003,
75.400002301E-3,3.19999981,
75.439997017E-3,3.22000003,
75.479999185E-3,3.22000003,
75.520001352E-3,3.22000003,
75.559996068E-3,3.22000003,
75.599998236E-3,3.22000003,
75.640000403E-3,3.22000003,
75.680002570E-3,3.22000003,
75.719997287E-3,3.19999981,
75.759999454E-3,3.22000003,
75.800001621E-3,3.19999981,
75.839996338E-3,3.19999981,
75.879998505E-3,3.19999981,
75.920000672E-3,3.17999983,
75.960002840E-3,3.22000003,
75.999997556E-3,3.19999981,
76.039999723E-3,3.19999981,
76.080001891E-3,3.22000003,
76.119996607E-3,3.19999981,
76.159998775E-3,3.17999983,
76.200000942E-3,3.17999983,
76.240003109E-3,3.17999983,
76.279997826E-3,3.19999981,
76.319999993E-3,3.17999983,
76.360002160E-3,3.15999985,
76.399996877E-3,3.15999985,
76.439999044E-3,3.15999985,
76.480001211E-3,3.17999983,
76.519995928E-3,3.17999983,
76.559998095E-3,3.15999985,
76.600000262E-3,3.15999985,
76.640002429E-3,3.13999987,
76.679997146E-3,3.15999985,
76.719999313E-3,3.13999987,
76.760001481E-3,3.13999987,
76.799996197E-3,3.13999987,
76.839998364E-3,3.13999987,
76.880000532E-3,3.11999989,
76.920002699E-3,3.15999985,
76.959997416E-3,3.15999985,
76.999999583E-3,3.13999987,
77.040001750E-3,3.13999987,
77.079996467E-3,3.13999987,
77.119998634E-3,3.11999989,
77.160000801E-3,3.11999989,
77.200002968E-3,3.11999989,
77.239997685E-3,3.09999990,
77.279999852E-3,3.11999989,
77.320002019E-3,3.11999989,
77.359996736E-3,3.09999990,
77.399998903E-3,3.09999990,
77.440001070E-3,3.09999990,
77.479995787E-3,3.11999989,
77.519997954E-3,3.09999990,
77.560000122E-3,3.09999990,
77.600002289E-3,3.11999989,
77.639997005E-3,3.09999990,
77.679999173E-3,3.09999990,
77.720001340E-3,3.11999989,
77.759996057E-3,3.09999990,
77.799998224E-3,3.09999990,
77.840000391E-3,3.09999990,
77.880002558E-3,3.11999989,
77.919997275E-3,3.09999990,
77.959999442E-3,3.11999989,
78.000001609E-3,3.11999989,
78.039996326E-3,3.11999989,
78.079998493E-3,3.11999989,
78.120000660E-3,3.11999989,
78.160002828E-3,3.11999989,
78.199997544E-3,3.13999987,
78.239999712E-3,3.11999989,
78.280001879E-3,3.13999987,
78.319996595E-3,3.11999989,
78.359998763E-3,3.13999987,
78.400000930E-3,3.13999987,
78.439995646E-3,3.11999989,
78.479997814E-3,3.15999985,
78.519999981E-3,3.17999983,
78.560002148E-3,3.17999983,
78.599996865E-3,3.15999985,
78.639999032E-3,3.17999983,
78.680001199E-3,3.17999983,
78.719995916E-3,3.17999983,
78.759998083E-3,3.17999983,
78.800000250E-3,3.19999981,
78.840002418E-3,3.22000003,
78.879997134E-3,3.22000003,
78.919999301E-3,3.19999981,
78.960001469E-3,3.22000003,
78.999996185E-3,3.22000003,
79.039998353E-3,3.22000003,
79.080000520E-3,3.22000003,
79.120002687E-3,3.24000001,
79.159997404E-3,3.24000001,
79.199999571E-3,3.25999999,
79.240001738E-3,3.24000001,
79.279996455E-3,3.25999999,
79.319998622E-3,3.25999999,
79.360000789E-3,3.25999999,
79.400002956E-3,3.25999999,
79.439997673E-3,3.27999997,
79.479999840E-3,3.27999997,
79.520002007E-3,3.27999997,
79.559996724E-3,3.29999995,
79.599998891E-3,3.31999993,
79.640001059E-3,3.27999997,
79.679995775E-3,3.29999995,
79.719997942E-3,3.29999995,
79.760000110E-3,3.29999995,
79.800002277E-3,3.31999993,
79.839996994E-3,3.29999995,
79.879999161E-3,3.33999991,
79.920001328E-3,3.31999993,
79.959996045E-3,3.33999991,
79.999998212E-3,3.31999993,
80.040000379E-3,3.33999991,
80.080002546E-3,3.33999991,
80.119997263E-3,3.33999991,
80.159999430E-3,3.33999991,
80.200001597E-3,3.35999990,
80.239996314E-3,3.33999991,
80.279998481E-3,3.35999990,
80.320000648E-3,3.33999991,
80.360002816E-3,3.35999990,
80.399997532E-3,3.35999990,
80.439999700E-3,3.35999990,
80.480001867E-3,3.37999988,
80.519996583E-3,3.35999990,
80.559998751E-3,3.37999988,
80.600000918E-3,3.37999988,
80.639995635E-3,3.37999988,
80.679997802E-3,3.37999988,
80.719999969E-3,3.37999988,
80.760002136E-3,3.35999990,
80.799996853E-3,3.39999986,
80.839999020E-3,3.39999986,
80.880001187E-3,3.39999986,
80.919995904E-3,3.37999988,
80.959998071E-3,3.37999988,
81.000000238E-3,3.37999988,
81.040002406E-3,3.39999986,
81.079997122E-3,3.39999986,
81.119999290E-3,3.37999988,
81.160001457E-3,3.37999988,
81.199996173E-3,3.37999988,
81.239998341E-3,3.37999988,
81.280000508E-3,3.39999986,
81.320002675E-3,3.39999986,
81.359997392E-3,3.39999986,
81.399999559E-3,3.41999984,
81.440001726E-3,3.39999986,
81.479996443E-3,3.37999988,
81.519998610E-3,3.41999984,
81.560000777E-3,3.41999984,
81.600002944E-3,3.39999986,
81.639997661E-3,3.39999986,
81.679999828E-3,3.39999986,
81.720001996E-3,3.39999986,
81.759996712E-3,3.41999984,
81.799998879E-3,3.41999984,
81.840001047E-3,3.39999986,
81.879995763E-3,3.43999982,
81.919997931E-3,3.41999984,
81.960000098E-3,3.41999984,
82.000002265E-3,3.43999982,
82.039996982E-3,3.41999984,
82.079999149E-3,3.41999984,
82.120001316E-3,3.43999982,
82.159996033E-3,3.43999982,
82.199998200E-3,3.43999982,
82.240000367E-3,3.43999982,
82.280002534E-3,3.41999984,
82.319997251E-3,3.43999982,
82.359999418E-3,3.43999982,
82.400001585E-3,3.43999982,
82.439996302E-3,3.43999982,
82.479998469E-3,3.43999982,
82.520000637E-3,3.43999982,
82.560002804E-3,3.43999982,
82.599997520E-3,3.46000004,
82.639999688E-3,3.43999982,
82.680001855E-3,3.43999982,
82.719996572E-3,3.43999982,
82.759998739E-3,3.43999982,
82.800000906E-3,3.46000004,
82.839995623E-3,3.46000004,
82.879997790E-3,3.46000004,
82.919999957E-3,3.46000004,
82.960002124E-3,3.46000004,
82.999996841E-3,3.43999982,
83.039999008E-3,3.46000004,
83.080001175E-3,3.43999982,
83.119995892E-3,3.48000002,
83.159998059E-3,3.46000004,
83.200000226E-3,3.46000004,
83.240002394E-3,3.46000004,
83.279997110E-3,3.48000002,
83.319999278E-3,3.46000004,
83.360001445E-3,3.48000002,
83.399996161E-3,3.48000002,
83.439998329E-3,3.48000002,
83.480000496E-3,3.46000004,
83.520002663E-3,3.50000000,
83.559997380E-3,3.48000002,
83.599999547E-3,3.48000002,
83.640001714E-3,3.48000002,
83.679996431E-3,3.50000000,
83.719998598E-3,3.48000002,
83.760000765E-3,3.50000000,
83.799995482E-3,3.50000000,
83.839997649E-3,3.48000002,
83.879999816E-3,3.50000000,
83.920001984E-3,3.48000002,
83.959996700E-3,3.50000000,
83.999998868E-3,3.50000000,
84.040001035E-3,3.48000002,
84.079995751E-3,3.50000000,
84.119997919E-3,3.50000000,
84.160000086E-3,3.50000000,
84.200002253E-3,3.50000000,
84.239996970E-3,3.51999998,
84.279999137E-3,3.50000000,
84.320001304E-3,3.50000000,
84.359996021E-3,3.50000000,
84.399998188E-3,3.50000000,
84.440000355E-3,3.51999998,
84.480002522E-3,3.51999998,
84.519997239E-3,3.50000000,
84.559999406E-3,3.51999998,
84.600001574E-3,3.51999998,
84.639996290E-3,3.50000000,
84.679998457E-3,3.51999998,
84.720000625E-3,3.51999998,
84.760002792E-3,3.50000000,
84.799997509E-3,3.50000000,
84.839999676E-3,3.51999998,
84.880001843E-3,3.51999998,
84.919996560E-3,3.51999998,
84.959998727E-3,3.51999998,
85.000000894E-3,3.51999998,
85.039995611E-3,3.51999998,
85.079997778E-3,3.51999998,
85.119999945E-3,3.51999998,
85.160002112E-3,3.51999998,
85.199996829E-3,3.53999996,
85.239998996E-3,3.51999998,
85.280001163E-3,3.53999996,
85.319995880E-3,3.51999998,
85.359998047E-3,3.51999998,
85.400000215E-3,3.53999996,
85.440002382E-3,3.53999996,
85.479997098E-3,3.51999998,
85.519999266E-3,3.51999998,
85.560001433E-3,3.53999996,
85.599996150E-3,3.53999996,
85.639998317E-3,3.53999996,
85.680000484E-3,3.51999998,
85.720002651E-3,3.53999996,
85.759997368E-3,3.51999998,
85.799999535E-3,3.51999998,
85.840001702E-3,3.55999994,
85.879996419E-3,3.51999998,
85.919998586E-3,3.53999996,
85.960000753E-3,3.53999996,
85.999995470E-3,3.53999996,
86.039997637E-3,3.53999996,
86.079999804E-3,3.51999998,
86.120001972E-3,3.53999996,
86.159996688E-3,3.53999996,
86.199998856E-3,3.53999996,
86.240001023E-3,3.53999996,
86.279995739E-3,3.55999994,
86.319997907E-3,3.53999996,
86.360000074E-3,3.55999994,
86.400002241E-3,3.53999996,
86.439996958E-3,3.53999996,
86.479999125E-3,3.53999996,
86.520001292E-3,3.53999996,
86.559996009E-3,3.53999996,
86.599998176E-3,3.51999998,
86.640000343E-3,3.51999998,
86.680002511E-3,3.53999996,
86.719997227E-3,3.53999996,
86.759999394E-3,3.51999998,
86.800001562E-3,3.53999996,
86.839996278E-3,3.51999998,
86.879998446E-3,3.51999998,
86.920000613E-3,3.51999998,
86.960002780E-3,3.51999998,
86.999997497E-3,3.51999998,
87.039999664E-3,3.50000000,
87.080001831E-3,3.50000000,
87.119996548E-3,3.51999998,
87.159998715E-3,3.50000000,
87.200000882E-3,3.50000000,
87.239995599E-3,3.48000002,
87.279997766E-3,3.48000002,
87.319999933E-3,3.46000004,
87.360002100E-3,3.48000002,
87.399996817E-3,3.46000004,
87.439998984E-3,3.46000004,
87.480001152E-3,3.43999982,
87.519995868E-3,3.43999982,
87.559998035E-3,3.43999982,
87.600000203E-3,3.43999982,
87.640002370E-3,3.41999984,
87.679997087E-3,3.41999984,
87.719999254E-3,3.37999988,
87.760001421E-3,3.37999988,
87.799996138E-3,3.39999986,
87.839998305E-3,3.37999988,
87.880000472E-3,3.35999990,
87.920002639E-3,3.33999991,
87.959997356E-3,3.31999993,
87.999999523E-3,3.33999991,
88.040001690E-3,3.29999995,
88.079996407E-3,3.31999993,
88.119998574E-3,3.29999995,
88.160000741E-3,3.27999997,
88.199995458E-3,3.25999999,
88.239997625E-3,3.25999999,
88.279999793E-3,3.25999999,
88.320001960E-3,3.24000001,
88.359996676E-3,3.22000003,
88.399998844E-3,3.22000003,
88.440001011E-3,3.22000003,
88.479995728E-3,3.19999981,
88.519997895E-3,3.17999983,
88.560000062E-3,3.17999983,
88.600002229E-3,3.13999987,
88.639996946E-3,3.13999987,
88.679999113E-3,3.11999989,
88.720001280E-3,3.13999987,
88.759995997E-3,3.11999989,
88.799998164E-3,3.11999989,
88.840000331E-3,3.11999989,
88.880002499E-3,3.09999990,
88.919997215E-3,3.07999992,
88.959999382E-3,3.07999992,
89.000001550E-3,3.05999994,
89.039996266E-3,3.05999994,
89.079998434E-3,3.07999992,
89.120000601E-3,3.05999994,
89.160002768E-3,3.05999994,
89.199997485E-3,3.03999996,
89.239999652E-3,3.05999994,
89.280001819E-3,3.05999994,
89.319996536E-3,3.03999996,
89.359998703E-3,3.03999996,
89.400000870E-3,3.03999996,
89.439995587E-3,3.01999998,
89.479997754E-3,3.03999996,
89.519999921E-3,3.05999994,
89.560002089E-3,3.03999996,
89.599996805E-3,3.03999996,
89.639998972E-3,3.05999994,
89.680001140E-3,3.05999994,
89.719995856E-3,3.05999994,
89.759998024E-3,3.05999994,
89.800000191E-3,3.07999992,
89.840002358E-3,3.05999994,
89.879997075E-3,3.09999990,
89.919999242E-3,3.07999992,
89.960001409E-3,3.09999990,
89.999996126E-3,3.09999990,
90.039998293E-3,3.11999989,
90.080000460E-3,3.11999989,
90.120002627E-3,3.13999987,
90.159997344E-3,3.13999987,
90.199999511E-3,3.15999985,
90.240001678E-3,3.19999981,
90.279996395E-3,3.17999983,
90.319998562E-3,3.22000003,
90.360000730E-3,3.22000003,
90.399995446E-3,3.24000001,
90.439997613E-3,3.24000001,
90.479999781E-3,3.25999999,
90.520001948E-3,3.25999999,
90.559996665E-3,3.27999997,
90.599998832E-3,3.29999995,
90.640000999E-3,3.31999993,
90.679995716E-3,3.33999991,
90.719997883E-3,3.33999991,
90.760000050E-3,3.35999990,
90.800002217E-3,3.37999988,
90.839996934E-3,3.39999986,
90.879999101E-3,3.39999986,
90.920001268E-3,3.41999984,
90.959995985E-3,3.43999982,
90.999998152E-3,3.43999982,
91.040000319E-3,3.43999982,
91.080002487E-3,3.48000002,
91.119997203E-3,3.48000002,
91.159999371E-3,3.50000000,
91.200001538E-3,3.50000000,
91.239996254E-3,3.51999998,
91.279998422E-3,3.53999996,
91.320000589E-3,3.53999996,
91.359995306E-3,3.55999994,
91.399997473E-3,3.55999994,
91.439999640E-3,3.55999994,
91.480001807E-3,3.57999992,
91.519996524E-3,3.59999990,
91.559998691E-3,3.59999990,
91.600000858E-3,3.59999990,
91.639995575E-3,3.61999989,
91.679997742E-3,3.59999990,
91.719999909E-3,3.61999989,
91.760002077E-3,3.61999989,
91.799996793E-3,3.61999989,
91.839998960E-3,3.65999985,
91.880001128E-3,3.65999985,
91.919995844E-3,3.65999985,
91.959998012E-3,3.65999985,
92.000000179E-3,3.65999985,
92.040002346E-3,3.65999985,
92.079997063E-3,3.67999983,
92.119999230E-3,3.65999985,
92.160001397E-3,3.69999981,
92.199996114E-3,3.69999981,
92.239998281E-3,3.69999981,
92.280000448E-3,3.69999981,
92.320002615E-3,3.69999981,
92.359997332E-3,3.72000003,
92.399999499E-3,3.69999981,
92.440001667E-3,3.69999981,
92.479996383E-3,3.72000003,
92.519998550E-3,3.72000003,
92.560000718E-3,3.72000003,
92.599995434E-3,3.74000001,
92.639997602E-3,3.72000003,
92.679999769E-3,3.74000001,
92.720001936E-3,3.74000001,
92.759996653E-3,3.74000001,
92.799998820E-3,3.74000001,
92.840000987E-3,3.74000001,
92.879995704E-3,3.74000001,
92.919997871E-3,3.74000001,
92.960000038E-3,3.74000001,
93.000002205E-3,3.74000001,
93.039996922E-3,3.74000001,
93.079999089E-3,3.75999999,
93.120001256E-3,3.74000001,
93.159995973E-3,3.74000001,
93.199998140E-3,3.75999999,
93.240000308E-3,3.75999999,
93.280002475E-3,3.75999999,
93.319997191E-3,3.75999999,
93.359999359E-3,3.75999999,
93.400001526E-3,3.75999999,
93.439996243E-3,3.75999999,
93.479998410E-3,3.75999999,
93.520000577E-3,3.77999997,
93.559995294E-3,3.77999997,
93.599997461E-3,3.75999999,
93.639999628E-3,3.75999999,
93.680001795E-3,3.75999999,
93.719996512E-3,3.75999999,
93.759998679E-3,3.75999999,
93.800000846E-3,3.77999997,
93.839995563E-3,3.79999995,
93.879997730E-3,3.75999999,
93.919999897E-3,3.75999999,
93.960002065E-3,3.75999999,
93.999996781E-3,3.77999997,
94.039998949E-3,3.77999997,
94.080001116E-3,3.77999997,
94.119995832E-3,3.79999995,
94.159998000E-3,3.77999997,
94.200000167E-3,3.79999995,
94.240002334E-3,3.77999997,
94.279997051E-3,3.77999997,
94.319999218E-3,3.79999995,
94.360001385E-3,3.79999995,
94.399996102E-3,3.77999997,
94.439998269E-3,3.77999997,
94.480000436E-3,3.79999995,
94.520002604E-3,3.77999997,
94.559997320E-3,3.79999995,
94.599999487E-3,3.77999997,
94.640001655E-3,3.79999995,
94.679996371E-3,3.79999995,
94.719998538E-3,3.81999993,
94.760000706E-3,3.79999995,
94.799995422E-3,3.81999993,
94.839997590E-3,3.79999995,
94.879999757E-3,3.79999995,
94.920001924E-3,3.79999995,
94.959996641E-3,3.81999993,
94.999998808E-3,3.79999995,
95.040000975E-3,3.79999995,
95.079995692E-3,3.81999993,
95.119997859E-3,3.79999995,
95.160000026E-3,3.79999995,
95.200002193E-3,3.79999995,
95.239996910E-3,3.81999993,
95.279999077E-3,3.79999995,
95.320001245E-3,3.81999993,
95.359995961E-3,3.81999993,
95.399998128E-3,3.79999995,
95.440000296E-3,3.81999993,
95.480002463E-3,3.81999993,
95.519997180E-3,3.79999995,
95.559999347E-3,3.81999993,
95.600001514E-3,3.81999993,
95.639996231E-3,3.81999993,
95.679998398E-3,3.81999993,
95.720000565E-3,3.81999993,
95.759995282E-3,3.83999991,
95.799997449E-3,3.81999993,
95.839999616E-3,3.81999993,
95.880001783E-3,3.81999993,
95.919996500E-3,3.81999993,
95.959998667E-3,3.81999993,
96.000000834E-3,3.83999991,
96.039995551E-3,3.85999990,
96.079997718E-3,3.85999990,
96.119999886E-3,3.83999991,
96.160002053E-3,3.83999991,
96.199996769E-3,3.81999993,
96.239998937E-3,3.83999991,
96.280001104E-3,3.83999991,
96.319995821E-3,3.83999991,
96.359997988E-3,3.83999991,
96.400000155E-3,3.81999993,
96.440002322E-3,3.81999993,
96.479997039E-3,3.83999991,
96.519999206E-3,3.83999991,
96.560001373E-3,3.83999991,
96.599996090E-3,3.83999991,
96.639998257E-3,3.85999990,
96.680000424E-3,3.85999990,
96.719995141E-3,3.83999991,
96.759997308E-3,3.83999991,
96.799999475E-3,3.83999991,
96.840001643E-3,3.85999990,
96.879996359E-3,3.85999990,
96.919998527E-3,3.83999991,
96.960000694E-3,3.85999990,
96.999995410E-3,3.85999990,
97.039997578E-3,3.85999990,
97.079999745E-3,3.85999990,
97.120001912E-3,3.85999990,
97.159996629E-3,3.87999988,
97.199998796E-3,3.85999990,
97.240000963E-3,3.85999990,
97.279995680E-3,3.87999988,
97.319997847E-3,3.85999990,
97.360000014E-3,3.85999990,
97.400002182E-3,3.85999990,
97.439996898E-3,3.85999990,
97.479999065E-3,3.87999988,
97.520001233E-3,3.85999990,
97.559995949E-3,3.87999988,
97.599998116E-3,3.87999988,
97.640000284E-3,3.87999988,
97.680002451E-3,3.87999988,
97.719997168E-3,3.89999986,
97.759999335E-3,3.85999990,
97.800001502E-3,3.87999988,
97.839996219E-3,3.83999991,
97.879998386E-3,3.87999988,
97.920000553E-3,3.85999990,
97.959995270E-3,3.85999990,
97.999997437E-3,3.89999986,
98.039999604E-3,3.89999986,
98.080001771E-3,3.87999988,
98.119996488E-3,3.87999988,
98.159998655E-3,3.87999988,
98.200000823E-3,3.89999986,
98.239995539E-3,3.89999986,
98.279997706E-3,3.87999988,
98.319999874E-3,3.89999986,
98.360002041E-3,3.89999986,
98.399996758E-3,3.89999986,
98.439998925E-3,3.87999988,
98.480001092E-3,3.87999988,
98.519995809E-3,3.89999986,
98.559997976E-3,3.89999986,
98.600000143E-3,3.89999986,
98.640002310E-3,3.89999986,
98.679997027E-3,3.89999986,
98.719999194E-3,3.89999986,
98.760001361E-3,3.89999986,
98.799996078E-3,3.89999986,
98.839998245E-3,3.89999986,
98.880000412E-3,3.87999988,
98.919995129E-3,3.87999988,
98.959997296E-3,3.89999986,
98.999999464E-3,3.89999986,
99.040001631E-3,3.89999986,
99.079996347E-3,3.91999984,
99.119998515E-3,3.91999984,
99.160000682E-3,3.89999986,
99.199995399E-3,3.91999984,
99.239997566E-3,3.89999986,
99.279999733E-3,3.87999988,
99.320001900E-3,3.89999986,
99.359996617E-3,3.91999984,
99.399998784E-3,3.89999986,
99.440000951E-3,3.91999984,
99.479995668E-3,3.87999988,
99.519997835E-3,3.89999986,
99.560000002E-3,3.89999986,
99.600002170E-3,3.91999984,
99.639996886E-3,3.89999986,
99.679999053E-3,3.91999984,
99.720001221E-3,3.89999986,
99.759995937E-3,3.87999988,
99.799998105E-3,3.89999986,
99.840000272E-3,3.89999986,
99.880002439E-3,3.89999986,
99.919997156E-3,3.89999986,
99.959999323E-3,3.89999986,
100.0000015E-3,3.89999986,
100.0399962E-3,3.89999986,
100.0799984E-3,3.89999986,
100.1200005E-3,3.87999988,
100.1599953E-3,3.89999986,
100.1999974E-3,3.89999986,
100.2399996E-3,3.87999988,
100.2800018E-3,3.87999988,
100.3199965E-3,3.85999990,
100.3599986E-3,3.85999990,
100.4000008E-3,3.85999990,
100.4399955E-3,3.83999991,
100.4799977E-3,3.83999991,
100.5199999E-3,3.83999991,
100.5600020E-3,3.83999991,
100.5999967E-3,3.81999993,
100.6399989E-3,3.79999995,
100.6800011E-3,3.81999993,
100.7199958E-3,3.77999997,
100.7599980E-3,3.77999997,
100.8000001E-3,3.75999999,
100.8400023E-3,3.75999999,
100.8799970E-3,3.75999999,
100.9199992E-3,3.74000001,
100.9600013E-3,3.72000003,
100.9999961E-3,3.67999983,
101.0399982E-3,3.67999983,
101.0800004E-3,3.65999985,
101.1199951E-3,3.61999989,
101.1599973E-3,3.61999989,
101.1999995E-3,3.59999990,
101.2400016E-3,3.55999994,
101.2799963E-3,3.53999996,
101.3199985E-3,3.53999996,
101.3600007E-3,3.51999998,
101.3999954E-3,3.46000004,
101.4399976E-3,3.46000004,
101.4799997E-3,3.43999982,
101.5200019E-3,3.39999986,
101.5599966E-3,3.37999988,
101.5999988E-3,3.35999990,
101.6400009E-3,3.33999991,
101.6799957E-3,3.29999995,
101.7199978E-3,3.27999997,
101.7600000E-3,3.25999999,
101.8000022E-3,3.24000001,
101.8399969E-3,3.19999981,
101.8799990E-3,3.17999983,
101.9200012E-3,3.13999987,
101.9599959E-3,3.15999985,
101.9999981E-3,3.11999989,
102.0400003E-3,3.09999990,
102.0800024E-3,3.05999994,
102.1199971E-3,3.03999996,
102.1599993E-3,3.03999996,
102.2000015E-3,3.00000000,
102.2399962E-3,3.00000000,
102.2799984E-3,2.98000002,
102.3200005E-3,2.93999982,
102.3599952E-3,2.93999982,
102.3999974E-3,2.93999982,
102.4399996E-3,2.91999984,
102.4800017E-3,2.89999986,
102.5199965E-3,2.89999986,
102.5599986E-3,2.89999986,
102.6000008E-3,2.87999988,
102.6399955E-3,2.89999986,
102.6799977E-3,2.85999990,
102.7199998E-3,2.87999988,
102.7600020E-3,2.87999988,
102.7999967E-3,2.87999988,
102.8399989E-3,2.87999988,
102.8800011E-3,2.87999988,
102.9199958E-3,2.85999990,
102.9599980E-3,2.87999988,
103.0000001E-3,2.89999986,
103.0400023E-3,2.89999986,
103.0799970E-3,2.89999986,
103.1199992E-3,2.89999986,
103.1600013E-3,2.93999982,
103.1999961E-3,2.93999982,
103.2399982E-3,2.93999982,
103.2800004E-3,2.98000002,
103.3199951E-3,2.98000002,
103.3599973E-3,3.00000000,
103.3999994E-3,3.01999998,
103.4400016E-3,3.01999998,
103.4799963E-3,3.03999996,
103.5199985E-3,3.07999992,
103.5600007E-3,3.11999989,
103.5999954E-3,3.11999989,
103.6399975E-3,3.13999987,
103.6799997E-3,3.13999987,
103.7200019E-3,3.15999985,
103.7599966E-3,3.22000003,
103.7999988E-3,3.22000003,
103.8400009E-3,3.25999999,
103.8799956E-3,3.25999999,
103.9199978E-3,3.29999995,
103.9600000E-3,3.29999995,
104.0000021E-3,3.33999991,
104.0399969E-3,3.37999988,
104.0799990E-3,3.37999988,
104.1200012E-3,3.43999982,
104.1599959E-3,3.43999982,
104.1999981E-3,3.48000002,
104.2400002E-3,3.51999998,
104.2799950E-3,3.51999998,
104.3199971E-3,3.53999996,
104.3599993E-3,3.57999992,
104.4000015E-3,3.57999992,
104.4399962E-3,3.59999990,
104.4799984E-3,3.63999987,
104.5200005E-3,3.65999985,
104.5599952E-3,3.67999983,
104.5999974E-3,3.69999981,
104.6399996E-3,3.69999981,
104.6800017E-3,3.74000001,
104.7199965E-3,3.74000001,
104.7599986E-3,3.77999997,
104.8000008E-3,3.77999997,
104.8399955E-3,3.79999995,
104.8799977E-3,3.81999993,
104.9199998E-3,3.81999993,
104.9600020E-3,3.83999991,
104.9999967E-3,3.85999990,
105.0399989E-3,3.85999990,
105.0800011E-3,3.89999986,
105.1199958E-3,3.89999986,
105.1599979E-3,3.91999984,
105.2000001E-3,3.91999984,
105.2400023E-3,3.91999984,
105.2799970E-3,3.91999984,
105.3199992E-3,3.93999982,
105.3600013E-3,3.93999982,
105.3999960E-3,3.95999980,
105.4399982E-3,3.98000002,
105.4800004E-3,3.98000002,
105.5199951E-3,3.98000002,
105.5599973E-3,3.98000002,
105.5999994E-3,3.98000002,
105.6400016E-3,3.98000002,
105.6799963E-3,4.00000000,
105.7199985E-3,3.98000002,
105.7600006E-3,4.00000000,
105.7999954E-3,4.00000000,
105.8399975E-3,4.00000000,
105.8799997E-3,4.00000000,
105.9200019E-3,4.00000000,
105.9599966E-3,4.00000000,
105.9999987E-3,3.98000002,
106.0400009E-3,4.00000000,
106.0799956E-3,4.00000000,
106.1199978E-3,4.00000000,
106.1600000E-3,3.98000002,
106.2000021E-3,3.98000002,
106.2399969E-3,3.98000002,
106.2799990E-3,3.98000002,
106.3200012E-3,3.98000002,
106.3599959E-3,3.98000002,
106.3999981E-3,3.95999980,
106.4400002E-3,3.95999980,
106.4799950E-3,3.93999982,
106.5199971E-3,3.95999980,
106.5599993E-3,3.93999982,
106.6000015E-3,3.93999982,
106.6399962E-3,3.93999982,
106.6799983E-3,3.89999986,
106.7200005E-3,3.87999988,
106.7599952E-3,3.89999986,
106.7999974E-3,3.89999986,
106.8399996E-3,3.85999990,
106.8800017E-3,3.85999990,
106.9199964E-3,3.85999990,
106.9599986E-3,3.83999991,
107.0000008E-3,3.83999991,
107.0399955E-3,3.81999993,
107.0799977E-3,3.81999993,
107.1199998E-3,3.79999995,
107.1600020E-3,3.77999997,
107.1999967E-3,3.77999997,
107.2399989E-3,3.77999997,
107.2800010E-3,3.75999999,
107.3199958E-3,3.74000001,
107.3599979E-3,3.74000001,
107.4000001E-3,3.69999981,
107.4400023E-3,3.69999981,
107.4799970E-3,3.69999981,
107.5199991E-3,3.67999983,
107.5600013E-3,3.67999983,
107.5999960E-3,3.65999985,
107.6399982E-3,3.65999985,
107.6800004E-3,3.63999987,
107.7199951E-3,3.63999987,
107.7599972E-3,3.61999989,
107.7999994E-3,3.63999987,
107.8400016E-3,3.63999987,
107.8799963E-3,3.61999989,
107.9199985E-3,3.61999989,
107.9600006E-3,3.61999989,
107.9999954E-3,3.59999990,
108.0399975E-3,3.59999990,
108.0799997E-3,3.59999990,
108.1200019E-3,3.59999990,
108.1599966E-3,3.59999990,
108.1999987E-3,3.59999990,
108.2400009E-3,3.59999990,
108.2799956E-3,3.59999990,
108.3199978E-3,3.59999990,
108.3600000E-3,3.61999989,
108.4000021E-3,3.61999989,
108.4399968E-3,3.63999987,
108.4799990E-3,3.63999987,
108.5200012E-3,3.65999985,
108.5599959E-3,3.63999987,
108.5999981E-3,3.63999987,
108.6400002E-3,3.67999983,
108.6799949E-3,3.67999983,
108.7199971E-3,3.67999983,
108.7599993E-3,3.69999981,
108.8000014E-3,3.72000003,
108.8399962E-3,3.72000003,
108.8799983E-3,3.72000003,
108.9200005E-3,3.74000001,
108.9599952E-3,3.74000001,
108.9999974E-3,3.74000001,
109.0399995E-3,3.75999999,
109.0800017E-3,3.79999995,
109.1199964E-3,3.79999995,
109.1599986E-3,3.81999993,
109.2000008E-3,3.79999995,
109.2399955E-3,3.81999993,
109.2799976E-3,3.83999991,
109.3199998E-3,3.83999991,
109.3600020E-3,3.83999991,
109.3999967E-3,3.87999988,
109.4399989E-3,3.89999986,
109.4800010E-3,3.89999986,
109.5199957E-3,3.89999986,
109.5599979E-3,3.93999982,
109.6000001E-3,3.93999982,
109.6400023E-3,3.93999982,
109.6799970E-3,3.95999980,
109.7199991E-3,3.95999980,
109.7600013E-3,3.98000002,
109.7999960E-3,3.95999980,
109.8399982E-3,4.00000000,
109.8800004E-3,4.00000000,
109.9199951E-3,4.00000000,
109.9599972E-3,4.00000000,
109.9999994E-3,4.01999998,
110.0400016E-3,4.03999996,
110.0799963E-3,4.03999996,
110.1199985E-3,4.03999996,
110.1600006E-3,4.03999996,
110.1999953E-3,4.07999992,
110.2399975E-3,4.07999992,
110.2799997E-3,4.07999992,
110.3200018E-3,4.07999992,
110.3599966E-3,4.09999990,
110.3999987E-3,4.09999990,
110.4400009E-3,4.11999989,
110.4799956E-3,4.11999989,
110.5199978E-3,4.11999989,
110.5599999E-3,4.13999987,
110.6000021E-3,4.13999987,
110.6399968E-3,4.15999985,
110.6799990E-3,4.15999985,
110.7200012E-3,4.11999989,
110.7599959E-3,4.13999987,
110.7999980E-3,4.15999985,
110.8400002E-3,4.15999985,
110.8799949E-3,4.17999983,
110.9199971E-3,4.17999983,
110.9599993E-3,4.17999983,
111.0000014E-3,4.17999983,
111.0399961E-3,4.19999981,
111.0799983E-3,4.17999983,
111.1200005E-3,4.19999981,
111.1599952E-3,4.19999981,
111.1999974E-3,4.19999981,
111.2399995E-3,4.17999983,
111.2800017E-3,4.17999983,
111.3199964E-3,4.19999981,
111.3599986E-3,4.19999981,
111.4000008E-3,4.21999979,
111.4399955E-3,4.21999979,
111.4799976E-3,4.21999979,
111.5199998E-3,4.21999979,
111.5600020E-3,4.25999975,
111.5999967E-3,4.23999977,
111.6399989E-3,4.23999977,
111.6800010E-3,4.23999977,
111.7199957E-3,4.25999975,
111.7599979E-3,4.23999977,
111.8000001E-3,4.25999975,
111.8399948E-3,4.23999977,
111.8799970E-3,4.27999973,
111.9199991E-3,4.25999975,
111.9600013E-3,4.25999975,
111.9999960E-3,4.25999975,
112.0399982E-3,4.25999975,
112.0800003E-3,4.27999973,
112.1199951E-3,4.25999975,
112.1599972E-3,4.25999975,
112.1999994E-3,4.27999973,
112.2400016E-3,4.25999975,
112.2799963E-3,4.27999973,
112.3199984E-3,4.27999973,
112.3600006E-3,4.27999973,
112.3999953E-3,4.25999975,
112.4399975E-3,4.27999973,
112.4799997E-3,4.27999973,
112.5200018E-3,4.27999973,
112.5599965E-3,4.27999973,
112.5999987E-3,4.27999973,
112.6400009E-3,4.27999973,
112.6799956E-3,4.27999973,
112.7199978E-3,4.25999975,
112.7599999E-3,4.29999971,
112.8000021E-3,4.29999971,
112.8399968E-3,4.29999971,
112.8799990E-3,4.27999973,
112.9200011E-3,4.27999973,
112.9599959E-3,4.29999971,
112.9999980E-3,4.31999969,
113.0400002E-3,4.29999971,
113.0799949E-3,4.29999971,
113.1199971E-3,4.29999971,
113.1599993E-3,4.27999973,
113.2000014E-3,4.31999969,
113.2399961E-3,4.29999971,
113.2799983E-3,4.29999971,
113.3200005E-3,4.29999971,
113.3599952E-3,4.31999969,
113.3999974E-3,4.29999971,
113.4399995E-3,4.31999969,
113.4800017E-3,4.29999971,
113.5199964E-3,4.33999968,
113.5599986E-3,4.29999971,
113.6000007E-3,4.33999968,
113.6399955E-3,4.31999969,
113.6799976E-3,4.31999969,
113.7199998E-3,4.29999971,
113.7600020E-3,4.29999971,
113.7999967E-3,4.29999971,
113.8399988E-3,4.33999968,
113.8800010E-3,4.33999968,
113.9199957E-3,4.33999968,
113.9599979E-3,4.31999969,
114.0000001E-3,4.31999969,
114.0399948E-3,4.29999971,
114.0799969E-3,4.31999969,
114.1199991E-3,4.33999968,
114.1600013E-3,4.33999968,
114.1999960E-3,4.31999969,
114.2399982E-3,4.31999969,
114.2800003E-3,4.33999968,
114.3199950E-3,4.31999969,
114.3599972E-3,4.31999969,
114.3999994E-3,4.33999968,
114.4400015E-3,4.33999968,
114.4799963E-3,4.33999968,
114.5199984E-3,4.33999968,
114.5600006E-3,4.31999969,
114.5999953E-3,4.33999968,
114.6399975E-3,4.33999968,
114.6799996E-3,4.33999968,
114.7200018E-3,4.36000013,
114.7599965E-3,4.33999968,
114.7999987E-3,4.33999968,
114.8400009E-3,4.36000013,
114.8799956E-3,4.33999968,
114.9199978E-3,4.36000013,
114.9599999E-3,4.33999968,
115.0000021E-3,4.36000013,
115.0399968E-3,4.36000013,
115.0799990E-3,4.36000013,
115.1200011E-3,4.33999968,
115.1599959E-3,4.33999968,
115.1999980E-3,4.33999968,
115.2400002E-3,4.36000013,
115.2799949E-3,4.36000013,
115.3199971E-3,4.33999968,
115.3599992E-3,4.33999968,
115.4000014E-3,4.36000013,
115.4399961E-3,4.36000013,
115.4799983E-3,4.36000013,
115.5200005E-3,4.36000013,
115.5599952E-3,4.36000013,
115.5999973E-3,4.36000013,
115.6399995E-3,4.38000011,
115.6800017E-3,4.33999968,
115.7199964E-3,4.36000013,
115.7599986E-3,4.36000013,
115.8000007E-3,4.36000013,
115.8399954E-3,4.36000013,
115.8799976E-3,4.38000011,
115.9199998E-3,4.33999968,
115.9600019E-3,4.40000010,
115.9999967E-3,4.36000013,
116.0399988E-3,4.36000013,
116.0800010E-3,4.36000013,
116.1199957E-3,4.36000013,
116.1599979E-3,4.36000013,
116.2000000E-3,4.36000013,
116.2399948E-3,4.40000010,
116.2799969E-3,4.36000013,
116.3199991E-3,4.36000013,
116.3600013E-3,4.38000011,
116.3999960E-3,4.38000011,
116.4399981E-3,4.38000011,
116.4800003E-3,4.36000013,
116.5199950E-3,4.36000013,
116.5599972E-3,4.36000013,
116.5999994E-3,4.38000011,
116.6400015E-3,4.38000011,
116.6799963E-3,4.36000013,
116.7199984E-3,4.36000013,
116.7600006E-3,4.36000013,
116.7999953E-3,4.36000013,
116.8399975E-3,4.38000011,
116.8799996E-3,4.36000013,
116.9200018E-3,4.36000013,
116.9599965E-3,4.33999968,
116.9999987E-3,4.36000013,
117.0400009E-3,4.33999968,
117.0799956E-3,4.33999968,
117.1199977E-3,4.36000013,
117.1599999E-3,4.33999968,
117.2000021E-3,4.36000013,
117.2399968E-3,4.33999968,
117.2799990E-3,4.36000013,
117.3200011E-3,4.33999968,
117.3599958E-3,4.33999968,
117.3999980E-3,4.33999968,
117.4400002E-3,4.33999968,
117.4799949E-3,4.33999968,
117.5199971E-3,4.33999968,
117.5599992E-3,4.33999968,
117.6000014E-3,4.33999968,
117.6399961E-3,4.33999968,
117.6799983E-3,4.33999968,
117.7200004E-3,4.33999968,
117.7599952E-3,4.33999968,
117.7999973E-3,4.33999968,
117.8399995E-3,4.33999968,
117.8800017E-3,4.36000013,
117.9199964E-3,4.33999968,
117.9599985E-3,4.33999968,
118.0000007E-3,4.31999969,
118.0399954E-3,4.33999968,
118.0799976E-3,4.33999968,
118.1199998E-3,4.29999971,
118.1600019E-3,4.31999969,
118.1999967E-3,4.31999969,
118.2399988E-3,4.31999969,
118.2800010E-3,4.33999968,
118.3199957E-3,4.31999969,
118.3599979E-3,4.31999969,
118.4000000E-3,4.31999969,
118.4399948E-3,4.31999969,
118.4799969E-3,4.31999969,
118.5199991E-3,4.29999971,
118.5600013E-3,4.31999969,
118.5999960E-3,4.31999969,
118.6399981E-3,4.33999968,
118.6800003E-3,4.31999969,
118.7199950E-3,4.31999969,
118.7599972E-3,4.29999971,
118.7999994E-3,4.29999971,
118.8400015E-3,4.29999971,
118.8799962E-3,4.27999973,
118.9199984E-3,4.29999971,
118.9600006E-3,4.31999969,
118.9999953E-3,4.29999971,
119.0399975E-3,4.27999973,
119.0799996E-3,4.27999973,
119.1200018E-3,4.27999973,
119.1599965E-3,4.29999971,
119.1999987E-3,4.29999971,
119.2400008E-3,4.29999971,
119.2799956E-3,4.27999973,
119.3199977E-3,4.25999975,
119.3599999E-3,4.27999973,
119.3999946E-3,4.29999971,
119.4399968E-3,4.25999975,
119.4799989E-3,4.27999973,
119.5200011E-3,4.27999973,
119.5599958E-3,4.27999973,
119.5999980E-3,4.27999973,
119.6400002E-3,4.27999973,
119.6799949E-3,4.27999973,
119.7199970E-3,4.25999975,
119.7599992E-3,4.25999975,
119.8000014E-3,4.25999975,
119.8399961E-3,4.25999975,
119.8799983E-3,4.25999975,
119.9200004E-3,4.25999975,
119.9599952E-3,4.27999973,
119.9999973E-3,4.23999977,
120.0399995E-3,4.25999975,
120.0800017E-3,4.27999973,
120.1199964E-3,4.25999975,
120.1599985E-3,4.25999975,
120.2000007E-3,4.25999975,
120.2399954E-3,4.27999973,
120.2799976E-3,4.25999975,
120.3199998E-3,4.23999977,
120.3600019E-3,4.25999975,
120.3999966E-3,4.25999975,
120.4399988E-3,4.23999977,
120.4800010E-3,4.23999977,
120.5199957E-3,4.25999975,
120.5599979E-3,4.23999977,
120.6000000E-3,4.23999977,
120.6399947E-3,4.25999975,
120.6799969E-3,4.23999977,
120.7199991E-3,4.23999977,
120.7600012E-3,4.25999975,
120.7999960E-3,4.25999975,
120.8399981E-3,4.23999977,
120.8800003E-3,4.21999979,
120.9199950E-3,4.23999977,
120.9599972E-3,4.25999975,
120.9999993E-3,4.25999975,
121.0400015E-3,4.25999975,
121.0799962E-3,4.23999977,
121.1199984E-3,4.25999975,
121.1600006E-3,4.23999977,
121.1999953E-3,4.23999977,
121.2399974E-3,4.21999979,
121.2799996E-3,4.25999975,
121.3200018E-3,4.21999979,
121.3599965E-3,4.23999977,
121.3999987E-3,4.21999979,
121.4400008E-3,4.21999979,
121.4799955E-3,4.23999977,
121.5199977E-3,4.21999979,
121.5599999E-3,4.21999979,
121.5999946E-3,4.21999979,
121.6399968E-3,4.23999977,
121.6799989E-3,4.23999977,
121.7200011E-3,4.19999981,
121.7599958E-3,4.19999981,
121.7999980E-3,4.19999981,
121.8400002E-3,4.19999981,
121.8799949E-3,4.21999979,
121.9199970E-3,4.21999979,
121.9599992E-3,4.19999981,
122.0000014E-3,4.19999981,
122.0399961E-3,4.19999981,
122.0799983E-3,4.17999983,
122.1200004E-3,4.17999983,
122.1599951E-3,4.19999981,
122.1999973E-3,4.19999981,
122.2399995E-3,4.17999983,
122.2800016E-3,4.17999983,
122.3199964E-3,4.15999985,
122.3599985E-3,4.17999983,
122.4000007E-3,4.17999983,
122.4399954E-3,4.15999985,
122.4799976E-3,4.17999983,
122.5199997E-3,4.15999985,
122.5600019E-3,4.13999987,
122.5999966E-3,4.15999985,
122.6399988E-3,4.13999987,
122.6800010E-3,4.15999985,
122.7199957E-3,4.15999985,
122.7599978E-3,4.13999987,
122.8000000E-3,4.13999987,
122.8399947E-3,4.13999987,
122.8799969E-3,4.11999989,
122.9199991E-3,4.11999989,
122.9600012E-3,4.11999989,
122.9999959E-3,4.09999990,
123.0399981E-3,4.09999990,
123.0800003E-3,4.09999990,
123.1199950E-3,4.09999990,
123.1599972E-3,4.07999992,
123.1999993E-3,4.07999992,
123.2400015E-3,4.07999992,
123.2799962E-3,4.07999992,
123.3199984E-3,4.05999994,
123.3600006E-3,4.03999996,
123.3999953E-3,4.03999996,
123.4399974E-3,4.03999996,
123.4799996E-3,4.01999998,
123.5200018E-3,4.01999998,
123.5599965E-3,4.00000000,
123.5999987E-3,4.00000000,
123.6400008E-3,3.98000002,
123.6799955E-3,3.95999980,
123.7199977E-3,3.98000002,
123.7599999E-3,3.95999980,
123.7999946E-3,3.98000002,
123.8399968E-3,3.95999980,
123.8799989E-3,3.93999982,
123.9200011E-3,3.93999982,
123.9599958E-3,3.91999984,
123.9999980E-3,3.87999988,
124.0400001E-3,3.91999984,
124.0799949E-3,3.89999986,
124.1199970E-3,3.85999990,
124.1599992E-3,3.85999990,
124.2000014E-3,3.83999991,
124.2399961E-3,3.83999991,
124.2799982E-3,3.81999993,
124.3200004E-3,3.81999993,
124.3599951E-3,3.79999995,
124.3999973E-3,3.81999993,
124.4399995E-3,3.79999995,
124.4800016E-3,3.77999997,
124.5199963E-3,3.75999999,
124.5599985E-3,3.74000001,
124.6000007E-3,3.74000001,
124.6399954E-3,3.69999981,
124.6799976E-3,3.72000003,
124.7199997E-3,3.69999981,
124.7599944E-3,3.67999983,
124.7999966E-3,3.65999985,
124.8399988E-3,3.67999983,
124.8800009E-3,3.67999983,
124.9199957E-3,3.65999985,
124.9599978E-3,3.65999985,
125.0000000E-3,3.63999987,
125.0399947E-3,3.63999987,
125.0800043E-3,3.61999989,
125.1199991E-3,3.61999989,
125.1599938E-3,3.61999989,
125.2000034E-3,3.59999990,
125.2399981E-3,3.59999990,
125.2799928E-3,3.61999989,
125.3200024E-3,3.59999990,
125.3599972E-3,3.59999990,
125.3999919E-3,3.59999990,
125.4400015E-3,3.57999992,
125.4799962E-3,3.57999992,
125.5199909E-3,3.59999990,
125.5600005E-3,3.57999992,
125.5999953E-3,3.57999992,
125.6400049E-3,3.57999992,
125.6799996E-3,3.57999992,
125.7199943E-3,3.59999990,
125.7600039E-3,3.59999990,
125.7999986E-3,3.61999989,
125.8399934E-3,3.59999990,
125.8800030E-3,3.61999989,
125.9199977E-3,3.61999989,
125.9599924E-3,3.61999989,
126.0000020E-3,3.63999987,
126.0399967E-3,3.65999985,
126.0799915E-3,3.65999985,
126.1200011E-3,3.65999985,
126.1599958E-3,3.65999985,
126.2000054E-3,3.67999983,
126.2400001E-3,3.67999983,
126.2799948E-3,3.69999981,
126.3200045E-3,3.74000001,
126.3599992E-3,3.74000001,
126.3999939E-3,3.74000001,
126.4400035E-3,3.74000001,
126.4799982E-3,3.74000001,
126.5199929E-3,3.75999999,
126.5600026E-3,3.75999999,
126.5999973E-3,3.77999997,
126.6399920E-3,3.79999995,
126.6800016E-3,3.79999995,
126.7199963E-3,3.81999993,
126.7599910E-3,3.79999995,
126.8000007E-3,3.81999993,
126.8399954E-3,3.83999991,
126.8800050E-3,3.81999993,
126.9199997E-3,3.85999990,
126.9599944E-3,3.85999990,
127.0000041E-3,3.87999988,
127.0399988E-3,3.87999988,
127.0799935E-3,3.87999988,
127.1200031E-3,3.89999986,
127.1599978E-3,3.89999986,
127.1999925E-3,3.89999986,
127.2400022E-3,3.91999984,
127.2799969E-3,3.91999984,
127.3199916E-3,3.91999984,
127.3600012E-3,3.93999982,
127.3999959E-3,3.91999984,
127.4400055E-3,3.93999982,
127.4800003E-3,3.93999982,
127.5199950E-3,3.93999982,
127.5600046E-3,3.93999982,
127.5999993E-3,3.95999980,
127.6399940E-3,3.95999980,
127.6800036E-3,3.95999980,
127.7199984E-3,3.98000002,
127.7599931E-3,3.93999982,
127.8000027E-3,3.95999980,
127.8399974E-3,3.95999980,
127.8799921E-3,3.95999980,
127.9200017E-3,3.95999980,
127.9599965E-3,3.95999980,
127.9999912E-3,3.95999980,
128.0400008E-3,3.95999980,
128.0799955E-3,3.95999980,
128.1200051E-3,3.93999982,
128.1599998E-3,3.93999982,
128.1999946E-3,3.93999982,
128.2400042E-3,3.91999984,
128.2799989E-3,3.93999982,
128.3199936E-3,3.91999984,
128.3600032E-3,3.91999984,
128.3999979E-3,3.91999984,
128.4399927E-3,3.89999986,
128.4800023E-3,3.89999986,
128.5199970E-3,3.87999988,
128.5599917E-3,3.87999988,
128.6000013E-3,3.85999990,
128.6399961E-3,3.83999991,
128.6799908E-3,3.83999991,
128.7200004E-3,3.81999993,
128.7599951E-3,3.81999993,
128.8000047E-3,3.79999995,
128.8399994E-3,3.77999997,
128.8799942E-3,3.77999997,
128.9200038E-3,3.75999999,
128.9599985E-3,3.74000001,
128.9999932E-3,3.74000001,
129.0400028E-3,3.72000003,
129.0799975E-3,3.67999983,
129.1199923E-3,3.67999983,
129.1600019E-3,3.65999985,
129.1999966E-3,3.65999985,
129.2399913E-3,3.61999989,
129.2800009E-3,3.59999990,
129.3199956E-3,3.59999990,
129.3600053E-3,3.55999994,
129.4000000E-3,3.53999996,
129.4399947E-3,3.51999998,
129.4800043E-3,3.48000002,
129.5199990E-3,3.48000002,
129.5599937E-3,3.43999982,
129.6000034E-3,3.41999984,
129.6399981E-3,3.37999988,
129.6799928E-3,3.35999990,
129.7200024E-3,3.33999991,
129.7599971E-3,3.31999993,
129.7999918E-3,3.27999997,
129.8400015E-3,3.27999997,
129.8799962E-3,3.25999999,
129.9199909E-3,3.22000003,
129.9600005E-3,3.19999981,
129.9999952E-3,3.15999985,
130.0400048E-3,3.15999985,
130.0799996E-3,3.11999989,
130.1199943E-3,3.11999989,
130.1600039E-3,3.09999990,
130.1999986E-3,3.07999992,
130.2399933E-3,3.03999996,
130.2800030E-3,3.01999998,
130.3199977E-3,3.03999996,
130.3599924E-3,2.98000002,
130.4000020E-3,2.96000004,
130.4399967E-3,2.93999982,
130.4799914E-3,2.96000004,
130.5200011E-3,2.91999984,
130.5599958E-3,2.91999984,
130.6000054E-3,2.89999986,
130.6400001E-3,2.87999988,
130.6799948E-3,2.87999988,
130.7200044E-3,2.87999988,
130.7599992E-3,2.85999990,
130.7999939E-3,2.83999991,
130.8400035E-3,2.83999991,
130.8799982E-3,2.83999991,
130.9199929E-3,2.81999993,
130.9600025E-3,2.83999991,
130.9999973E-3,2.83999991,
131.0399920E-3,2.85999990,
131.0800016E-3,2.83999991,
131.1199963E-3,2.85999990,
131.1599910E-3,2.85999990,
131.2000006E-3,2.83999991,
131.2399954E-3,2.85999990,
131.2800050E-3,2.87999988,
131.3199997E-3,2.85999990,
131.3599944E-3,2.87999988,
131.4000040E-3,2.89999986,
131.4399987E-3,2.89999986,
131.4799935E-3,2.91999984,
131.5200031E-3,2.91999984,
131.5599978E-3,2.96000004,
131.5999925E-3,2.96000004,
131.6400021E-3,2.98000002,
131.6799968E-3,3.00000000,
131.7199916E-3,3.03999996,
131.7600012E-3,3.05999994,
131.7999959E-3,3.07999992,
131.8399906E-3,3.07999992,
131.8800002E-3,3.11999989,
131.9199950E-3,3.11999989,
131.9600046E-3,3.15999985,
131.9999993E-3,3.17999983,
132.0399940E-3,3.19999981,
132.0800036E-3,3.24000001,
132.1199983E-3,3.25999999,
132.1599931E-3,3.27999997,
132.2000027E-3,3.29999995,
132.2399974E-3,3.33999991,
132.2799921E-3,3.37999988,
132.3200017E-3,3.37999988,
132.3599964E-3,3.39999986,
132.3999912E-3,3.43999982,
132.4400008E-3,3.46000004,
132.4799955E-3,3.48000002,
132.5200051E-3,3.50000000,
132.5599998E-3,3.51999998,
132.5999945E-3,3.53999996,
132.6400042E-3,3.55999994,
132.6799989E-3,3.57999992,
132.7199936E-3,3.59999990,
132.7600032E-3,3.59999990,
132.7999979E-3,3.61999989,
132.8399926E-3,3.65999985,
132.8800023E-3,3.65999985,
132.9199970E-3,3.67999983,
132.9599917E-3,3.69999981,
133.0000013E-3,3.67999983,
133.0399960E-3,3.74000001,
133.0799907E-3,3.72000003,
133.1200004E-3,3.74000001,
133.1599951E-3,3.77999997,
133.2000047E-3,3.75999999,
133.2399994E-3,3.77999997,
133.2799941E-3,3.79999995,
133.3200037E-3,3.79999995,
133.3599985E-3,3.79999995,
133.3999932E-3,3.81999993,
133.4400028E-3,3.81999993,
133.4799975E-3,3.81999993,
133.5199922E-3,3.81999993,
133.5600019E-3,3.83999991,
133.5999966E-3,3.83999991,
133.6399913E-3,3.83999991,
133.6800009E-3,3.85999990,
133.7199956E-3,3.85999990,
133.7600052E-3,3.85999990,
133.8000000E-3,3.85999990,
133.8399947E-3,3.85999990,
133.8800043E-3,3.87999988,
133.9199990E-3,3.87999988,
133.9599937E-3,3.85999990,
134.0000033E-3,3.85999990,
134.0399981E-3,3.87999988,
134.0799928E-3,3.87999988,
134.1200024E-3,3.87999988,
134.1599971E-3,3.87999988,
134.1999918E-3,3.89999986,
134.2400014E-3,3.87999988,
134.2799962E-3,3.89999986,
134.3199909E-3,3.85999990,
134.3600005E-3,3.89999986,
134.3999952E-3,3.87999988,
134.4400048E-3,3.87999988,
134.4799995E-3,3.85999990,
134.5199943E-3,3.87999988,
134.5600039E-3,3.85999990,
134.5999986E-3,3.87999988,
134.6399933E-3,3.87999988,
134.6800029E-3,3.87999988,
134.7199976E-3,3.87999988,
134.7599924E-3,3.89999986,
134.8000020E-3,3.87999988,
134.8399967E-3,3.85999990,
134.8799914E-3,3.85999990,
134.9200010E-3,3.85999990,
134.9599957E-3,3.87999988,
134.9999905E-3,3.85999990,
135.0400001E-3,3.85999990,
135.0799948E-3,3.85999990,
135.1200044E-3,3.85999990,
135.1599991E-3,3.85999990,
135.1999938E-3,3.85999990,
135.2400035E-3,3.85999990,
135.2799982E-3,3.85999990,
135.3199929E-3,3.85999990,
135.3600025E-3,3.83999991,
135.3999972E-3,3.85999990,
135.4399920E-3,3.83999991,
135.4800016E-3,3.85999990,
135.5199963E-3,3.83999991,
135.5599910E-3,3.85999990,
135.6000006E-3,3.85999990,
135.6399953E-3,3.83999991,
135.6800050E-3,3.83999991,
135.7199997E-3,3.85999990,
135.7599944E-3,3.83999991,
135.8000040E-3,3.83999991,
135.8399987E-3,3.85999990,
135.8799934E-3,3.83999991,
135.9200031E-3,3.83999991,
135.9599978E-3,3.85999990,
135.9999925E-3,3.83999991,
136.0400021E-3,3.83999991,
136.0799968E-3,3.83999991,
136.1199915E-3,3.81999993,
136.1600012E-3,3.81999993,
136.1999959E-3,3.81999993,
136.2399906E-3,3.83999991,
136.2800002E-3,3.83999991,
136.3199949E-3,3.81999993,
136.3600045E-3,3.81999993,
136.3999993E-3,3.81999993,
136.4399940E-3,3.81999993,
136.4800036E-3,3.83999991,
136.5199983E-3,3.81999993,
136.5599930E-3,3.81999993,
136.6000026E-3,3.81999993,
136.6399974E-3,3.81999993,
136.6799921E-3,3.81999993,
136.7200017E-3,3.81999993,
136.7599964E-3,3.81999993,
136.7999911E-3,3.81999993,
136.8400007E-3,3.81999993,
136.8799955E-3,3.79999995,
136.9200051E-3,3.81999993,
136.9599998E-3,3.81999993,
136.9999945E-3,3.79999995,
137.0400041E-3,3.79999995,
137.0799989E-3,3.79999995,
137.1199936E-3,3.79999995,
137.1600032E-3,3.79999995,
137.1999979E-3,3.79999995,
137.2399926E-3,3.81999993,
137.2800022E-3,3.79999995,
137.3199970E-3,3.77999997,
137.3599917E-3,3.79999995,
137.4000013E-3,3.79999995,
137.4399960E-3,3.79999995,
137.4799907E-3,3.79999995,
137.5200003E-3,3.77999997,
137.5599951E-3,3.77999997,
137.6000047E-3,3.77999997,
137.6399994E-3,3.79999995,
137.6799941E-3,3.77999997,
137.7200037E-3,3.79999995,
137.7599984E-3,3.77999997,
137.7999932E-3,3.75999999,
137.8400028E-3,3.77999997,
137.8799975E-3,3.75999999,
137.9199922E-3,3.77999997,
137.9600018E-3,3.77999997,
137.9999965E-3,3.79999995,
138.0399913E-3,3.77999997,
138.0800009E-3,3.79999995,
138.1199956E-3,3.75999999,
138.1600052E-3,3.75999999,
138.1999999E-3,3.77999997,
138.2399946E-3,3.75999999,
138.2800043E-3,3.77999997,
138.3199990E-3,3.75999999,
138.3599937E-3,3.75999999,
138.4000033E-3,3.77999997,
138.4399980E-3,3.75999999,
138.4799927E-3,3.75999999,
138.5200024E-3,3.75999999,
138.5599971E-3,3.75999999,
138.5999918E-3,3.74000001,
138.6400014E-3,3.74000001,
138.6799961E-3,3.75999999,
138.7199908E-3,3.75999999,
138.7600005E-3,3.74000001,
138.7999952E-3,3.75999999,
138.8400048E-3,3.74000001,
138.8799995E-3,3.74000001,
138.9199942E-3,3.74000001,
138.9600039E-3,3.72000003,
138.9999986E-3,3.72000003,
139.0399933E-3,3.74000001,
139.0800029E-3,3.75999999,
139.1199976E-3,3.72000003,
139.1599923E-3,3.75999999,
139.2000020E-3,3.74000001,
139.2399967E-3,3.74000001,
139.2799914E-3,3.74000001,
139.3200010E-3,3.72000003,
139.3599957E-3,3.75999999,
139.3999904E-3,3.72000003,
139.4400001E-3,3.72000003,
139.4799948E-3,3.72000003,
139.5200044E-3,3.74000001,
139.5599991E-3,3.72000003,
139.5999938E-3,3.72000003,
139.6400034E-3,3.69999981,
139.6799982E-3,3.74000001,
139.7199929E-3,3.72000003,
139.7600025E-3,3.69999981,
139.7999972E-3,3.72000003,
139.8399919E-3,3.74000001,
139.8800015E-3,3.72000003,
139.9199963E-3,3.72000003,
139.9599910E-3,3.72000003,
140.0000006E-3,3.72000003,
140.0399953E-3,3.69999981,
140.0800049E-3,3.69999981,
140.1199996E-3,3.72000003,
140.1599944E-3,3.72000003,
140.2000040E-3,3.72000003,
140.2399987E-3,3.69999981,
140.2799934E-3,3.72000003,
140.3200030E-3,3.67999983,
140.3599977E-3,3.69999981,
140.3999925E-3,3.67999983,
140.4400021E-3,3.67999983,
140.4799968E-3,3.69999981,
140.5199915E-3,3.69999981,
140.5600011E-3,3.72000003,
140.5999959E-3,3.69999981,
140.6399906E-3,3.69999981,
140.6800002E-3,3.67999983,
140.7199949E-3,3.67999983,
140.7600045E-3,3.69999981,
140.7999992E-3,3.67999983,
140.8399940E-3,3.67999983,
140.8800036E-3,3.69999981,
140.9199983E-3,3.67999983,
140.9599930E-3,3.67999983,
141.0000026E-3,3.67999983,
141.0399973E-3,3.65999985,
141.0799921E-3,3.67999983,
141.1200017E-3,3.67999983,
141.1599964E-3,3.65999985,
141.1999911E-3,3.69999981,
141.2400007E-3,3.67999983,
141.2799954E-3,3.67999983,
141.3200051E-3,3.67999983,
141.3599998E-3,3.67999983,
141.3999945E-3,3.67999983,
141.4400041E-3,3.65999985,
141.4799988E-3,3.65999985,
141.5199935E-3,3.65999985,
141.5600032E-3,3.63999987,
141.5999979E-3,3.63999987,
141.6399926E-3,3.63999987,
141.6800022E-3,3.65999985,
141.7199969E-3,3.63999987,
141.7599916E-3,3.63999987,
141.8000013E-3,3.63999987,
141.8399960E-3,3.63999987,
141.8799907E-3,3.61999989,
141.9200003E-3,3.61999989,
141.9599950E-3,3.61999989,
142.0000046E-3,3.59999990,
142.0399994E-3,3.59999990,
142.0799941E-3,3.59999990,
142.1200037E-3,3.59999990,
142.1599984E-3,3.57999992,
142.1999931E-3,3.59999990,
142.2400028E-3,3.55999994,
142.2799975E-3,3.55999994,
142.3199922E-3,3.55999994,
142.3600018E-3,3.53999996,
142.3999965E-3,3.51999998,
142.4399912E-3,3.51999998,
142.4800009E-3,3.51999998,
142.5199956E-3,3.48000002,
142.5599903E-3,3.50000000,
142.5999999E-3,3.48000002,
142.6399946E-3,3.46000004,
142.6800042E-3,3.43999982,
142.7199990E-3,3.46000004,
142.7599937E-3,3.43999982,
142.8000033E-3,3.43999982,
142.8399980E-3,3.37999988,
142.8799927E-3,3.37999988,
142.9200023E-3,3.37999988,
142.9599971E-3,3.35999990,
142.9999918E-3,3.35999990,
143.0400014E-3,3.33999991,
143.0799961E-3,3.31999993,
143.1199908E-3,3.29999995,
143.1600004E-3,3.29999995,
143.1999952E-3,3.29999995,
143.2400048E-3,3.27999997,
143.2799995E-3,3.24000001,
143.3199942E-3,3.25999999,
143.3600038E-3,3.22000003,
143.3999985E-3,3.19999981,
143.4399933E-3,3.19999981,
143.4800029E-3,3.17999983,
143.5199976E-3,3.15999985,
143.5599923E-3,3.15999985,
143.6000019E-3,3.13999987,
143.6399966E-3,3.11999989,
143.6799914E-3,3.11999989,
143.7200010E-3,3.11999989,
143.7599957E-3,3.09999990,
143.7999904E-3,3.07999992,
143.8400000E-3,3.09999990,
143.8799948E-3,3.07999992,
143.9200044E-3,3.05999994,
143.9599991E-3,3.05999994,
143.9999938E-3,3.05999994,
144.0400034E-3,3.03999996,
144.0799981E-3,3.01999998,
144.1199929E-3,3.01999998,
144.1600025E-3,3.03999996,
144.1999972E-3,3.00000000,
144.2399919E-3,3.00000000,
144.2800015E-3,3.01999998,
144.3199962E-3,3.01999998,
144.3599910E-3,3.00000000,
144.4000006E-3,3.01999998,
144.4399953E-3,3.01999998,
144.4800049E-3,3.00000000,
144.5199996E-3,3.00000000,
144.5599943E-3,3.00000000,
144.6000040E-3,3.01999998,
144.6399987E-3,3.01999998,
144.6799934E-3,3.01999998,
144.7200030E-3,3.01999998,
144.7599977E-3,3.03999996,
144.7999924E-3,3.03999996,
144.8400021E-3,3.07999992,
144.8799968E-3,3.07999992,
144.9199915E-3,3.07999992,
144.9600011E-3,3.07999992,
144.9999958E-3,3.07999992,
145.0399905E-3,3.09999990,
145.0800002E-3,3.11999989,
145.1199949E-3,3.09999990,
145.1600045E-3,3.11999989,
145.1999992E-3,3.13999987,
145.2399939E-3,3.13999987,
145.2800035E-3,3.17999983,
145.3199983E-3,3.15999985,
145.3599930E-3,3.17999983,
145.4000026E-3,3.19999981,
145.4399973E-3,3.19999981,
145.4799920E-3,3.19999981,
145.5200016E-3,3.22000003,
145.5599964E-3,3.25999999,
145.5999911E-3,3.25999999,
145.6400007E-3,3.25999999,
145.6799954E-3,3.25999999,
145.7200050E-3,3.27999997,
145.7599998E-3,3.29999995,
145.7999945E-3,3.29999995,
145.8400041E-3,3.31999993,
145.8799988E-3,3.33999991,
145.9199935E-3,3.31999993,
145.9600031E-3,3.31999993,
145.9999979E-3,3.35999990,
146.0399926E-3,3.37999988,
146.0800022E-3,3.37999988,
146.1199969E-3,3.37999988,
146.1599916E-3,3.39999986,
146.2000012E-3,3.39999986,
146.2399960E-3,3.37999988,
146.2799907E-3,3.41999984,
146.3200003E-3,3.39999986,
146.3599950E-3,3.41999984,
146.4000046E-3,3.43999982,
146.4399993E-3,3.41999984,
146.4799941E-3,3.43999982,
146.5200037E-3,3.43999982,
146.5599984E-3,3.43999982,
146.5999931E-3,3.46000004,
146.6400027E-3,3.46000004,
146.6799974E-3,3.43999982,
146.7199922E-3,3.46000004,
146.7600018E-3,3.48000002,
146.7999965E-3,3.46000004,
146.8399912E-3,3.48000002,
146.8800008E-3,3.46000004,
146.9199955E-3,3.48000002,
146.9599903E-3,3.48000002,
146.9999999E-3,3.48000002,
147.0399946E-3,3.48000002,
147.0800042E-3,3.48000002,
147.1199989E-3,3.48000002,
147.1599936E-3,3.48000002,
147.2000033E-3,3.48000002,
147.2399980E-3,3.50000000,
147.2799927E-3,3.48000002,
147.3200023E-3,3.48000002,
147.3599970E-3,3.48000002,
147.3999918E-3,3.46000004,
147.4400014E-3,3.50000000,
147.4799961E-3,3.50000000,
147.5199908E-3,3.50000000,
147.5600004E-3,3.50000000,
147.5999951E-3,3.46000004,
147.6400048E-3,3.50000000,
147.6799995E-3,3.50000000,
147.7199942E-3,3.48000002,
147.7600038E-3,3.48000002,
147.7999985E-3,3.50000000,
147.8399932E-3,3.48000002,
147.8800029E-3,3.48000002,
147.9199976E-3,3.46000004,
147.9599923E-3,3.46000004,
148.0000019E-3,3.50000000,
148.0399966E-3,3.48000002,
148.0799913E-3,3.48000002,
148.1200010E-3,3.48000002,
148.1599957E-3,3.48000002,
148.1999904E-3,3.46000004,
148.2400000E-3,3.46000004,
148.2799947E-3,3.48000002,
148.3200043E-3,3.46000004,
148.3599991E-3,3.46000004,
148.3999938E-3,3.48000002,
148.44000340E-3,3.48000002,
148.47999811E-3,3.43999982,
148.51999283E-3,3.48000002,
148.56000245E-3,3.46000004,
148.59999716E-3,3.48000002,
148.63999188E-3,3.46000004,
148.68000150E-3,3.46000004,
148.71999621E-3,3.46000004,
148.75999093E-3,3.46000004,
148.80000055E-3,3.43999982,
148.83999527E-3,3.46000004,
148.88000488E-3,3.46000004,
148.91999960E-3,3.46000004,
148.95999432E-3,3.46000004,
149.00000393E-3,3.46000004,
149.03999865E-3,3.46000004,
149.07999337E-3,3.43999982,
149.12000299E-3,3.46000004,
149.15999770E-3,3.43999982,
149.19999242E-3,3.43999982,
149.24000204E-3,3.43999982,
149.27999675E-3,3.43999982,
149.31999147E-3,3.43999982,
149.36000109E-3,3.43999982,
149.39999580E-3,3.43999982,
149.43999052E-3,3.43999982,
149.48000014E-3,3.43999982,
149.51999485E-3,3.43999982,
149.56000447E-3,3.43999982,
149.59999919E-3,3.43999982,
149.63999391E-3,3.43999982,
149.68000352E-3,3.43999982,
149.71999824E-3,3.43999982,
149.75999296E-3,3.41999984,
149.80000257E-3,3.43999982,
149.83999729E-3,3.41999984,
149.87999201E-3,3.43999982,
149.92000163E-3,3.39999986,
149.95999634E-3,3.41999984,
149.99999106E-3,3.41999984,
150.04000068E-3,3.43999982,
150.07999539E-3,3.41999984,
150.11999011E-3,3.43999982,
150.15999973E-3,3.43999982,
150.19999444E-3,3.43999982,
150.24000406E-3,3.41999984,
150.27999878E-3,3.43999982,
150.31999350E-3,3.41999984,
150.36000311E-3,3.41999984,
150.39999783E-3,3.41999984,
150.43999255E-3,3.41999984,
150.48000216E-3,3.41999984,
150.51999688E-3,3.39999986,
150.55999160E-3,3.41999984,
150.60000122E-3,3.41999984,
150.63999593E-3,3.39999986,
150.67999065E-3,3.39999986,
150.72000027E-3,3.39999986,
150.75999498E-3,3.37999988,
150.80000460E-3,3.39999986,
150.83999932E-3,3.41999984,
150.87999403E-3,3.37999988,
150.92000365E-3,3.41999984,
150.95999837E-3,3.39999986,
150.99999309E-3,3.39999986,
151.04000270E-3,3.39999986,
151.07999742E-3,3.39999986,
151.11999214E-3,3.39999986,
151.16000175E-3,3.37999988,
151.19999647E-3,3.41999984,
151.23999119E-3,3.39999986,
151.28000081E-3,3.37999988,
151.31999552E-3,3.37999988,
151.35999024E-3,3.37999988,
151.39999986E-3,3.39999986,
151.43999457E-3,3.37999988,
151.48000419E-3,3.37999988,
151.51999891E-3,3.39999986,
151.55999362E-3,3.39999986,
151.60000324E-3,3.37999988,
151.63999796E-3,3.35999990,
151.67999268E-3,3.37999988,
151.72000229E-3,3.37999988,
151.75999701E-3,3.35999990,
151.79999173E-3,3.37999988,
151.84000134E-3,3.37999988,
151.87999606E-3,3.39999986,
151.91999078E-3,3.37999988,
151.96000040E-3,3.37999988,
151.99999511E-3,3.37999988,
152.04000473E-3,3.37999988,
152.07999945E-3,3.37999988,
152.11999416E-3,3.37999988,
152.16000378E-3,3.39999986,
152.19999850E-3,3.37999988,
152.23999321E-3,3.37999988,
152.28000283E-3,3.37999988,
152.31999755E-3,3.37999988,
152.35999227E-3,3.35999990,
152.40000188E-3,3.37999988,
152.43999660E-3,3.37999988,
152.47999132E-3,3.35999990,
152.52000093E-3,3.37999988,
152.55999565E-3,3.35999990,
152.59999037E-3,3.37999988,
152.63999999E-3,3.33999991,
152.67999470E-3,3.33999991,
152.72000432E-3,3.35999990,
152.75999904E-3,3.35999990,
152.79999375E-3,3.35999990,
152.84000337E-3,3.33999991,
152.87999809E-3,3.37999988,
152.91999280E-3,3.33999991,
152.96000242E-3,3.35999990,
152.99999714E-3,3.33999991,
153.03999186E-3,3.33999991,
153.08000147E-3,3.33999991,
153.11999619E-3,3.31999993,
153.15999091E-3,3.33999991,
153.20000052E-3,3.33999991,
153.23999524E-3,3.29999995,
153.28000486E-3,3.33999991,
153.31999958E-3,3.31999993,
153.35999429E-3,3.31999993,
153.40000391E-3,3.29999995,
153.43999863E-3,3.29999995,
153.47999334E-3,3.31999993,
153.52000296E-3,3.31999993,
153.55999768E-3,3.29999995,
153.59999239E-3,3.29999995,
153.64000201E-3,3.29999995,
153.67999673E-3,3.29999995,
153.71999145E-3,3.29999995,
153.76000106E-3,3.29999995,
153.79999578E-3,3.29999995,
153.83999050E-3,3.27999997,
153.88000011E-3,3.27999997,
153.91999483E-3,3.27999997,
153.96000445E-3,3.25999999,
153.99999917E-3,3.25999999,
154.03999388E-3,3.24000001,
154.08000350E-3,3.24000001,
154.11999822E-3,3.24000001,
154.15999293E-3,3.25999999,
154.20000255E-3,3.22000003,
154.23999727E-3,3.24000001,
154.27999198E-3,3.22000003,
154.32000160E-3,3.22000003,
154.35999632E-3,3.22000003,
154.39999104E-3,3.19999981,
154.44000065E-3,3.19999981,
154.47999537E-3,3.19999981,
154.51999009E-3,3.17999983,
154.55999970E-3,3.17999983,
154.59999442E-3,3.15999985,
154.64000404E-3,3.15999985,
154.67999876E-3,3.15999985,
154.71999347E-3,3.13999987,
154.76000309E-3,3.15999985,
154.79999781E-3,3.15999985,
154.83999252E-3,3.13999987,
154.88000214E-3,3.11999989,
154.91999686E-3,3.11999989,
154.95999157E-3,3.11999989,
155.00000119E-3,3.11999989,
155.03999591E-3,3.13999987,
155.07999063E-3,3.11999989,
155.12000024E-3,3.13999987,
155.15999496E-3,3.11999989,
155.20000458E-3,3.09999990,
155.23999929E-3,3.11999989,
155.27999401E-3,3.09999990,
155.32000363E-3,3.11999989,
155.35999835E-3,3.09999990,
155.39999306E-3,3.09999990,
155.44000268E-3,3.07999992,
155.47999740E-3,3.09999990,
155.51999211E-3,3.09999990,
155.56000173E-3,3.09999990,
155.59999645E-3,3.07999992,
155.63999116E-3,3.09999990,
155.68000078E-3,3.09999990,
155.71999550E-3,3.09999990,
155.75999022E-3,3.09999990,
155.79999983E-3,3.09999990,
155.83999455E-3,3.09999990,
155.88000417E-3,3.09999990,
155.91999888E-3,3.09999990,
155.95999360E-3,3.09999990,
156.00000322E-3,3.07999992,
156.03999794E-3,3.09999990,
156.07999265E-3,3.09999990,
156.12000227E-3,3.09999990,
156.15999699E-3,3.09999990,
156.19999170E-3,3.09999990,
156.24000132E-3,3.09999990,
156.27999604E-3,3.09999990,
156.31999075E-3,3.09999990,
156.36000037E-3,3.09999990,
156.39999509E-3,3.11999989,
156.44000471E-3,3.11999989,
156.47999942E-3,3.13999987,
156.51999414E-3,3.13999987,
156.56000376E-3,3.11999989,
156.59999847E-3,3.13999987,
156.63999319E-3,3.11999989,
156.68000281E-3,3.13999987,
156.71999753E-3,3.13999987,
156.75999224E-3,3.13999987,
156.80000186E-3,3.15999985,
156.83999658E-3,3.15999985,
156.87999129E-3,3.15999985,
156.92000091E-3,3.13999987,
156.95999563E-3,3.13999987,
156.99999034E-3,3.15999985,
157.03999996E-3,3.15999985,
157.07999468E-3,3.15999985,
157.12000430E-3,3.15999985,
157.15999901E-3,3.17999983,
157.19999373E-3,3.15999985,
157.24000335E-3,3.15999985,
157.27999806E-3,3.17999983,
157.31999278E-3,3.15999985,
157.36000240E-3,3.15999985,
157.39999712E-3,3.19999981,
157.43999183E-3,3.15999985,
157.48000145E-3,3.17999983,
157.51999617E-3,3.17999983,
157.55999088E-3,3.17999983,
157.60000050E-3,3.17999983,
157.63999522E-3,3.17999983,
157.67998993E-3,3.17999983,
157.71999955E-3,3.19999981,
157.75999427E-3,3.19999981,
157.80000389E-3,3.17999983,
157.83999860E-3,3.22000003,
157.87999332E-3,3.15999985,
157.92000294E-3,3.17999983,
157.95999765E-3,3.17999983,
157.99999237E-3,3.17999983,
158.04000199E-3,3.17999983,
158.07999671E-3,3.15999985,
158.11999142E-3,3.15999985,
158.16000104E-3,3.15999985,
158.19999576E-3,3.17999983,
158.23999047E-3,3.17999983,
158.28000009E-3,3.15999985,
158.31999481E-3,3.17999983,
158.36000443E-3,3.17999983,
158.39999914E-3,3.15999985,
158.43999386E-3,3.17999983,
158.48000348E-3,3.17999983,
158.51999819E-3,3.17999983,
158.55999291E-3,3.15999985,
158.60000253E-3,3.17999983,
158.63999724E-3,3.15999985,
158.67999196E-3,3.15999985,
158.72000158E-3,3.13999987,
158.75999629E-3,3.17999983,
158.79999101E-3,3.15999985,
158.84000063E-3,3.15999985,
158.87999535E-3,3.17999983,
158.91999006E-3,3.15999985,
158.95999968E-3,3.15999985,
158.99999440E-3,3.15999985,
159.04000401E-3,3.13999987,
159.07999873E-3,3.13999987,
159.11999345E-3,3.15999985,
159.16000307E-3,3.15999985,
159.19999778E-3,3.13999987,
159.23999250E-3,3.13999987,
159.28000212E-3,3.13999987,
159.31999683E-3,3.13999987,
159.35999155E-3,3.13999987,
159.40000117E-3,3.11999989,
159.43999588E-3,3.15999985,
159.47999060E-3,3.13999987,
159.52000022E-3,3.13999987,
159.55999494E-3,3.13999987,
159.60000455E-3,3.13999987,
159.63999927E-3,3.15999985,
159.67999399E-3,3.13999987,
159.72000360E-3,3.15999985,
159.75999832E-3,3.13999987,
159.79999304E-3,3.13999987,
159.84000266E-3,3.13999987,
159.87999737E-3,3.13999987,
159.91999209E-3,3.13999987,
159.96000171E-3,3.13999987,
159.99999642E-3,3.13999987,
160.03999114E-3,3.13999987,
160.08000076E-3,3.13999987,
160.11999547E-3,3.13999987,
160.15999019E-3,3.13999987,
160.19999981E-3,3.13999987,
160.23999453E-3,3.11999989,
160.28000414E-3,3.11999989,
160.31999886E-3,3.09999990,
160.35999358E-3,3.13999987,
160.40000319E-3,3.11999989,
160.43999791E-3,3.09999990,
160.47999263E-3,3.11999989,
160.52000225E-3,3.13999987,
160.55999696E-3,3.11999989,
160.59999168E-3,3.09999990,
160.64000130E-3,3.09999990,
160.67999601E-3,3.09999990,
160.71999073E-3,3.11999989,
160.76000035E-3,3.09999990,
160.79999506E-3,3.11999989,
160.84000468E-3,3.09999990,
160.87999940E-3,3.11999989,
160.91999412E-3,3.11999989,
160.96000373E-3,3.09999990,
160.99999845E-3,3.11999989,
161.03999317E-3,3.09999990,
161.08000278E-3,3.09999990,
161.11999750E-3,3.09999990,
161.15999222E-3,3.09999990,
161.20000184E-3,3.11999989,
161.23999655E-3,3.09999990,
161.27999127E-3,3.09999990,
161.32000089E-3,3.09999990,
161.35999560E-3,3.11999989,
161.39999032E-3,3.07999992,
161.43999994E-3,3.09999990,
161.47999465E-3,3.09999990,
161.52000427E-3,3.07999992,
161.55999899E-3,3.07999992,
161.59999371E-3,3.09999990,
161.64000332E-3,3.07999992,
161.67999804E-3,3.09999990,
161.71999276E-3,3.09999990,
161.76000237E-3,3.09999990,
161.79999709E-3,3.07999992,
161.83999181E-3,3.09999990,
161.88000143E-3,3.07999992,
161.91999614E-3,3.09999990,
161.95999086E-3,3.07999992,
162.00000048E-3,3.07999992,
162.03999519E-3,3.07999992,
162.07998991E-3,3.09999990,
162.11999953E-3,3.07999992,
162.15999424E-3,3.07999992,
162.20000386E-3,3.07999992,
162.23999858E-3,3.07999992,
162.27999330E-3,3.07999992,
162.32000291E-3,3.05999994,
162.35999763E-3,3.07999992,
162.39999235E-3,3.07999992,
162.44000196E-3,3.07999992,
162.47999668E-3,3.07999992,
162.51999140E-3,3.07999992,
162.56000102E-3,3.07999992,
162.59999573E-3,3.07999992,
162.63999045E-3,3.05999994,
162.68000007E-3,3.07999992,
162.71999478E-3,3.07999992,
162.76000440E-3,3.07999992,
162.79999912E-3,3.07999992,
162.83999383E-3,3.05999994,
162.88000345E-3,3.05999994,
162.91999817E-3,3.07999992,
162.95999289E-3,3.07999992,
163.00000250E-3,3.07999992,
163.03999722E-3,3.07999992,
163.07999194E-3,3.05999994,
163.12000155E-3,3.09999990,
163.15999627E-3,3.07999992,
163.19999099E-3,3.07999992,
163.24000061E-3,3.07999992,
163.27999532E-3,3.09999990,
163.31999004E-3,3.07999992,
163.35999966E-3,3.07999992,
163.39999437E-3,3.07999992,
163.44000399E-3,3.07999992,
163.47999871E-3,3.07999992,
163.51999342E-3,3.09999990,
163.56000304E-3,3.09999990,
163.59999776E-3,3.09999990,
163.63999248E-3,3.09999990,
163.68000209E-3,3.09999990,
163.71999681E-3,3.09999990,
163.75999153E-3,3.09999990,
163.80000114E-3,3.09999990,
163.83999586E-3,3.09999990,
163.87999058E-3,3.09999990,
163.92000020E-3,3.09999990,
163.95999491E-3,3.11999989,
164.00000453E-3,3.11999989,
164.03999925E-3,3.11999989,
164.07999396E-3,3.09999990,
164.12000358E-3,3.11999989,
164.15999830E-3,3.09999990,
164.19999301E-3,3.09999990,
164.24000263E-3,3.11999989,
164.27999735E-3,3.11999989,
164.31999207E-3,3.13999987,
164.36000168E-3,3.11999989,
164.39999640E-3,3.13999987,
164.43999112E-3,3.13999987,
164.48000073E-3,3.13999987,
164.51999545E-3,3.11999989,
164.55999017E-3,3.11999989,
164.59999979E-3,3.13999987,
164.63999450E-3,3.13999987,
164.68000412E-3,3.13999987,
164.71999884E-3,3.13999987,
164.75999355E-3,3.11999989,
164.80000317E-3,3.11999989,
164.83999789E-3,3.13999987,
164.87999260E-3,3.11999989,
164.92000222E-3,3.11999989,
164.95999694E-3,3.13999987,
164.99999166E-3,3.13999987,
165.04000127E-3,3.13999987,
165.07999599E-3,3.15999985,
165.11999071E-3,3.13999987,
165.16000032E-3,3.15999985,
165.19999504E-3,3.15999985,
165.23998976E-3,3.13999987,
165.27999938E-3,3.13999987,
165.31999409E-3,3.13999987,
165.36000371E-3,3.15999985,
165.39999843E-3,3.15999985,
165.43999314E-3,3.15999985,
165.48000276E-3,3.15999985,
165.51999748E-3,3.15999985,
165.55999219E-3,3.15999985,
165.60000181E-3,3.15999985,
165.63999653E-3,3.15999985,
165.67999125E-3,3.15999985,
165.72000086E-3,3.15999985,
165.75999558E-3,3.15999985,
165.79999030E-3,3.15999985,
165.83999991E-3,3.15999985,
165.87999463E-3,3.15999985,
165.92000425E-3,3.15999985,
165.95999897E-3,3.17999983,
