Record Length,2500,Points,77.199995518E-3,8.079999924,
Sample Interval,39.99999899E-6,s,77.239997685E-3,8.079999924,
Trigger Point,-1.9300000E3,Samples,77.279992402E-3,8.079999924,
,,,77.319994569E-3,8.119999886,
,,,77.359996736E-3,8.079999924,
,,,77.399998903E-3,8.079999924,
Source,CH2,,77.439993620E-3,8.079999924,
Vertical Units,Volts,,77.479995787E-3,8.079999924,
Vertical Scale,999.999977648E-3,,77.519997954E-3,8.079999924,
Vertical Offset,0,,77.559992671E-3,8.079999924,
Horizontal Units,s,,77.599994838E-3,8.079999924,
Horizontal Scale,9.999999747E-3,,77.639997005E-3,8.079999924,
Pt Fmt,Y,,77.679999173E-3,8.079999924,
Yzero,-8.520000000,,77.719993889E-3,8.039999962,
Probe Atten,1.000000,,77.759996057E-3,8.039999962,
,,,77.799998224E-3,8.079999924,
Note,TDS 2024B - 16:42:17   7-12-2023,,77.839992940E-3,8.039999962,
,,,77.879995108E-3,8.079999924,
,,,77.919997275E-3,8.079999924,
,,,77.959991992E-3,8.079999924,
,,,77.999994159E-3,8.079999924,
,,,78.039996326E-3,8.079999924,
,,,78.079998493E-3,8.079999924,
,,,78.119993210E-3,8.079999924,
,,,78.159995377E-3,8.039999962,
,,,78.199997544E-3,8.039999962,
,,,78.239992261E-3,8.039999962,
,,,78.279994428E-3,8.039999962,
,,,78.319996595E-3,8.000000000,
,,,78.359998763E-3,8.039999962,
,,,78.399993479E-3,8.039999962,
,,,78.439995646E-3,8.000000000,
,,,78.479997814E-3,8.039999962,
,,,78.519992530E-3,8.039999962,
,,,78.559994698E-3,8.039999962,
,,,78.599996865E-3,8.039999962,
,,,78.639999032E-3,8.039999962,
,,,78.679993749E-3,8.039999962,
,,,78.719995916E-3,8.039999962,
,,,78.759998083E-3,8.039999962,
,,,78.799992800E-3,8.000000000,
,,,78.839994967E-3,8.000000000,
,,,78.879997134E-3,8.039999962,
,,,78.919991851E-3,8.000000000,
,,,78.959994018E-3,8.000000000,
,,,78.999996185E-3,8.000000000,
,,,79.039998353E-3,8.000000000,
,,,79.079993069E-3,8.000000000,
,,,79.119995236E-3,8.000000000,
,,,79.159997404E-3,8.000000000,
,,,79.199992120E-3,8.000000000,
,,,79.239994287E-3,8.000000000,
,,,79.279996455E-3,8.000000000,
,,,79.319998622E-3,8.000000000,
,,,79.359993339E-3,8.000000000,
,,,79.399995506E-3,8.000000000,
,,,79.439997673E-3,8.000000000,
,,,79.479992390E-3,7.960000038,
,,,79.519994557E-3,8.000000000,
,,,79.559996724E-3,8.000000000,
,,,79.599998891E-3,8.000000000,
,,,79.639993608E-3,7.960000038,
,,,79.679995775E-3,7.960000038,
,,,79.719997942E-3,7.960000038,
,,,79.759992659E-3,7.960000038,
,,,79.799994826E-3,7.960000038,
,,,79.839996994E-3,7.960000038,
,,,79.879999161E-3,7.960000038,
,,,79.919993877E-3,7.960000038,
,,,79.959996045E-3,7.960000038,
,,,79.999998212E-3,7.960000038,
,,,80.039992929E-3,7.960000038,
,,,80.079995096E-3,7.960000038,
,,,80.119997263E-3,7.960000038,
,,,80.159991980E-3,7.960000038,
,,,80.199994147E-3,7.960000038,
,,,80.239996314E-3,7.960000038,
,,,80.279998481E-3,7.960000038,
,,,80.319993198E-3,7.960000038,
,,,80.359995365E-3,7.960000038,
,,,80.399997532E-3,7.919999599,
,,,80.439992249E-3,7.960000038,
,,,80.479994416E-3,7.919999599,
,,,80.519996583E-3,7.919999599,
,,,80.559998751E-3,7.919999599,
,,,80.599993467E-3,7.919999599,
,,,80.639995635E-3,7.919999599,
,,,80.679997802E-3,7.919999599,
,,,80.719992518E-3,7.919999599,
,,,80.759994686E-3,7.919999599,
,,,80.799996853E-3,7.919999599,
,,,80.839999020E-3,7.919999599,
,,,80.879993737E-3,7.919999599,
,,,80.919995904E-3,7.919999599,
,,,80.959998071E-3,7.919999599,
,,,80.999992788E-3,7.879999638,
,,,81.039994955E-3,7.919999599,
,,,81.079997122E-3,7.879999638,
,,,81.119991839E-3,7.879999638,
,,,81.159994006E-3,7.919999599,
,,,81.199996173E-3,7.879999638,
,,,81.239998341E-3,7.879999638,
,,,81.279993057E-3,7.839999676,
,,,81.319995224E-3,7.839999676,
,,,81.359997392E-3,7.879999638,
,,,81.399992108E-3,7.879999638,
,,,81.439994276E-3,7.839999676,
,,,81.479996443E-3,7.879999638,
,,,81.519998610E-3,7.879999638,
,,,81.559993327E-3,7.839999676,
,,,81.599995494E-3,7.839999676,
,,,81.639997661E-3,7.839999676,
,,,81.679992378E-3,7.839999676,
,,,81.719994545E-3,7.839999676,
,,,81.759996712E-3,7.839999676,
,,,81.799998879E-3,7.839999676,
,,,81.839993596E-3,7.839999676,
,,,81.879995763E-3,7.799999714,
,,,81.919997931E-3,7.799999714,
,,,81.959992647E-3,7.799999714,
,,,81.999994814E-3,7.839999676,
,,,82.039996982E-3,7.799999714,
,,,82.079991698E-3,7.799999714,
,,,82.119993865E-3,7.799999714,
,,,82.159996033E-3,7.799999714,
,,,82.199998200E-3,7.799999714,
,,,82.239992917E-3,7.799999714,
,,,82.279995084E-3,7.759999752,
,,,82.319997251E-3,7.759999752,
,,,82.359991968E-3,7.799999714,
,,,82.399994135E-3,7.759999752,
,,,82.439996302E-3,7.759999752,
,,,82.479998469E-3,7.759999752,
,,,82.519993186E-3,7.759999752,
,,,82.559995353E-3,7.759999752,
,,,82.599997520E-3,7.719999790,
,,,82.639992237E-3,7.719999790,
,,,82.679994404E-3,7.719999790,
,,,82.719996572E-3,7.719999790,
,,,82.759998739E-3,7.719999790,
,,,82.799993455E-3,7.719999790,
,,,82.839995623E-3,7.719999790,
,,,82.879997790E-3,7.719999790,
,,,82.919992507E-3,7.679999828,
,,,82.959994674E-3,7.679999828,
,,,82.999996841E-3,7.719999790,
,,,83.039999008E-3,7.719999790,
,,,83.079993725E-3,7.679999828,
,,,83.119995892E-3,7.679999828,
,,,83.159998059E-3,7.639999866,
,,,83.199992776E-3,7.639999866,
,,,83.239994943E-3,7.639999866,
,,,83.279997110E-3,7.639999866,
,,,83.319991827E-3,7.639999866,
,,,83.359993994E-3,7.639999866,
,,,83.399996161E-3,7.639999866,
,,,83.439998329E-3,7.599999905,
,,,83.479993045E-3,7.599999905,
,,,83.519995213E-3,7.599999905,
,,,83.559997380E-3,7.599999905,
,,,83.599992096E-3,7.599999905,
,,,83.639994264E-3,7.559999943,
,,,83.679996431E-3,7.599999905,
,,,83.719998598E-3,7.559999943,
,,,83.759993315E-3,7.559999943,
,,,83.799995482E-3,7.559999943,
,,,83.839997649E-3,7.559999943,
,,,83.879992366E-3,7.559999943,
,,,83.919994533E-3,7.559999943,
,,,83.959996700E-3,7.519999981,
,,,83.999998868E-3,7.519999981,
,,,84.039993584E-3,7.519999981,
,,,84.079995751E-3,7.519999981,
,,,84.119997919E-3,7.480000019,
,,,84.159992635E-3,7.519999981,
,,,84.199994802E-3,7.480000019,
,,,84.239996970E-3,7.480000019,
,,,84.279991686E-3,7.480000019,
,,,84.319993854E-3,7.440000057,
,,,84.359996021E-3,7.440000057,
,,,84.399998188E-3,7.440000057,
,,,84.439992905E-3,7.440000057,
,,,84.479995072E-3,7.440000057,
,,,84.519997239E-3,7.440000057,
,,,84.559991956E-3,7.440000057,
,,,84.599994123E-3,7.440000057,
,,,84.639996290E-3,7.440000057,
,,,84.679998457E-3,7.399999619,
,,,84.719993174E-3,7.399999619,
,,,84.759995341E-3,7.399999619,
,,,84.799997509E-3,7.399999619,
,,,84.839992225E-3,7.35999966,
,,,84.879994392E-3,7.35999966,
,,,84.919996560E-3,7.35999966,
,,,84.959998727E-3,7.35999966,
,,,84.999993443E-3,7.31999969,
,,,85.039995611E-3,7.31999969,
,,,85.079997778E-3,7.31999969,
,,,85.119992495E-3,7.31999969,
,,,85.159994662E-3,7.31999969,
,,,85.199996829E-3,7.27999973,
,,,85.239998996E-3,7.27999973,
,,,85.279993713E-3,7.27999973,
,,,85.319995880E-3,7.27999973,
,,,85.359998047E-3,7.27999973,
,,,85.399992764E-3,7.23999977,
,,,85.439994931E-3,7.23999977,
,,,85.479997098E-3,7.23999977,
,,,85.519991815E-3,7.23999977,
,,,85.559993982E-3,7.19999981,
,,,85.599996150E-3,7.23999977,
,,,85.639998317E-3,7.19999981,
,,,85.679993033E-3,7.19999981,
,,,85.719995201E-3,7.15999985,
,,,85.759997368E-3,7.19999981,
,,,85.799992085E-3,7.15999985,
,,,85.839994252E-3,7.15999985,
,,,85.879996419E-3,7.15999985,
,,,85.919998586E-3,7.15999985,
,,,85.959993303E-3,7.11999989,
,,,85.999995470E-3,7.15999985,
,,,86.039997637E-3,7.11999989,
,,,86.079992354E-3,7.15999985,
,,,86.119994521E-3,7.11999989,
,,,86.159996688E-3,7.11999989,
,,,86.199998856E-3,7.11999989,
,,,86.239993572E-3,7.07999992,
,,,86.279995739E-3,7.07999992,
,,,86.319997907E-3,7.07999992,
,,,86.359992623E-3,7.07999992,
,,,86.399994791E-3,7.07999992,
,,,86.439996958E-3,7.03999996,
,,,86.479991674E-3,7.07999992,
,,,86.519993842E-3,7.03999996,
,,,86.559996009E-3,7.03999996,
,,,86.599998176E-3,7.03999996,
,,,86.639992893E-3,7.03999996,
,,,86.679995060E-3,7.00000000,
,,,86.719997227E-3,7.00000000,
,,,86.759991944E-3,7.00000000,
,,,86.799994111E-3,7.00000000,
,,,86.839996278E-3,7.00000000,
,,,86.879998446E-3,7.00000000,
,,,86.919993162E-3,6.96000004,
,,,86.959995329E-3,7.00000000,
,,,86.999997497E-3,7.00000000,
,,,87.039992213E-3,6.96000004,
,,,87.079994380E-3,6.96000004,
,,,87.119996548E-3,6.92000008,
,,,87.159998715E-3,6.96000004,
,,,87.199993432E-3,6.92000008,
,,,87.239995599E-3,6.92000008,
,,,87.279997766E-3,6.92000008,
,,,87.319992483E-3,6.92000008,
,,,87.359994650E-3,6.92000008,
,,,87.399996817E-3,6.92000008,
,,,87.439998984E-3,6.92000008,
,,,87.479993701E-3,6.92000008,
,,,87.519995868E-3,6.87999964,
,,,87.559998035E-3,6.87999964,
,,,87.599992752E-3,6.87999964,
,,,87.639994919E-3,6.87999964,
,,,87.679997087E-3,6.87999964,
,,,87.719991803E-3,6.87999964,
,,,87.759993970E-3,6.87999964,
,,,87.799996138E-3,6.87999964,
,,,87.839998305E-3,6.83999968,
,,,87.879993021E-3,6.87999964,
,,,87.919995189E-3,6.87999964,
,,,87.959997356E-3,6.87999964,
,,,87.999992073E-3,6.87999964,
,,,88.039994240E-3,6.87999964,
,,,88.079996407E-3,6.87999964,
,,,88.119998574E-3,6.87999964,
,,,88.159993291E-3,6.87999964,
,,,88.199995458E-3,6.87999964,
,,,88.239997625E-3,6.87999964,
,,,88.279992342E-3,6.83999968,
,,,88.319994509E-3,6.87999964,
,,,88.359996676E-3,6.87999964,
,,,88.399998844E-3,6.83999968,
,,,88.439993560E-3,6.87999964,
,,,88.479995728E-3,6.83999968,
,,,88.519997895E-3,6.87999964,
,,,88.559992611E-3,6.87999964,
,,,88.599994779E-3,6.87999964,
,,,88.639996946E-3,6.87999964,
,,,88.679991663E-3,6.87999964,
,,,88.719993830E-3,6.83999968,
,,,88.759995997E-3,6.87999964,
,,,88.799998164E-3,6.87999964,
,,,88.839992881E-3,6.87999964,
,,,88.879995048E-3,6.87999964,
,,,88.919997215E-3,6.87999964,
,,,88.959991932E-3,6.87999964,
,,,88.999994099E-3,6.92000008,
,,,89.039996266E-3,6.87999964,
,,,89.079998434E-3,6.87999964,
,,,89.119993150E-3,6.87999964,
,,,89.159995317E-3,6.87999964,
,,,89.199997485E-3,6.87999964,
,,,89.239992201E-3,6.87999964,
,,,89.279994369E-3,6.92000008,
,,,89.319996536E-3,6.92000008,
,,,89.359998703E-3,6.87999964,
,,,89.399993420E-3,6.87999964,
,,,89.439995587E-3,6.92000008,
,,,89.479997754E-3,6.87999964,
,,,89.519992471E-3,6.92000008,
,,,89.559994638E-3,6.92000008,
,,,89.599996805E-3,6.92000008,
,,,89.639991522E-3,6.92000008,
,,,89.679993689E-3,6.96000004,
,,,89.719995856E-3,6.96000004,
,,,89.759998024E-3,6.96000004,
,,,89.799992740E-3,6.96000004,
,,,89.839994907E-3,7.00000000,
,,,89.879997075E-3,6.96000004,
,,,89.919991791E-3,7.00000000,
,,,89.959993958E-3,7.00000000,
,,,89.999996126E-3,7.00000000,
,,,90.039998293E-3,7.00000000,
,,,90.079993010E-3,7.00000000,
,,,90.119995177E-3,7.00000000,
,,,90.159997344E-3,7.00000000,
,,,90.199992061E-3,7.00000000,
,,,90.239994228E-3,7.03999996,
,,,90.279996395E-3,7.03999996,
,,,90.319998562E-3,7.03999996,
,,,90.359993279E-3,7.03999996,
,,,90.399995446E-3,7.03999996,
,,,90.439997613E-3,7.03999996,
,,,90.479992330E-3,7.07999992,
,,,90.519994497E-3,7.07999992,
,,,90.559996665E-3,7.03999996,
,,,90.599998832E-3,7.07999992,
,,,90.639993548E-3,7.07999992,
,,,90.679995716E-3,7.07999992,
,,,90.719997883E-3,7.07999992,
,,,90.759992599E-3,7.07999992,
,,,90.799994767E-3,7.11999989,
,,,90.839996934E-3,7.07999992,
,,,90.879991651E-3,7.11999989,
,,,90.919993818E-3,7.11999989,
,,,90.959995985E-3,7.15999985,
,,,90.999998152E-3,7.11999989,
,,,91.039992869E-3,7.11999989,
,,,91.079995036E-3,7.15999985,
,,,91.119997203E-3,7.15999985,
,,,91.159991920E-3,7.15999985,
,,,91.199994087E-3,7.15999985,
,,,91.239996254E-3,7.15999985,
,,,91.279998422E-3,7.19999981,
,,,91.319993138E-3,7.15999985,
,,,91.359995306E-3,7.15999985,
,,,91.399997473E-3,7.15999985,
,,,91.439992189E-3,7.19999981,
,,,91.479994357E-3,7.19999981,
,,,91.519996524E-3,7.19999981,
,,,91.559998691E-3,7.23999977,
,,,91.599993408E-3,7.19999981,
,,,91.639995575E-3,7.23999977,
,,,91.679997742E-3,7.23999977,
,,,91.719992459E-3,7.23999977,
,,,91.759994626E-3,7.23999977,
,,,91.799996793E-3,7.23999977,
,,,91.839991510E-3,7.27999973,
,,,91.879993677E-3,7.27999973,
,,,91.919995844E-3,7.27999973,
,,,91.959998012E-3,7.27999973,
,,,91.999992728E-3,7.27999973,
,,,92.039994895E-3,7.31999969,
,,,92.079997063E-3,7.27999973,
,,,92.119991779E-3,7.31999969,
,,,92.159993947E-3,7.31999969,
,,,92.199996114E-3,7.31999969,
,,,92.239998281E-3,7.31999969,
,,,92.279992998E-3,7.31999969,
,,,92.319995165E-3,7.31999969,
,,,92.359997332E-3,7.31999969,
,,,92.399992049E-3,7.31999969,
,,,92.439994216E-3,7.35999966,
,,,92.479996383E-3,7.35999966,
,,,92.519998550E-3,7.35999966,
,,,92.559993267E-3,7.35999966,
,,,92.599995434E-3,7.35999966,
,,,92.639997602E-3,7.399999619,
,,,92.679992318E-3,7.35999966,
,,,92.719994485E-3,7.399999619,
,,,92.759996653E-3,7.399999619,
,,,92.799998820E-3,7.35999966,
,,,92.839993536E-3,7.399999619,
,,,92.879995704E-3,7.440000057,
,,,92.919997871E-3,7.440000057,
,,,92.959992588E-3,7.440000057,
,,,92.999994755E-3,7.440000057,
,,,93.039996922E-3,7.440000057,
,,,93.079991639E-3,7.440000057,
,,,93.119993806E-3,7.440000057,
,,,93.159995973E-3,7.440000057,
,,,93.199998140E-3,7.440000057,
,,,93.239992857E-3,7.440000057,
,,,93.279995024E-3,7.440000057,
,,,93.319997191E-3,7.440000057,
,,,93.359991908E-3,7.480000019,
,,,93.399994075E-3,7.480000019,
,,,93.439996243E-3,7.440000057,
,,,93.479998410E-3,7.440000057,
,,,93.519993126E-3,7.480000019,
,,,93.559995294E-3,7.480000019,
,,,93.599997461E-3,7.480000019,
,,,93.639992177E-3,7.480000019,
,,,93.679994345E-3,7.480000019,
,,,93.719996512E-3,7.480000019,
,,,93.759998679E-3,7.480000019,
,,,93.799993396E-3,7.480000019,
,,,93.839995563E-3,7.480000019,
,,,93.879997730E-3,7.480000019,
,,,93.919992447E-3,7.480000019,
,,,93.959994614E-3,7.480000019,
,,,93.999996781E-3,7.519999981,
,,,94.039991498E-3,7.559999943,
,,,94.079993665E-3,7.519999981,
,,,94.119995832E-3,7.480000019,
,,,94.159998000E-3,7.519999981,
,,,94.199992716E-3,7.519999981,
,,,94.239994884E-3,7.519999981,
,,,94.279997051E-3,7.519999981,
,,,94.319991767E-3,7.480000019,
,,,94.359993935E-3,7.519999981,
,,,94.399996102E-3,7.519999981,
,,,94.439998269E-3,7.519999981,
,,,94.479992986E-3,7.519999981,
,,,94.519995153E-3,7.519999981,
,,,94.559997320E-3,7.519999981,
,,,94.599992037E-3,7.519999981,
,,,94.639994204E-3,7.559999943,
,,,94.679996371E-3,7.519999981,
,,,94.719998538E-3,7.519999981,
,,,94.759993255E-3,7.519999981,
,,,94.799995422E-3,7.519999981,
,,,94.839997590E-3,7.519999981,
,,,94.879992306E-3,7.519999981,
,,,94.919994473E-3,7.519999981,
,,,94.959996641E-3,7.559999943,
,,,94.999991357E-3,7.519999981,
,,,95.039993525E-3,7.519999981,
,,,95.079995692E-3,7.519999981,
,,,95.119997859E-3,7.559999943,
,,,95.159992576E-3,7.519999981,
,,,95.199994743E-3,7.519999981,
,,,95.239996910E-3,7.519999981,
,,,95.279991627E-3,7.519999981,
,,,95.319993794E-3,7.519999981,
,,,95.359995961E-3,7.519999981,
,,,95.399998128E-3,7.519999981,
,,,95.439992845E-3,7.480000019,
,,,95.479995012E-3,7.480000019,
,,,95.519997180E-3,7.519999981,
,,,95.559991896E-3,7.480000019,
,,,95.599994063E-3,7.519999981,
,,,95.639996231E-3,7.480000019,
,,,95.679998398E-3,7.480000019,
,,,95.719993114E-3,7.480000019,
,,,95.759995282E-3,7.480000019,
,,,95.799997449E-3,7.480000019,
,,,95.839992166E-3,7.440000057,
,,,95.879994333E-3,7.480000019,
,,,95.919996500E-3,7.480000019,
,,,95.959998667E-3,7.480000019,
,,,95.999993384E-3,7.480000019,
,,,96.039995551E-3,7.480000019,
,,,96.079997718E-3,7.440000057,
,,,96.119992435E-3,7.440000057,
,,,96.159994602E-3,7.480000019,
,,,96.199996769E-3,7.440000057,
,,,96.239991486E-3,7.480000019,
,,,96.279993653E-3,7.440000057,
,,,96.319995821E-3,7.440000057,
,,,96.359997988E-3,7.440000057,
,,,96.399992704E-3,7.440000057,
,,,96.439994872E-3,7.440000057,
,,,96.479997039E-3,7.399999619,
,,,96.519991755E-3,7.440000057,
,,,96.559993923E-3,7.440000057,
,,,96.599996090E-3,7.399999619,
,,,96.639998257E-3,7.399999619,
,,,96.679992974E-3,7.399999619,
,,,96.719995141E-3,7.35999966,
,,,96.759997308E-3,7.35999966,
,,,96.799992025E-3,7.399999619,
,,,96.839994192E-3,7.399999619,
,,,96.879996359E-3,7.399999619,
,,,96.919998527E-3,7.35999966,
,,,96.959993243E-3,7.35999966,
,,,96.999995410E-3,7.35999966,
,,,97.039997578E-3,7.35999966,
,,,97.079992294E-3,7.31999969,
,,,97.119994462E-3,7.31999969,
,,,97.159996629E-3,7.31999969,
,,,97.199991345E-3,7.31999969,
,,,97.239993513E-3,7.27999973,
,,,97.279995680E-3,7.27999973,
,,,97.319997847E-3,7.27999973,
,,,97.359992564E-3,7.27999973,
,,,97.399994731E-3,7.23999977,
,,,97.439996898E-3,7.27999973,
,,,97.479991615E-3,7.27999973,
,,,97.519993782E-3,7.23999977,
,,,97.559995949E-3,7.23999977,
,,,97.599998116E-3,7.23999977,
,,,97.639992833E-3,7.19999981,
,,,97.679995000E-3,7.19999981,
,,,97.719997168E-3,7.19999981,
,,,97.759991884E-3,7.19999981,
,,,97.799994051E-3,7.19999981,
,,,97.839996219E-3,7.15999985,
,,,97.879998386E-3,7.15999985,
,,,97.919993103E-3,7.15999985,
,,,97.959995270E-3,7.15999985,
,,,97.999997437E-3,7.11999989,
,,,98.039992154E-3,7.11999989,
,,,98.079994321E-3,7.11999989,
,,,98.119996488E-3,7.11999989,
,,,98.159998655E-3,7.07999992,
,,,98.199993372E-3,7.07999992,
,,,98.239995539E-3,7.07999992,
,,,98.279997706E-3,7.03999996,
,,,98.319992423E-3,7.03999996,
,,,98.359994590E-3,7.03999996,
,,,98.399996758E-3,7.03999996,
,,,98.439991474E-3,7.03999996,
,,,98.479993641E-3,7.03999996,
,,,98.519995809E-3,6.96000004,
,,,98.559997976E-3,7.00000000,
,,,98.599992692E-3,6.96000004,
,,,98.639994860E-3,6.96000004,
,,,98.679997027E-3,6.92000008,
,,,98.719991744E-3,6.92000008,
,,,98.759993911E-3,6.92000008,
,,,98.799996078E-3,6.92000008,
,,,98.839998245E-3,6.92000008,
,,,98.879992962E-3,6.87999964,
,,,98.919995129E-3,6.87999964,
,,,98.959997296E-3,6.83999968,
,,,98.999992013E-3,6.83999968,
,,,99.039994180E-3,6.79999971,
,,,99.079996347E-3,6.83999968,
,,,99.119998515E-3,6.75999975,
,,,99.159993231E-3,6.79999971,
,,,99.199995399E-3,6.75999975,
,,,99.239997566E-3,6.75999975,
,,,99.279992282E-3,6.71999979,
,,,99.319994450E-3,6.71999979,
,,,99.359996617E-3,6.71999979,
,,,99.399991333E-3,6.71999979,
,,,99.439993501E-3,6.67999983,
,,,99.479995668E-3,6.67999983,
,,,99.519997835E-3,6.67999983,
,,,99.559992552E-3,6.63999987,
,,,99.599994719E-3,6.63999987,
,,,99.639996886E-3,6.63999987,
,,,99.679991603E-3,6.63999987,
,,,99.719993770E-3,6.59999990,
,,,99.759995937E-3,6.59999990,
,,,99.799998105E-3,6.55999994,
,,,99.839992821E-3,6.51999998,
,,,99.879994988E-3,6.51999998,
,,,99.919997156E-3,6.51999998,
,,,99.959991872E-3,6.51999998,
,,,99.999994040E-3,6.48000002,
,,,100.0399962E-3,6.44000006,
,,,100.0799984E-3,6.44000006,
,,,100.1199931E-3,6.44000006,
,,,100.1599953E-3,6.44000006,
,,,100.1999974E-3,6.39999962,
,,,100.2399921E-3,6.39999962,
,,,100.2799943E-3,6.39999962,
,,,100.3199965E-3,6.35999966,
,,,100.3599986E-3,6.35999966,
,,,100.3999934E-3,6.31999969,
,,,100.4399955E-3,6.31999969,
,,,100.4799977E-3,6.31999969,
,,,100.5199924E-3,6.27999973,
,,,100.5599946E-3,6.27999973,
,,,100.5999967E-3,6.23999977,
,,,100.6399915E-3,6.23999977,
,,,100.6799936E-3,6.23999977,
,,,100.7199958E-3,6.19999981,
,,,100.7599980E-3,6.19999981,
,,,100.7999927E-3,6.19999981,
,,,100.8399948E-3,6.19999981,
,,,100.8799970E-3,6.15999985,
,,,100.9199917E-3,6.11999989,
,,,100.9599939E-3,6.11999989,
,,,100.9999961E-3,6.11999989,
,,,101.0399982E-3,6.07999992,
,,,101.0799929E-3,6.07999992,
,,,101.1199951E-3,6.03999996,
,,,101.1599973E-3,6.03999996,
,,,101.1999920E-3,6.03999996,
,,,101.2399942E-3,6.00000000,
,,,101.2799963E-3,6.00000000,
,,,101.3199985E-3,5.96000004,
,,,101.3599932E-3,5.96000004,
,,,101.3999954E-3,5.96000004,
,,,101.4399976E-3,5.96000004,
,,,101.4799923E-3,5.92000008,
,,,101.5199944E-3,5.92000008,
,,,101.5599966E-3,5.92000008,
,,,101.5999913E-3,5.92000008,
,,,101.6399935E-3,5.87999964,
,,,101.6799957E-3,5.87999964,
,,,101.7199978E-3,5.87999964,
,,,101.7599925E-3,5.83999968,
,,,101.7999947E-3,5.83999968,
,,,101.8399969E-3,5.83999968,
,,,101.8799916E-3,5.83999968,
,,,101.9199938E-3,5.79999971,
,,,101.9599959E-3,5.79999971,
,,,101.9999981E-3,5.75999975,
,,,102.0399928E-3,5.75999975,
,,,102.0799950E-3,5.79999971,
,,,102.1199971E-3,5.75999975,
,,,102.1599919E-3,5.75999975,
,,,102.1999940E-3,5.75999975,
,,,102.2399962E-3,5.71999979,
,,,102.2799984E-3,5.71999979,
,,,102.3199931E-3,5.67999983,
,,,102.3599952E-3,5.67999983,
,,,102.3999974E-3,5.67999983,
,,,102.4399921E-3,5.67999983,
,,,102.4799943E-3,5.67999983,
,,,102.5199965E-3,5.67999983,
,,,102.5599912E-3,5.67999983,
,,,102.5999933E-3,5.63999987,
,,,102.6399955E-3,5.63999987,
,,,102.6799977E-3,5.59999990,
,,,102.7199924E-3,5.63999987,
,,,102.7599946E-3,5.63999987,
,,,102.7999967E-3,5.63999987,
,,,102.8399915E-3,5.59999990,
,,,102.8799936E-3,5.59999990,
,,,102.9199958E-3,5.59999990,
,,,102.9599980E-3,5.59999990,
,,,102.9999927E-3,5.59999990,
,,,103.0399948E-3,5.59999990,
,,,103.0799970E-3,5.59999990,
,,,103.1199917E-3,5.59999990,
,,,103.1599939E-3,5.59999990,
,,,103.1999961E-3,5.55999994,
,,,103.2399982E-3,5.55999994,
,,,103.2799929E-3,5.55999994,
,,,103.3199951E-3,5.55999994,
,,,103.3599973E-3,5.55999994,
,,,103.3999920E-3,5.55999994,
,,,103.4399942E-3,5.55999994,
,,,103.4799963E-3,5.51999998,
,,,103.5199985E-3,5.55999994,
,,,103.5599932E-3,5.51999998,
,,,103.5999954E-3,5.55999994,
,,,103.6399975E-3,5.51999998,
,,,103.6799923E-3,5.51999998,
,,,103.7199944E-3,5.55999994,
,,,103.7599966E-3,5.55999994,
,,,103.7999913E-3,5.55999994,
,,,103.8399935E-3,5.51999998,
,,,103.8799956E-3,5.51999998,
,,,103.9199978E-3,5.55999994,
,,,103.9599925E-3,5.51999998,
,,,103.9999947E-3,5.51999998,
,,,104.0399969E-3,5.55999994,
,,,104.0799916E-3,5.55999994,
,,,104.1199937E-3,5.55999994,
,,,104.1599959E-3,5.55999994,
,,,104.1999981E-3,5.55999994,
,,,104.2399928E-3,5.55999994,
,,,104.2799950E-3,5.55999994,
,,,104.3199971E-3,5.55999994,
,,,104.3599918E-3,5.55999994,
,,,104.3999940E-3,5.59999990,
,,,104.4399962E-3,5.55999994,
,,,104.4799984E-3,5.59999990,
,,,104.5199931E-3,5.59999990,
,,,104.5599952E-3,5.59999990,
,,,104.5999974E-3,5.59999990,
,,,104.6399921E-3,5.59999990,
,,,104.6799943E-3,5.59999990,
,,,104.7199965E-3,5.63999987,
,,,104.7599912E-3,5.63999987,
,,,104.7999933E-3,5.63999987,
,,,104.8399955E-3,5.67999983,
,,,104.8799977E-3,5.63999987,
,,,104.9199924E-3,5.67999983,
,,,104.9599946E-3,5.67999983,
,,,104.9999967E-3,5.67999983,
,,,105.0399914E-3,5.67999983,
,,,105.0799936E-3,5.67999983,
,,,105.1199958E-3,5.71999979,
,,,105.1599979E-3,5.71999979,
,,,105.1999927E-3,5.71999979,
,,,105.2399948E-3,5.71999979,
,,,105.2799970E-3,5.71999979,
,,,105.3199917E-3,5.75999975,
,,,105.3599939E-3,5.79999971,
,,,105.3999960E-3,5.79999971,
,,,105.4399982E-3,5.79999971,
,,,105.4799929E-3,5.83999968,
,,,105.5199951E-3,5.83999968,
,,,105.5599973E-3,5.83999968,
,,,105.5999920E-3,5.87999964,
,,,105.6399941E-3,5.87999964,
,,,105.6799963E-3,5.87999964,
,,,105.7199985E-3,5.92000008,
,,,105.7599932E-3,5.92000008,
,,,105.7999954E-3,5.92000008,
,,,105.8399975E-3,5.92000008,
,,,105.8799922E-3,5.96000004,
,,,105.9199944E-3,5.96000004,
,,,105.9599966E-3,5.96000004,
,,,105.9999913E-3,6.00000000,
,,,106.0399935E-3,6.00000000,
,,,106.0799956E-3,6.03999996,
,,,106.1199978E-3,6.03999996,
,,,106.1599925E-3,6.03999996,
,,,106.1999947E-3,6.07999992,
,,,106.2399969E-3,6.07999992,
,,,106.2799916E-3,6.07999992,
,,,106.3199937E-3,6.11999989,
,,,106.3599959E-3,6.11999989,
,,,106.3999981E-3,6.11999989,
,,,106.4399928E-3,6.15999985,
,,,106.4799950E-3,6.15999985,
,,,106.5199971E-3,6.15999985,
,,,106.5599918E-3,6.23999977,
,,,106.5999940E-3,6.19999981,
,,,106.6399962E-3,6.23999977,
,,,106.6799983E-3,6.23999977,
,,,106.7199931E-3,6.23999977,
,,,106.7599952E-3,6.27999973,
,,,106.7999974E-3,6.27999973,
,,,106.8399921E-3,6.31999969,
,,,106.8799943E-3,6.31999969,
,,,106.9199964E-3,6.35999966,
,,,106.9599912E-3,6.31999969,
,,,106.9999933E-3,6.35999966,
,,,107.0399955E-3,6.35999966,
,,,107.0799977E-3,6.39999962,
,,,107.1199924E-3,6.44000006,
,,,107.1599945E-3,6.39999962,
,,,107.1999967E-3,6.44000006,
,,,107.2399914E-3,6.48000002,
,,,107.2799936E-3,6.48000002,
,,,107.3199958E-3,6.48000002,
,,,107.3599979E-3,6.51999998,
,,,107.3999926E-3,6.51999998,
,,,107.4399948E-3,6.51999998,
,,,107.4799970E-3,6.55999994,
,,,107.5199917E-3,6.55999994,
,,,107.5599939E-3,6.59999990,
,,,107.5999960E-3,6.59999990,
,,,107.6399982E-3,6.63999987,
,,,107.6799929E-3,6.63999987,
,,,107.7199951E-3,6.63999987,
,,,107.7599972E-3,6.63999987,
,,,107.7999920E-3,6.67999983,
,,,107.8399941E-3,6.67999983,
,,,107.8799963E-3,6.67999983,
,,,107.9199910E-3,6.71999979,
,,,107.9599932E-3,6.75999975,
,,,107.9999954E-3,6.71999979,
,,,108.0399975E-3,6.75999975,
,,,108.0799922E-3,6.75999975,
,,,108.1199944E-3,6.75999975,
,,,108.1599966E-3,6.75999975,
,,,108.1999913E-3,6.75999975,
,,,108.2399935E-3,6.83999968,
,,,108.2799956E-3,6.83999968,
,,,108.3199978E-3,6.83999968,
,,,108.3599925E-3,6.83999968,
,,,108.3999947E-3,6.83999968,
,,,108.4399968E-3,6.87999964,
,,,108.4799916E-3,6.87999964,
,,,108.5199937E-3,6.87999964,
,,,108.5599959E-3,6.92000008,
,,,108.5999981E-3,6.92000008,
,,,108.6399928E-3,6.92000008,
,,,108.6799949E-3,6.92000008,
,,,108.7199971E-3,6.96000004,
,,,108.7599918E-3,6.96000004,
,,,108.7999940E-3,6.96000004,
,,,108.8399962E-3,6.96000004,
,,,108.8799983E-3,7.00000000,
,,,108.9199930E-3,7.00000000,
,,,108.9599952E-3,7.00000000,
,,,108.9999974E-3,7.00000000,
,,,109.0399921E-3,7.00000000,
,,,109.0799943E-3,7.00000000,
,,,109.1199964E-3,7.00000000,
,,,109.1599911E-3,7.03999996,
,,,109.1999933E-3,7.03999996,
,,,109.2399955E-3,7.03999996,
,,,109.2799976E-3,7.07999992,
,,,109.3199924E-3,7.03999996,
,,,109.3599945E-3,7.07999992,
,,,109.3999967E-3,7.07999992,
,,,109.4399914E-3,7.07999992,
,,,109.4799936E-3,7.11999989,
,,,109.5199957E-3,7.11999989,
,,,109.5599979E-3,7.07999992,
,,,109.5999926E-3,7.11999989,
,,,109.6399948E-3,7.07999992,
,,,109.6799970E-3,7.07999992,
,,,109.7199917E-3,7.11999989,
,,,109.7599939E-3,7.11999989,
,,,109.7999960E-3,7.11999989,
,,,109.8399982E-3,7.11999989,
,,,109.8799929E-3,7.11999989,
,,,109.9199951E-3,7.15999985,
,,,109.9599972E-3,7.15999985,
,,,109.9999920E-3,7.11999989,
,,,110.0399941E-3,7.15999985,
,,,110.0799963E-3,7.15999985,
,,,110.1199910E-3,7.15999985,
,,,110.1599932E-3,7.15999985,
,,,110.1999953E-3,7.15999985,
,,,110.2399975E-3,7.15999985,
,,,110.2799922E-3,7.15999985,
,,,110.3199944E-3,7.15999985,
,,,110.3599966E-3,7.19999981,
,,,110.3999913E-3,7.19999981,
,,,110.4399934E-3,7.19999981,
,,,110.4799956E-3,7.19999981,
,,,110.5199978E-3,7.19999981,
,,,110.5599925E-3,7.19999981,
,,,110.5999947E-3,7.19999981,
,,,110.6399968E-3,7.19999981,
,,,110.6799915E-3,7.19999981,
,,,110.7199937E-3,7.19999981,
,,,110.7599959E-3,7.23999977,
,,,110.7999980E-3,7.19999981,
,,,110.8399928E-3,7.19999981,
,,,110.8799949E-3,7.19999981,
,,,110.9199971E-3,7.23999977,
,,,110.9599918E-3,7.19999981,
,,,110.9999940E-3,7.23999977,
,,,111.0399961E-3,7.23999977,
,,,111.0799983E-3,7.23999977,
,,,111.1199930E-3,7.19999981,
,,,111.1599952E-3,7.23999977,
,,,111.1999974E-3,7.19999981,
,,,111.2399921E-3,7.19999981,
,,,111.2799942E-3,7.23999977,
,,,111.3199964E-3,7.19999981,
,,,111.3599911E-3,7.23999977,
,,,111.3999933E-3,7.23999977,
,,,111.4399955E-3,7.23999977,
,,,111.4799976E-3,7.23999977,
,,,111.5199924E-3,7.19999981,
,,,111.5599945E-3,7.23999977,
,,,111.5999967E-3,7.23999977,
,,,111.6399914E-3,7.23999977,
,,,111.6799936E-3,7.23999977,
,,,111.7199957E-3,7.19999981,
,,,111.7599979E-3,7.23999977,
,,,111.7999926E-3,7.19999981,
,,,111.8399948E-3,7.23999977,
,,,111.8799970E-3,7.23999977,
,,,111.9199917E-3,7.23999977,
,,,111.9599938E-3,7.23999977,
,,,111.9999960E-3,7.23999977,
,,,112.0399982E-3,7.23999977,
,,,112.0799929E-3,7.23999977,
,,,112.1199951E-3,7.23999977,
,,,112.1599972E-3,7.19999981,
,,,112.1999919E-3,7.23999977,
,,,112.2399941E-3,7.23999977,
,,,112.2799963E-3,7.23999977,
,,,112.3199910E-3,7.23999977,
,,,112.3599932E-3,7.23999977,
,,,112.3999953E-3,7.23999977,
,,,112.4399975E-3,7.23999977,
,,,112.4799922E-3,7.23999977,
,,,112.5199944E-3,7.23999977,
,,,112.5599965E-3,7.23999977,
,,,112.5999913E-3,7.23999977,
,,,112.6399934E-3,7.23999977,
,,,112.6799956E-3,7.23999977,
,,,112.7199978E-3,7.23999977,
,,,112.7599925E-3,7.19999981,
,,,112.7999946E-3,7.23999977,
,,,112.8399968E-3,7.23999977,
,,,112.8799915E-3,7.23999977,
,,,112.9199937E-3,7.19999981,
,,,112.9599959E-3,7.19999981,
,,,112.9999980E-3,7.23999977,
,,,113.0399927E-3,7.23999977,
,,,113.0799949E-3,7.19999981,
,,,113.1199971E-3,7.19999981,
,,,113.1599918E-3,7.23999977,
,,,113.1999940E-3,7.23999977,
,,,113.2399961E-3,7.23999977,
,,,113.2799983E-3,7.23999977,
,,,113.3199930E-3,7.19999981,
,,,113.3599952E-3,7.23999977,
,,,113.3999974E-3,7.19999981,
,,,113.4399921E-3,7.23999977,
,,,113.4799942E-3,7.19999981,
,,,113.5199964E-3,7.23999977,
,,,113.5599911E-3,7.19999981,
,,,113.5999933E-3,7.23999977,
,,,113.6399955E-3,7.19999981,
,,,113.6799976E-3,7.19999981,
,,,113.7199923E-3,7.19999981,
,,,113.7599945E-3,7.23999977,
,,,113.7999967E-3,7.19999981,
,,,113.8399914E-3,7.19999981,
,,,113.8799936E-3,7.23999977,
,,,113.9199957E-3,7.19999981,
,,,113.9599979E-3,7.19999981,
,,,113.9999926E-3,7.19999981,
,,,114.0399948E-3,7.19999981,
,,,114.0799969E-3,7.23999977,
,,,114.1199917E-3,7.19999981,
,,,114.1599938E-3,7.19999981,
,,,114.1999960E-3,7.19999981,
,,,114.2399982E-3,7.19999981,
,,,114.2799929E-3,7.19999981,
,,,114.3199950E-3,7.19999981,
,,,114.3599972E-3,7.19999981,
,,,114.3999919E-3,7.19999981,
,,,114.4399941E-3,7.19999981,
,,,114.4799963E-3,7.19999981,
,,,114.5199910E-3,7.19999981,
,,,114.5599931E-3,7.19999981,
,,,114.5999953E-3,7.19999981,
,,,114.6399975E-3,7.19999981,
,,,114.6799922E-3,7.19999981,
,,,114.7199944E-3,7.19999981,
,,,114.7599965E-3,7.15999985,
,,,114.7999913E-3,7.19999981,
,,,114.8399934E-3,7.19999981,
,,,114.8799956E-3,7.15999985,
,,,114.9199978E-3,7.19999981,
,,,114.9599925E-3,7.15999985,
,,,114.9999946E-3,7.19999981,
,,,115.0399968E-3,7.15999985,
,,,115.0799915E-3,7.15999985,
,,,115.1199937E-3,7.15999985,
,,,115.1599959E-3,7.19999981,
,,,115.1999980E-3,7.15999985,
,,,115.2399927E-3,7.15999985,
,,,115.2799949E-3,7.19999981,
,,,115.3199971E-3,7.19999981,
,,,115.3599918E-3,7.15999985,
,,,115.3999940E-3,7.15999985,
,,,115.4399961E-3,7.15999985,
,,,115.4799908E-3,7.15999985,
,,,115.5199930E-3,7.15999985,
,,,115.5599952E-3,7.15999985,
,,,115.5999973E-3,7.15999985,
,,,115.6399921E-3,7.15999985,
,,,115.6799942E-3,7.15999985,
,,,115.7199964E-3,7.15999985,
,,,115.7599911E-3,7.15999985,
,,,115.7999933E-3,7.15999985,
,,,115.8399954E-3,7.15999985,
,,,115.8799976E-3,7.15999985,
,,,115.9199923E-3,7.15999985,
,,,115.9599945E-3,7.15999985,
,,,115.9999967E-3,7.15999985,
,,,116.0399914E-3,7.15999985,
,,,116.0799935E-3,7.15999985,
,,,116.1199957E-3,7.15999985,
,,,116.1599979E-3,7.15999985,
,,,116.1999926E-3,7.15999985,
,,,116.2399948E-3,7.15999985,
,,,116.2799969E-3,7.15999985,
,,,116.3199916E-3,7.15999985,
,,,116.3599938E-3,7.15999985,
,,,116.3999960E-3,7.15999985,
,,,116.4399981E-3,7.15999985,
,,,116.4799929E-3,7.11999989,
,,,116.5199950E-3,7.11999989,
,,,116.5599972E-3,7.15999985,
,,,116.5999919E-3,7.15999985,
,,,116.6399941E-3,7.15999985,
,,,116.6799963E-3,7.15999985,
,,,116.7199910E-3,7.15999985,
,,,116.7599931E-3,7.15999985,
,,,116.7999953E-3,7.15999985,
,,,116.8399975E-3,7.11999989,
,,,116.8799922E-3,7.15999985,
,,,116.9199944E-3,7.15999985,
,,,116.9599965E-3,7.15999985,
,,,116.9999912E-3,7.15999985,
,,,117.0399934E-3,7.15999985,
,,,117.0799956E-3,7.11999989,
,,,117.1199977E-3,7.15999985,
,,,117.1599925E-3,7.15999985,
,,,117.1999946E-3,7.11999989,
,,,117.2399968E-3,7.11999989,
,,,117.2799915E-3,7.11999989,
,,,117.3199937E-3,7.15999985,
,,,117.3599958E-3,7.11999989,
,,,117.3999980E-3,7.15999985,
,,,117.4399927E-3,7.11999989,
,,,117.4799949E-3,7.11999989,
,,,117.5199971E-3,7.11999989,
,,,117.5599918E-3,7.11999989,
,,,117.5999939E-3,7.11999989,
,,,117.6399961E-3,7.11999989,
,,,117.6799908E-3,7.11999989,
,,,117.7199930E-3,7.11999989,
,,,117.7599952E-3,7.11999989,
,,,117.7999973E-3,7.07999992,
,,,117.8399920E-3,7.07999992,
,,,117.8799942E-3,7.11999989,
,,,117.9199964E-3,7.15999985,
,,,117.9599911E-3,7.11999989,
,,,117.9999933E-3,7.11999989,
,,,118.0399954E-3,7.11999989,
,,,118.0799976E-3,7.11999989,
,,,118.1199923E-3,7.07999992,
,,,118.1599945E-3,7.11999989,
,,,118.1999967E-3,7.11999989,
,,,118.2399914E-3,7.11999989,
,,,118.2799935E-3,7.11999989,
,,,118.3199957E-3,7.11999989,
,,,118.3599979E-3,7.11999989,
,,,118.3999926E-3,7.11999989,
,,,118.4399948E-3,7.11999989,
,,,118.4799969E-3,7.07999992,
,,,118.5199916E-3,7.07999992,
,,,118.5599938E-3,7.11999989,
,,,118.5999960E-3,7.11999989,
,,,118.6399981E-3,7.11999989,
,,,118.6799929E-3,7.11999989,
,,,118.7199950E-3,7.11999989,
,,,118.7599972E-3,7.07999992,
,,,118.7999919E-3,7.07999992,
,,,118.8399941E-3,7.11999989,
,,,118.8799962E-3,7.07999992,
,,,118.9199910E-3,7.07999992,
,,,118.9599931E-3,7.11999989,
,,,118.9999953E-3,7.07999992,
,,,119.0399975E-3,7.07999992,
,,,119.0799922E-3,7.07999992,
,,,119.1199943E-3,7.07999992,
,,,119.1599965E-3,7.07999992,
,,,119.1999912E-3,7.07999992,
,,,119.2399934E-3,7.07999992,
,,,119.2799956E-3,7.07999992,
,,,119.3199977E-3,7.07999992,
,,,119.3599924E-3,7.07999992,
,,,119.3999946E-3,7.07999992,
,,,119.4399968E-3,7.07999992,
,,,119.4799915E-3,7.07999992,
,,,119.5199937E-3,7.07999992,
,,,119.5599958E-3,7.07999992,
,,,119.5999980E-3,7.07999992,
,,,119.6399927E-3,7.07999992,
,,,119.6799949E-3,7.07999992,
,,,119.7199970E-3,7.07999992,
,,,119.7599918E-3,7.07999992,
,,,119.7999939E-3,7.07999992,
,,,119.8399961E-3,7.07999992,
,,,119.8799908E-3,7.07999992,
,,,119.9199930E-3,7.07999992,
,,,119.9599952E-3,7.07999992,
,,,119.9999973E-3,7.03999996,
,,,120.0399920E-3,7.07999992,
,,,120.0799942E-3,7.07999992,
,,,120.1199964E-3,7.07999992,
,,,120.1599911E-3,7.03999996,
,,,120.1999933E-3,7.03999996,
,,,120.2399954E-3,7.07999992,
,,,120.2799976E-3,7.03999996,
,,,120.3199923E-3,7.07999992,
,,,120.3599945E-3,7.07999992,
,,,120.3999966E-3,7.03999996,
,,,120.4399914E-3,7.03999996,
,,,120.4799935E-3,7.03999996,
,,,120.5199957E-3,7.03999996,
,,,120.5599979E-3,7.03999996,
,,,120.5999926E-3,7.07999992,
,,,120.6399947E-3,7.07999992,
,,,120.6799969E-3,7.03999996,
,,,120.7199916E-3,7.07999992,
,,,120.7599938E-3,7.03999996,
,,,120.7999960E-3,7.03999996,
,,,120.8399981E-3,7.03999996,
,,,120.8799928E-3,7.07999992,
,,,120.9199950E-3,7.03999996,
,,,120.9599972E-3,7.03999996,
,,,120.9999919E-3,7.03999996,
,,,121.0399941E-3,7.03999996,
,,,121.0799962E-3,7.03999996,
,,,121.1199909E-3,7.03999996,
,,,121.1599931E-3,7.03999996,
,,,121.1999953E-3,7.03999996,
,,,121.2399974E-3,7.03999996,
,,,121.2799922E-3,7.03999996,
,,,121.3199943E-3,7.03999996,
,,,121.3599965E-3,7.03999996,
,,,121.3999912E-3,7.07999992,
,,,121.4399934E-3,7.03999996,
,,,121.4799955E-3,7.03999996,
,,,121.5199977E-3,7.03999996,
,,,121.5599924E-3,7.03999996,
,,,121.5999946E-3,7.03999996,
,,,121.6399968E-3,7.03999996,
,,,121.6799915E-3,7.03999996,
,,,121.7199937E-3,7.03999996,
,,,121.7599958E-3,7.03999996,
,,,121.7999980E-3,7.03999996,
,,,121.8399927E-3,7.03999996,
,,,121.8799949E-3,7.03999996,
,,,121.9199970E-3,7.03999996,
,,,121.9599918E-3,7.00000000,
,,,121.9999939E-3,7.03999996,
,,,122.0399961E-3,7.03999996,
,,,122.0799908E-3,7.03999996,
,,,122.1199930E-3,7.07999992,
,,,122.1599951E-3,7.00000000,
,,,122.1999973E-3,7.03999996,
,,,122.2399920E-3,7.00000000,
,,,122.2799942E-3,7.03999996,
,,,122.3199964E-3,7.03999996,
,,,122.3599911E-3,7.00000000,
,,,122.3999932E-3,7.03999996,
,,,122.4399954E-3,7.00000000,
,,,122.4799976E-3,7.03999996,
,,,122.5199923E-3,7.00000000,
,,,122.5599945E-3,7.00000000,
,,,122.5999966E-3,6.96000004,
,,,122.6399913E-3,7.03999996,
,,,122.6799935E-3,7.00000000,
,,,122.7199957E-3,7.00000000,
,,,122.7599978E-3,7.00000000,
,,,122.7999926E-3,7.00000000,
,,,122.8399947E-3,7.00000000,
,,,122.8799969E-3,7.00000000,
,,,122.9199916E-3,7.00000000,
,,,122.9599938E-3,7.00000000,
,,,122.9999959E-3,7.00000000,
,,,123.0399907E-3,7.00000000,
,,,123.0799928E-3,7.00000000,
,,,123.1199950E-3,7.00000000,
,,,123.1599972E-3,7.00000000,
,,,123.1999919E-3,7.00000000,
,,,123.2399940E-3,7.00000000,
,,,123.2799962E-3,7.00000000,
,,,123.3199909E-3,7.00000000,
,,,123.3599931E-3,7.00000000,
,,,123.3999953E-3,7.00000000,
,,,123.4399974E-3,7.00000000,
,,,123.4799922E-3,7.00000000,
,,,123.5199943E-3,6.96000004,
,,,123.5599965E-3,7.00000000,
,,,123.5999912E-3,7.00000000,
,,,123.6399934E-3,7.00000000,
,,,123.6799955E-3,7.00000000,
,,,123.7199977E-3,6.96000004,
,,,123.7599924E-3,7.00000000,
,,,123.7999946E-3,7.00000000,
,,,123.8399968E-3,7.00000000,
,,,123.8799915E-3,6.96000004,
,,,123.9199936E-3,7.00000000,
,,,123.9599958E-3,6.96000004,
,,,123.9999980E-3,7.00000000,
,,,124.0399927E-3,7.00000000,
,,,124.0799949E-3,6.96000004,
,,,124.1199970E-3,6.96000004,
,,,124.1599917E-3,6.96000004,
,,,124.1999939E-3,6.96000004,
,,,124.2399961E-3,7.00000000,
,,,124.2799908E-3,6.96000004,
,,,124.3199930E-3,6.96000004,
,,,124.3599951E-3,7.00000000,
,,,124.3999973E-3,7.00000000,
,,,124.4399920E-3,6.96000004,
,,,124.4799942E-3,6.96000004,
,,,124.5199963E-3,7.00000000,
,,,124.5599911E-3,6.96000004,
,,,124.5999932E-3,6.96000004,
,,,124.6399954E-3,6.96000004,
,,,124.6799976E-3,6.96000004,
,,,124.7199923E-3,6.96000004,
,,,124.7599944E-3,6.96000004,
,,,124.7999966E-3,6.96000004,
,,,124.8399913E-3,6.96000004,
,,,124.8799935E-3,6.96000004,
,,,124.9199957E-3,7.00000000,
,,,124.9599978E-3,6.96000004,
,,,124.9999925E-3,6.96000004,
,,,125.0399947E-3,6.96000004,
,,,125.0799894E-3,6.96000004,
,,,125.1199991E-3,6.96000004,
,,,125.1599938E-3,6.96000004,
,,,125.1999885E-3,6.92000008,
,,,125.2399981E-3,6.96000004,
,,,125.2799928E-3,6.96000004,
,,,125.3199875E-3,6.92000008,
,,,125.3599972E-3,6.92000008,
,,,125.3999919E-3,6.96000004,
,,,125.4400015E-3,6.96000004,
,,,125.4799962E-3,6.92000008,
,,,125.5199909E-3,6.96000004,
,,,125.5600005E-3,6.96000004,
,,,125.5999953E-3,6.96000004,
,,,125.6399900E-3,6.92000008,
,,,125.6799996E-3,6.92000008,
,,,125.7199943E-3,6.92000008,
,,,125.7599890E-3,6.92000008,
,,,125.7999986E-3,6.96000004,
,,,125.8399934E-3,6.92000008,
,,,125.8799881E-3,6.92000008,
,,,125.9199977E-3,6.92000008,
,,,125.9599924E-3,6.92000008,
,,,125.9999871E-3,6.96000004,
,,,126.0399967E-3,6.92000008,
,,,126.0799915E-3,6.92000008,
,,,126.1200011E-3,6.92000008,
,,,126.1599958E-3,6.92000008,
,,,126.1999905E-3,6.92000008,
,,,126.2400001E-3,6.92000008,
,,,126.2799948E-3,6.92000008,
,,,126.3199896E-3,6.92000008,
,,,126.3599992E-3,6.92000008,
,,,126.3999939E-3,6.92000008,
,,,126.4399886E-3,6.92000008,
,,,126.4799982E-3,6.92000008,
,,,126.5199929E-3,6.92000008,
,,,126.5599877E-3,6.92000008,
,,,126.5999973E-3,6.92000008,
,,,126.6399920E-3,6.92000008,
,,,126.6800016E-3,6.92000008,
,,,126.7199963E-3,6.92000008,
,,,126.7599910E-3,6.92000008,
,,,126.8000007E-3,6.92000008,
,,,126.8399954E-3,6.92000008,
,,,126.8799901E-3,6.87999964,
,,,126.9199997E-3,6.92000008,
,,,126.9599944E-3,6.92000008,
,,,126.9999892E-3,6.92000008,
,,,127.0399988E-3,6.92000008,
,,,127.0799935E-3,6.92000008,
,,,127.1199882E-3,6.92000008,
,,,127.1599978E-3,6.92000008,
,,,127.1999925E-3,6.92000008,
,,,127.2399873E-3,6.92000008,
,,,127.2799969E-3,6.92000008,
,,,127.3199916E-3,6.92000008,
,,,127.3600012E-3,6.87999964,
,,,127.3999959E-3,6.92000008,
,,,127.4399906E-3,6.92000008,
,,,127.4800003E-3,6.87999964,
,,,127.5199950E-3,6.92000008,
,,,127.5599897E-3,6.87999964,
,,,127.5999993E-3,6.87999964,
,,,127.6399940E-3,6.87999964,
,,,127.6799887E-3,6.87999964,
,,,127.7199984E-3,6.92000008,
,,,127.7599931E-3,6.87999964,
,,,127.7999878E-3,6.87999964,
,,,127.8399974E-3,6.87999964,
,,,127.8799921E-3,6.87999964,
,,,127.9199868E-3,6.87999964,
,,,127.9599965E-3,6.87999964,
,,,127.9999912E-3,6.87999964,
,,,128.0400008E-3,6.87999964,
,,,128.0799955E-3,6.87999964,
,,,128.1199902E-3,6.87999964,
,,,128.1599998E-3,6.92000008,
,,,128.1999946E-3,6.87999964,
,,,128.2399893E-3,6.87999964,
,,,128.2799989E-3,6.83999968,
,,,128.3199936E-3,6.87999964,
,,,128.3599883E-3,6.87999964,
,,,128.3999979E-3,6.87999964,
,,,128.4399927E-3,6.87999964,
,,,128.4799874E-3,6.87999964,
,,,128.5199970E-3,6.87999964,
,,,128.5599917E-3,6.87999964,
,,,128.6000013E-3,6.87999964,
,,,128.6399961E-3,6.87999964,
,,,128.6799908E-3,6.87999964,
,,,128.7200004E-3,6.87999964,
,,,128.7599951E-3,6.83999968,
,,,128.7999898E-3,6.87999964,
,,,128.8399994E-3,6.87999964,
,,,128.8799942E-3,6.87999964,
,,,128.9199889E-3,6.87999964,
,,,128.9599985E-3,6.87999964,
,,,128.9999932E-3,6.83999968,
,,,129.0399879E-3,6.83999968,
,,,129.0799975E-3,6.87999964,
,,,129.1199923E-3,6.87999964,
,,,129.1599870E-3,6.87999964,
,,,129.1999966E-3,6.83999968,
,,,129.2399913E-3,6.83999968,
,,,129.2800009E-3,6.83999968,
,,,129.3199956E-3,6.83999968,
,,,129.3599904E-3,6.83999968,
,,,129.4000000E-3,6.83999968,
,,,129.4399947E-3,6.83999968,
,,,129.4799894E-3,6.83999968,
,,,129.5199990E-3,6.83999968,
,,,129.5599937E-3,6.83999968,
,,,129.5999885E-3,6.83999968,
,,,129.6399981E-3,6.83999968,
,,,129.6799928E-3,6.83999968,
,,,129.7199875E-3,6.83999968,
,,,129.7599971E-3,6.83999968,
,,,129.7999918E-3,6.83999968,
,,,129.8400015E-3,6.83999968,
,,,129.8799962E-3,6.79999971,
,,,129.9199909E-3,6.83999968,
,,,129.9600005E-3,6.83999968,
,,,129.9999952E-3,6.83999968,
,,,130.0399899E-3,6.83999968,
,,,130.0799996E-3,6.83999968,
,,,130.1199943E-3,6.83999968,
,,,130.1599890E-3,6.83999968,
,,,130.1999986E-3,6.79999971,
,,,130.2399933E-3,6.83999968,
,,,130.2799881E-3,6.79999971,
,,,130.3199977E-3,6.79999971,
,,,130.3599924E-3,6.79999971,
,,,130.3999871E-3,6.83999968,
,,,130.4399967E-3,6.79999971,
,,,130.4799914E-3,6.79999971,
,,,130.5200011E-3,6.83999968,
,,,130.5599958E-3,6.79999971,
,,,130.5999905E-3,6.79999971,
,,,130.6400001E-3,6.83999968,
,,,130.6799948E-3,6.75999975,
,,,130.7199895E-3,6.83999968,
,,,130.7599992E-3,6.79999971,
,,,130.7999939E-3,6.79999971,
,,,130.8399886E-3,6.79999971,
,,,130.8799982E-3,6.79999971,
,,,130.9199929E-3,6.79999971,
,,,130.9599876E-3,6.79999971,
,,,130.9999973E-3,6.79999971,
,,,131.0399920E-3,6.79999971,
,,,131.0800016E-3,6.75999975,
,,,131.1199963E-3,6.79999971,
,,,131.1599910E-3,6.75999975,
,,,131.2000006E-3,6.79999971,
,,,131.2399954E-3,6.79999971,
,,,131.2799901E-3,6.75999975,
,,,131.3199997E-3,6.79999971,
,,,131.3599944E-3,6.75999975,
,,,131.3999891E-3,6.75999975,
,,,131.4399987E-3,6.75999975,
,,,131.4799935E-3,6.75999975,
,,,131.5199882E-3,6.75999975,
,,,131.5599978E-3,6.75999975,
,,,131.5999925E-3,6.75999975,
,,,131.6399872E-3,6.75999975,
,,,131.6799968E-3,6.75999975,
,,,131.7199916E-3,6.75999975,
,,,131.7600012E-3,6.75999975,
,,,131.7999959E-3,6.75999975,
,,,131.8399906E-3,6.75999975,
,,,131.8800002E-3,6.75999975,
,,,131.9199950E-3,6.75999975,
,,,131.9599897E-3,6.75999975,
,,,131.9999993E-3,6.75999975,
,,,132.0399940E-3,6.75999975,
,,,132.0799887E-3,6.75999975,
,,,132.1199983E-3,6.75999975,
,,,132.1599931E-3,6.75999975,
,,,132.1999878E-3,6.75999975,
,,,132.2399974E-3,6.71999979,
,,,132.2799921E-3,6.75999975,
,,,132.3199868E-3,6.71999979,
,,,132.3599964E-3,6.71999979,
,,,132.3999912E-3,6.71999979,
,,,132.4400008E-3,6.71999979,
,,,132.4799955E-3,6.75999975,
,,,132.5199902E-3,6.75999975,
,,,132.5599998E-3,6.71999979,
,,,132.5999945E-3,6.71999979,
,,,132.6399893E-3,6.71999979,
,,,132.6799989E-3,6.71999979,
,,,132.7199936E-3,6.71999979,
,,,132.7599883E-3,6.71999979,
,,,132.7999979E-3,6.71999979,
,,,132.8399926E-3,6.71999979,
,,,132.8799874E-3,6.71999979,
,,,132.9199970E-3,6.71999979,
,,,132.9599917E-3,6.67999983,
,,,133.0000013E-3,6.71999979,
,,,133.0399960E-3,6.71999979,
,,,133.0799907E-3,6.71999979,
,,,133.1200004E-3,6.67999983,
,,,133.1599951E-3,6.71999979,
,,,133.1999898E-3,6.67999983,
,,,133.2399994E-3,6.67999983,
,,,133.2799941E-3,6.67999983,
,,,133.3199888E-3,6.67999983,
,,,133.3599985E-3,6.67999983,
,,,133.3999932E-3,6.63999987,
,,,133.4399879E-3,6.63999987,
,,,133.4799975E-3,6.67999983,
,,,133.5199922E-3,6.67999983,
,,,133.5599869E-3,6.63999987,
,,,133.5999966E-3,6.63999987,
,,,133.6399913E-3,6.63999987,
,,,133.6800009E-3,6.63999987,
,,,133.7199956E-3,6.63999987,
,,,133.7599903E-3,6.63999987,
,,,133.8000000E-3,6.63999987,
,,,133.8399947E-3,6.63999987,
,,,133.8799894E-3,6.59999990,
,,,133.9199990E-3,6.59999990,
,,,133.9599937E-3,6.59999990,
,,,133.9999884E-3,6.59999990,
,,,134.0399981E-3,6.59999990,
,,,134.0799928E-3,6.59999990,
,,,134.1199875E-3,6.59999990,
,,,134.1599971E-3,6.59999990,
,,,134.1999918E-3,6.55999994,
,,,134.2400014E-3,6.55999994,
,,,134.2799962E-3,6.59999990,
,,,134.3199909E-3,6.59999990,
,,,134.3600005E-3,6.55999994,
,,,134.3999952E-3,6.51999998,
,,,134.4399899E-3,6.55999994,
,,,134.4799995E-3,6.55999994,
,,,134.5199943E-3,6.55999994,
,,,134.5599890E-3,6.55999994,
,,,134.5999986E-3,6.51999998,
,,,134.6399933E-3,6.51999998,
,,,134.6799880E-3,6.51999998,
,,,134.7199976E-3,6.51999998,
,,,134.7599924E-3,6.51999998,
,,,134.7999871E-3,6.51999998,
,,,134.8399967E-3,6.51999998,
,,,134.8799914E-3,6.48000002,
,,,134.9200010E-3,6.48000002,
,,,134.9599957E-3,6.48000002,
,,,134.9999905E-3,6.48000002,
,,,135.0400001E-3,6.44000006,
,,,135.0799948E-3,6.48000002,
,,,135.1199895E-3,6.44000006,
,,,135.1599991E-3,6.44000006,
,,,135.1999938E-3,6.44000006,
,,,135.2399886E-3,6.39999962,
,,,135.2799982E-3,6.39999962,
,,,135.3199929E-3,6.44000006,
,,,135.3599876E-3,6.39999962,
,,,135.3999972E-3,6.39999962,
,,,135.4399920E-3,6.35999966,
,,,135.4799867E-3,6.39999962,
,,,135.5199963E-3,6.39999962,
,,,135.5599910E-3,6.35999966,
,,,135.6000006E-3,6.35999966,
,,,135.6399953E-3,6.35999966,
,,,135.6799901E-3,6.35999966,
,,,135.7199997E-3,6.35999966,
,,,135.7599944E-3,6.35999966,
,,,135.7999891E-3,6.35999966,
,,,135.8399987E-3,6.31999969,
,,,135.8799934E-3,6.31999969,
,,,135.9199882E-3,6.35999966,
,,,135.9599978E-3,6.31999969,
,,,135.9999925E-3,6.31999969,
,,,136.0399872E-3,6.27999973,
,,,136.0799968E-3,6.27999973,
,,,136.1199915E-3,6.27999973,
,,,136.1600012E-3,6.23999977,
,,,136.1999959E-3,6.27999973,
,,,136.2399906E-3,6.27999973,
,,,136.2800002E-3,6.23999977,
,,,136.3199949E-3,6.23999977,
,,,136.3599896E-3,6.23999977,
,,,136.3999993E-3,6.23999977,
,,,136.4399940E-3,6.23999977,
,,,136.4799887E-3,6.19999981,
,,,136.5199983E-3,6.19999981,
,,,136.5599930E-3,6.15999985,
,,,136.5999877E-3,6.19999981,
,,,136.6399974E-3,6.19999981,
,,,136.6799921E-3,6.15999985,
,,,136.7199868E-3,6.15999985,
,,,136.7599964E-3,6.15999985,
,,,136.7999911E-3,6.15999985,
,,,136.8400007E-3,6.11999989,
,,,136.8799955E-3,6.15999985,
,,,136.9199902E-3,6.11999989,
,,,136.9599998E-3,6.11999989,
,,,136.9999945E-3,6.11999989,
,,,137.0399892E-3,6.11999989,
,,,137.0799989E-3,6.07999992,
,,,137.1199936E-3,6.07999992,
,,,137.1599883E-3,6.07999992,
,,,137.1999979E-3,6.03999996,
,,,137.2399926E-3,6.03999996,
,,,137.2799873E-3,6.07999992,
,,,137.3199970E-3,6.03999996,
,,,137.3599917E-3,6.03999996,
,,,137.4000013E-3,6.03999996,
,,,137.4399960E-3,6.00000000,
,,,137.4799907E-3,6.00000000,
,,,137.5200003E-3,6.00000000,
,,,137.5599951E-3,6.00000000,
,,,137.5999898E-3,6.00000000,
,,,137.6399994E-3,6.00000000,
,,,137.6799941E-3,5.96000004,
,,,137.7199888E-3,5.96000004,
,,,137.7599984E-3,6.00000000,
,,,137.7999932E-3,5.96000004,
,,,137.8399879E-3,5.96000004,
,,,137.8799975E-3,5.92000008,
,,,137.9199922E-3,5.96000004,
,,,137.9599869E-3,5.92000008,
,,,137.9999965E-3,5.92000008,
,,,138.0399913E-3,5.96000004,
,,,138.0800009E-3,5.87999964,
,,,138.1199956E-3,5.92000008,
,,,138.1599903E-3,5.92000008,
,,,138.1999999E-3,5.92000008,
,,,138.2399946E-3,5.87999964,
,,,138.2799894E-3,5.87999964,
,,,138.3199990E-3,5.87999964,
,,,138.3599937E-3,5.87999964,
,,,138.3999884E-3,5.87999964,
,,,138.4399980E-3,5.87999964,
,,,138.4799927E-3,5.83999968,
,,,138.5199875E-3,5.87999964,
,,,138.5599971E-3,5.83999968,
,,,138.5999918E-3,5.83999968,
,,,138.6399865E-3,5.87999964,
,,,138.6799961E-3,5.83999968,
,,,138.7199908E-3,5.83999968,
,,,138.7600005E-3,5.83999968,
,,,138.7999952E-3,5.83999968,
,,,138.8399899E-3,5.83999968,
,,,138.8799995E-3,5.83999968,
,,,138.9199942E-3,5.83999968,
,,,138.9599890E-3,5.79999971,
,,,138.9999986E-3,5.79999971,
,,,139.0399933E-3,5.83999968,
,,,139.0799880E-3,5.79999971,
,,,139.1199976E-3,5.79999971,
,,,139.1599923E-3,5.79999971,
,,,139.1999871E-3,5.79999971,
,,,139.2399967E-3,5.79999971,
,,,139.2799914E-3,5.79999971,
,,,139.3200010E-3,5.79999971,
,,,139.3599957E-3,5.79999971,
,,,139.3999904E-3,5.79999971,
,,,139.4400001E-3,5.79999971,
,,,139.4799948E-3,5.79999971,
,,,139.5199895E-3,5.75999975,
,,,139.5599991E-3,5.75999975,
,,,139.5999938E-3,5.79999971,
,,,139.6399885E-3,5.75999975,
,,,139.6799982E-3,5.75999975,
,,,139.7199929E-3,5.75999975,
,,,139.7599876E-3,5.75999975,
,,,139.7999972E-3,5.75999975,
,,,139.8399919E-3,5.75999975,
,,,139.8799866E-3,5.75999975,
,,,139.9199963E-3,5.79999971,
,,,139.9599910E-3,5.75999975,
,,,140.0000006E-3,5.79999971,
,,,140.0399953E-3,5.79999971,
,,,140.0799900E-3,5.75999975,
,,,140.1199996E-3,5.75999975,
,,,140.1599944E-3,5.75999975,
,,,140.1999891E-3,5.75999975,
,,,140.2399987E-3,5.75999975,
,,,140.2799934E-3,5.75999975,
,,,140.3199881E-3,5.75999975,
,,,140.3599977E-3,5.75999975,
,,,140.3999925E-3,5.79999971,
,,,140.4399872E-3,5.79999971,
,,,140.4799968E-3,5.79999971,
,,,140.5199915E-3,5.79999971,
,,,140.5600011E-3,5.75999975,
,,,140.5999959E-3,5.75999975,
,,,140.6399906E-3,5.75999975,
,,,140.6800002E-3,5.75999975,
,,,140.7199949E-3,5.75999975,
,,,140.7599896E-3,5.79999971,
,,,140.7999992E-3,5.75999975,
,,,140.8399940E-3,5.79999971,
,,,140.8799887E-3,5.79999971,
,,,140.9199983E-3,5.79999971,
,,,140.9599930E-3,5.75999975,
,,,140.9999877E-3,5.79999971,
,,,141.0399973E-3,5.79999971,
,,,141.0799921E-3,5.79999971,
,,,141.1199868E-3,5.79999971,
,,,141.1599964E-3,5.83999968,
,,,141.1999911E-3,5.79999971,
,,,141.2400007E-3,5.79999971,
,,,141.2799954E-3,5.83999968,
,,,141.3199902E-3,5.83999968,
,,,141.3599998E-3,5.83999968,
,,,141.3999945E-3,5.79999971,
,,,141.4399892E-3,5.83999968,
,,,141.4799988E-3,5.83999968,
,,,141.5199935E-3,5.83999968,
,,,141.5599883E-3,5.83999968,
,,,141.5999979E-3,5.83999968,
,,,141.6399926E-3,5.83999968,
,,,141.6799873E-3,5.83999968,
,,,141.7199969E-3,5.83999968,
,,,141.7599916E-3,5.83999968,
,,,141.8000013E-3,5.83999968,
,,,141.8399960E-3,5.83999968,
,,,141.8799907E-3,5.83999968,
,,,141.9200003E-3,5.87999964,
,,,141.9599950E-3,5.87999964,
,,,141.9999897E-3,5.87999964,
,,,142.0399994E-3,5.87999964,
,,,142.0799941E-3,5.87999964,
,,,142.1199888E-3,5.87999964,
,,,142.1599984E-3,5.87999964,
,,,142.1999931E-3,5.92000008,
,,,142.2399879E-3,5.92000008,
,,,142.2799975E-3,5.92000008,
,,,142.3199922E-3,5.92000008,
,,,142.3599869E-3,5.96000004,
,,,142.3999965E-3,5.92000008,
,,,142.4399912E-3,5.96000004,
,,,142.4800009E-3,5.96000004,
,,,142.5199956E-3,5.96000004,
,,,142.5599903E-3,5.96000004,
,,,142.5999999E-3,5.96000004,
,,,142.6399946E-3,5.96000004,
,,,142.6799893E-3,6.00000000,
,,,142.7199990E-3,5.96000004,
,,,142.7599937E-3,5.96000004,
,,,142.7999884E-3,6.00000000,
,,,142.8399980E-3,5.96000004,
,,,142.8799927E-3,6.00000000,
,,,142.9199874E-3,5.96000004,
,,,142.9599971E-3,6.00000000,
,,,142.9999918E-3,6.00000000,
,,,143.0399865E-3,6.03999996,
,,,143.0799961E-3,6.03999996,
,,,143.1199908E-3,6.03999996,
,,,143.1600004E-3,6.03999996,
,,,143.1999952E-3,6.03999996,
,,,143.2399899E-3,6.03999996,
,,,143.2799995E-3,6.03999996,
,,,143.3199942E-3,6.03999996,
,,,143.3599889E-3,6.03999996,
,,,143.3999985E-3,6.07999992,
,,,143.4399933E-3,6.07999992,
,,,143.4799880E-3,6.07999992,
,,,143.5199976E-3,6.07999992,
,,,143.5599923E-3,6.07999992,
,,,143.5999870E-3,6.07999992,
,,,143.6399966E-3,6.11999989,
,,,143.6799914E-3,6.11999989,
,,,143.7200010E-3,6.11999989,
,,,143.7599957E-3,6.11999989,
,,,143.7999904E-3,6.11999989,
,,,143.8400000E-3,6.11999989,
,,,143.8799948E-3,6.11999989,
,,,143.9199895E-3,6.11999989,
,,,143.9599991E-3,6.15999985,
,,,143.9999938E-3,6.11999989,
,,,144.0399885E-3,6.15999985,
,,,144.0799981E-3,6.15999985,
,,,144.1199929E-3,6.15999985,
,,,144.1599876E-3,6.15999985,
,,,144.1999972E-3,6.15999985,
,,,144.2399919E-3,6.19999981,
,,,144.2799866E-3,6.19999981,
,,,144.3199962E-3,6.15999985,
,,,144.3599910E-3,6.19999981,
,,,144.4000006E-3,6.19999981,
,,,144.4399953E-3,6.19999981,
,,,144.4799900E-3,6.19999981,
,,,144.5199996E-3,6.23999977,
,,,144.5599943E-3,6.23999977,
,,,144.5999891E-3,6.19999981,
,,,144.6399987E-3,6.19999981,
,,,144.6799934E-3,6.23999977,
,,,144.7199881E-3,6.23999977,
,,,144.7599977E-3,6.23999977,
,,,144.7999924E-3,6.23999977,
,,,144.8399872E-3,6.27999973,
,,,144.8799968E-3,6.27999973,
,,,144.9199915E-3,6.23999977,
,,,144.9600011E-3,6.27999973,
,,,144.9999958E-3,6.27999973,
,,,145.0399905E-3,6.23999977,
,,,145.0800002E-3,6.27999973,
,,,145.1199949E-3,6.31999969,
,,,145.1599896E-3,6.27999973,
,,,145.1999992E-3,6.27999973,
,,,145.2399939E-3,6.31999969,
,,,145.2799886E-3,6.31999969,
,,,145.3199983E-3,6.31999969,
,,,145.3599930E-3,6.31999969,
,,,145.3999877E-3,6.31999969,
,,,145.4399973E-3,6.31999969,
,,,145.4799920E-3,6.31999969,
,,,145.5199867E-3,6.31999969,
,,,145.5599964E-3,6.31999969,
,,,145.5999911E-3,6.31999969,
,,,145.6400007E-3,6.31999969,
,,,145.6799954E-3,6.31999969,
,,,145.7199901E-3,6.35999966,
,,,145.7599998E-3,6.35999966,
,,,145.7999945E-3,6.35999966,
,,,145.8399892E-3,6.31999969,
,,,145.8799988E-3,6.35999966,
,,,145.9199935E-3,6.35999966,
,,,145.9599882E-3,6.31999969,
,,,145.9999979E-3,6.35999966,
,,,146.0399926E-3,6.35999966,
,,,146.0799873E-3,6.35999966,
,,,146.1199969E-3,6.35999966,
,,,146.1599916E-3,6.35999966,
,,,146.1999863E-3,6.35999966,
,,,146.2399960E-3,6.35999966,
,,,146.2799907E-3,6.35999966,
,,,146.3200003E-3,6.35999966,
,,,146.3599950E-3,6.35999966,
,,,146.3999897E-3,6.35999966,
,,,146.4399993E-3,6.35999966,
,,,146.4799941E-3,6.35999966,
,,,146.5199888E-3,6.35999966,
,,,146.5599984E-3,6.35999966,
,,,146.5999931E-3,6.35999966,
,,,146.6399878E-3,6.35999966,
,,,146.6799974E-3,6.39999962,
,,,146.7199922E-3,6.35999966,
,,,146.7599869E-3,6.35999966,
,,,146.7999965E-3,6.39999962,
,,,146.8399912E-3,6.35999966,
,,,146.8800008E-3,6.35999966,
,,,146.9199955E-3,6.35999966,
,,,146.9599903E-3,6.39999962,
,,,146.9999999E-3,6.39999962,
,,,147.0399946E-3,6.39999962,
,,,147.0799893E-3,6.39999962,
,,,147.1199989E-3,6.39999962,
,,,147.1599936E-3,6.35999966,
,,,147.1999884E-3,6.35999966,
,,,147.2399980E-3,6.39999962,
,,,147.2799927E-3,6.39999962,
,,,147.3199874E-3,6.39999962,
,,,147.3599970E-3,6.39999962,
,,,147.3999918E-3,6.39999962,
,,,147.4399865E-3,6.39999962,
,,,147.4799961E-3,6.44000006,
,,,147.5199908E-3,6.39999962,
,,,147.5600004E-3,6.39999962,
,,,147.5999951E-3,6.39999962,
,,,147.6399899E-3,6.39999962,
,,,147.6799995E-3,6.39999962,
,,,147.7199942E-3,6.39999962,
,,,147.7599889E-3,6.35999966,
,,,147.7999985E-3,6.39999962,
,,,147.8399932E-3,6.35999966,
,,,147.8799880E-3,6.39999962,
,,,147.9199976E-3,6.39999962,
,,,147.9599923E-3,6.39999962,
,,,147.9999870E-3,6.39999962,
,,,148.0399966E-3,6.39999962,
,,,148.0799913E-3,6.39999962,
,,,148.1200010E-3,6.35999966,
,,,148.1599957E-3,6.39999962,
,,,148.1999904E-3,6.39999962,
,,,148.2400000E-3,6.39999962,
,,,148.2799947E-3,6.39999962,
,,,148.3199894E-3,6.39999962,
,,,148.3599991E-3,6.39999962,
,,,148.3999938E-3,6.39999962,
,,,148.43998849E-3,6.39999962,
,,,148.47999811E-3,6.35999966,
,,,148.51999283E-3,6.35999966,
,,,148.55998755E-3,6.39999962,
,,,148.59999716E-3,6.39999962,
,,,148.63999188E-3,6.39999962,
,,,148.67998660E-3,6.39999962,
,,,148.71999621E-3,6.35999966,
,,,148.75999093E-3,6.39999962,
,,,148.80000055E-3,6.39999962,
,,,148.83999527E-3,6.39999962,
,,,148.87998998E-3,6.39999962,
,,,148.91999960E-3,6.35999966,
,,,148.95999432E-3,6.35999966,
,,,148.99998903E-3,6.39999962,
,,,149.03999865E-3,6.35999966,
,,,149.07999337E-3,6.39999962,
,,,149.11998808E-3,6.35999966,
,,,149.15999770E-3,6.39999962,
,,,149.19999242E-3,6.39999962,
,,,149.23998713E-3,6.39999962,
,,,149.27999675E-3,6.35999966,
,,,149.31999147E-3,6.39999962,
,,,149.36000109E-3,6.39999962,
,,,149.39999580E-3,6.35999966,
,,,149.43999052E-3,6.35999966,
,,,149.48000014E-3,6.35999966,
,,,149.51999485E-3,6.35999966,
,,,149.55998957E-3,6.35999966,
,,,149.59999919E-3,6.39999962,
,,,149.63999391E-3,6.35999966,
,,,149.67998862E-3,6.35999966,
,,,149.71999824E-3,6.35999966,
,,,149.75999296E-3,6.35999966,
,,,149.79998767E-3,6.35999966,
,,,149.83999729E-3,6.35999966,
,,,149.87999201E-3,6.35999966,
,,,149.91998672E-3,6.39999962,
,,,149.95999634E-3,6.35999966,
,,,149.99999106E-3,6.35999966,
,,,150.04000068E-3,6.39999962,
,,,150.07999539E-3,6.35999966,
,,,150.11999011E-3,6.35999966,
,,,150.15999973E-3,6.35999966,
,,,150.19999444E-3,6.35999966,
,,,150.23998916E-3,6.35999966,
,,,150.27999878E-3,6.39999962,
,,,150.31999350E-3,6.35999966,
,,,150.35998821E-3,6.35999966,
,,,150.39999783E-3,6.35999966,
,,,150.43999255E-3,6.35999966,
,,,150.47998726E-3,6.35999966,
,,,150.51999688E-3,6.35999966,
,,,150.55999160E-3,6.35999966,
,,,150.59998631E-3,6.35999966,
,,,150.63999593E-3,6.35999966,
,,,150.67999065E-3,6.35999966,
,,,150.72000027E-3,6.35999966,
,,,150.75999498E-3,6.35999966,
,,,150.79998970E-3,6.35999966,
,,,150.83999932E-3,6.35999966,
,,,150.87999403E-3,6.35999966,
,,,150.91998875E-3,6.35999966,
,,,150.95999837E-3,6.35999966,
,,,150.99999309E-3,6.35999966,
,,,151.03998780E-3,6.35999966,
,,,151.07999742E-3,6.35999966,
,,,151.11999214E-3,6.35999966,
,,,151.15998685E-3,6.35999966,
,,,151.19999647E-3,6.35999966,
,,,151.23999119E-3,6.35999966,
,,,151.28000081E-3,6.35999966,
,,,151.31999552E-3,6.31999969,
,,,151.35999024E-3,6.35999966,
,,,151.39999986E-3,6.35999966,
,,,151.43999457E-3,6.35999966,
,,,151.47998929E-3,6.35999966,
,,,151.51999891E-3,6.35999966,
,,,151.55999362E-3,6.35999966,
,,,151.59998834E-3,6.35999966,
,,,151.63999796E-3,6.31999969,
,,,151.67999268E-3,6.35999966,
,,,151.71998739E-3,6.31999969,
,,,151.75999701E-3,6.35999966,
,,,151.79999173E-3,6.35999966,
,,,151.83998644E-3,6.35999966,
,,,151.87999606E-3,6.35999966,
,,,151.91999078E-3,6.35999966,
,,,151.96000040E-3,6.31999969,
,,,151.99999511E-3,6.31999969,
,,,152.03998983E-3,6.35999966,
,,,152.07999945E-3,6.31999969,
,,,152.11999416E-3,6.31999969,
,,,152.15998888E-3,6.31999969,
,,,152.19999850E-3,6.31999969,
,,,152.23999321E-3,6.35999966,
,,,152.27998793E-3,6.31999969,
,,,152.31999755E-3,6.31999969,
,,,152.35999227E-3,6.31999969,
,,,152.39998698E-3,6.31999969,
,,,152.43999660E-3,6.31999969,
,,,152.47999132E-3,6.31999969,
,,,152.52000093E-3,6.31999969,
,,,152.55999565E-3,6.31999969,
,,,152.59999037E-3,6.31999969,
,,,152.63999999E-3,6.31999969,
,,,152.67999470E-3,6.31999969,
,,,152.71998942E-3,6.31999969,
,,,152.75999904E-3,6.31999969,
,,,152.79999375E-3,6.31999969,
,,,152.83998847E-3,6.31999969,
,,,152.87999809E-3,6.31999969,
,,,152.91999280E-3,6.31999969,
,,,152.95998752E-3,6.31999969,
,,,152.99999714E-3,6.31999969,
,,,153.03999186E-3,6.27999973,
,,,153.07998657E-3,6.31999969,
,,,153.11999619E-3,6.31999969,
,,,153.15999091E-3,6.31999969,
,,,153.20000052E-3,6.31999969,
,,,153.23999524E-3,6.27999973,
,,,153.27998996E-3,6.31999969,
,,,153.31999958E-3,6.27999973,
,,,153.35999429E-3,6.31999969,
,,,153.39998901E-3,6.31999969,
,,,153.43999863E-3,6.27999973,
,,,153.47999334E-3,6.27999973,
,,,153.51998806E-3,6.27999973,
,,,153.55999768E-3,6.27999973,
,,,153.59999239E-3,6.31999969,
,,,153.63998711E-3,6.27999973,
,,,153.67999673E-3,6.27999973,
,,,153.71999145E-3,6.27999973,
,,,153.75998616E-3,6.27999973,
,,,153.79999578E-3,6.27999973,
,,,153.83999050E-3,6.27999973,
,,,153.88000011E-3,6.27999973,
,,,153.91999483E-3,6.27999973,
,,,153.95998955E-3,6.27999973,
,,,153.99999917E-3,6.27999973,
,,,154.03999388E-3,6.27999973,
,,,154.07998860E-3,6.27999973,
,,,154.11999822E-3,6.27999973,
,,,154.15999293E-3,6.27999973,
,,,154.19998765E-3,6.23999977,
,,,154.23999727E-3,6.27999973,
,,,154.27999198E-3,6.23999977,
,,,154.31998670E-3,6.27999973,
,,,154.35999632E-3,6.27999973,
,,,154.39999104E-3,6.27999973,
,,,154.44000065E-3,6.23999977,
,,,154.47999537E-3,6.23999977,
,,,154.51999009E-3,6.23999977,
,,,154.55999970E-3,6.27999973,
,,,154.59999442E-3,6.27999973,
,,,154.63998914E-3,6.23999977,
,,,154.67999876E-3,6.27999973,
,,,154.71999347E-3,6.23999977,
,,,154.75998819E-3,6.27999973,
,,,154.79999781E-3,6.27999973,
,,,154.83999252E-3,6.27999973,
,,,154.87998724E-3,6.27999973,
,,,154.91999686E-3,6.23999977,
,,,154.95999157E-3,6.27999973,
,,,154.99998629E-3,6.23999977,
,,,155.03999591E-3,6.23999977,
,,,155.07999063E-3,6.27999973,
,,,155.12000024E-3,6.23999977,
,,,155.15999496E-3,6.27999973,
,,,155.19998968E-3,6.23999977,
,,,155.23999929E-3,6.27999973,
,,,155.27999401E-3,6.23999977,
,,,155.31998873E-3,6.23999977,
,,,155.35999835E-3,6.23999977,
,,,155.39999306E-3,6.23999977,
,,,155.43998778E-3,6.23999977,
,,,155.47999740E-3,6.23999977,
,,,155.51999211E-3,6.23999977,
,,,155.55998683E-3,6.23999977,
,,,155.59999645E-3,6.23999977,
,,,155.63999116E-3,6.23999977,
,,,155.68000078E-3,6.23999977,
,,,155.71999550E-3,6.23999977,
,,,155.75999022E-3,6.23999977,
,,,155.79999983E-3,6.23999977,
,,,155.83999455E-3,6.23999977,
,,,155.87998927E-3,6.23999977,
,,,155.91999888E-3,6.23999977,
,,,155.95999360E-3,6.23999977,
,,,155.99998832E-3,6.23999977,
,,,156.03999794E-3,6.23999977,
,,,156.07999265E-3,6.19999981,
,,,156.11998737E-3,6.23999977,
,,,156.15999699E-3,6.23999977,
,,,156.19999170E-3,6.19999981,
,,,156.23998642E-3,6.23999977,
,,,156.27999604E-3,6.23999977,
,,,156.31999075E-3,6.23999977,
,,,156.36000037E-3,6.23999977,
,,,156.39999509E-3,6.19999981,
,,,156.43998981E-3,6.23999977,
,,,156.47999942E-3,6.23999977,
,,,156.51999414E-3,6.23999977,
,,,156.55998886E-3,6.23999977,
,,,156.59999847E-3,6.23999977,
,,,156.63999319E-3,6.19999981,
,,,156.67998791E-3,6.23999977,
,,,156.71999753E-3,6.23999977,
,,,156.75999224E-3,6.23999977,
,,,156.79998696E-3,6.23999977,
,,,156.83999658E-3,6.23999977,
,,,156.87999129E-3,6.19999981,
,,,156.92000091E-3,6.19999981,
,,,156.95999563E-3,6.23999977,
,,,156.99999034E-3,6.23999977,
,,,157.03999996E-3,6.23999977,
,,,157.07999468E-3,6.19999981,
,,,157.11998940E-3,6.19999981,
,,,157.15999901E-3,6.23999977,
,,,157.19999373E-3,6.19999981,
,,,157.23998845E-3,6.19999981,
,,,157.27999806E-3,6.23999977,
,,,157.31999278E-3,6.19999981,
,,,157.35998750E-3,6.19999981,
,,,157.39999712E-3,6.19999981,
,,,157.43999183E-3,6.23999977,
,,,157.47998655E-3,6.19999981,
,,,157.51999617E-3,6.19999981,
,,,157.55999088E-3,6.19999981,
,,,157.60000050E-3,6.19999981,
,,,157.63999522E-3,6.19999981,
,,,157.67998993E-3,6.23999977,
,,,157.71999955E-3,6.19999981,
,,,157.75999427E-3,6.19999981,
,,,157.79998899E-3,6.19999981,
,,,157.83999860E-3,6.19999981,
,,,157.87999332E-3,6.19999981,
,,,157.91998804E-3,6.19999981,
,,,157.95999765E-3,6.19999981,
,,,157.99999237E-3,6.19999981,
,,,158.03998709E-3,6.19999981,
,,,158.07999671E-3,6.19999981,
,,,158.11999142E-3,6.19999981,
,,,158.15998614E-3,6.19999981,
,,,158.19999576E-3,6.19999981,
,,,158.23999047E-3,6.19999981,
,,,158.28000009E-3,6.19999981,
,,,158.31999481E-3,6.19999981,
,,,158.35998952E-3,6.19999981,
,,,158.39999914E-3,6.19999981,
,,,158.43999386E-3,6.19999981,
,,,158.47998857E-3,6.19999981,
,,,158.51999819E-3,6.19999981,
,,,158.55999291E-3,6.19999981,
,,,158.59998763E-3,6.15999985,
,,,158.63999724E-3,6.19999981,
,,,158.67999196E-3,6.15999985,
,,,158.71998668E-3,6.19999981,
,,,158.75999629E-3,6.19999981,
,,,158.79999101E-3,6.19999981,
,,,158.84000063E-3,6.19999981,
,,,158.87999535E-3,6.15999985,
,,,158.91999006E-3,6.19999981,
,,,158.95999968E-3,6.15999985,
,,,158.99999440E-3,6.19999981,
,,,159.03998911E-3,6.15999985,
,,,159.07999873E-3,6.15999985,
,,,159.11999345E-3,6.15999985,
,,,159.15998816E-3,6.11999989,
,,,159.19999778E-3,6.15999985,
,,,159.23999250E-3,6.15999985,
,,,159.27998722E-3,6.15999985,
,,,159.31999683E-3,6.15999985,
,,,159.35999155E-3,6.15999985,
,,,159.39998627E-3,6.15999985,
,,,159.43999588E-3,6.15999985,
,,,159.47999060E-3,6.15999985,
,,,159.52000022E-3,6.15999985,
,,,159.55999494E-3,6.15999985,
,,,159.59998965E-3,6.15999985,
,,,159.63999927E-3,6.15999985,
,,,159.67999399E-3,6.15999985,
,,,159.71998870E-3,6.15999985,
,,,159.75999832E-3,6.11999989,
,,,159.79999304E-3,6.15999985,
,,,159.83998775E-3,6.15999985,
,,,159.87999737E-3,6.15999985,
,,,159.91999209E-3,6.15999985,
,,,159.95998681E-3,6.15999985,
,,,159.99999642E-3,6.11999989,
,,,160.03999114E-3,6.11999989,
,,,160.08000076E-3,6.11999989,
,,,160.11999547E-3,6.15999985,
,,,160.15999019E-3,6.11999989,
,,,160.19999981E-3,6.15999985,
,,,160.23999453E-3,6.11999989,
,,,160.27998924E-3,6.11999989,
,,,160.31999886E-3,6.11999989,
,,,160.35999358E-3,6.11999989,
,,,160.39998829E-3,6.11999989,
,,,160.43999791E-3,6.11999989,
,,,160.47999263E-3,6.11999989,
,,,160.51998734E-3,6.15999985,
,,,160.55999696E-3,6.11999989,
,,,160.59999168E-3,6.11999989,
,,,160.63998640E-3,6.15999985,
,,,160.67999601E-3,6.11999989,
,,,160.71999073E-3,6.15999985,
,,,160.76000035E-3,6.11999989,
,,,160.79999506E-3,6.11999989,
,,,160.83998978E-3,6.11999989,
,,,160.87999940E-3,6.15999985,
,,,160.91999412E-3,6.11999989,
,,,160.95998883E-3,6.11999989,
,,,160.99999845E-3,6.11999989,
,,,161.03999317E-3,6.11999989,
,,,161.07998788E-3,6.11999989,
,,,161.11999750E-3,6.11999989,
,,,161.15999222E-3,6.11999989,
,,,161.19998693E-3,6.11999989,
,,,161.23999655E-3,6.15999985,
,,,161.27999127E-3,6.11999989,
,,,161.31998599E-3,6.11999989,
,,,161.35999560E-3,6.11999989,
,,,161.39999032E-3,6.11999989,
,,,161.43999994E-3,6.11999989,
,,,161.47999465E-3,6.11999989,
,,,161.51998937E-3,6.11999989,
,,,161.55999899E-3,6.07999992,
,,,161.59999371E-3,6.11999989,
,,,161.63998842E-3,6.11999989,
,,,161.67999804E-3,6.11999989,
,,,161.71999276E-3,6.07999992,
,,,161.75998747E-3,6.07999992,
,,,161.79999709E-3,6.11999989,
,,,161.83999181E-3,6.11999989,
,,,161.87998652E-3,6.07999992,
,,,161.91999614E-3,6.07999992,
,,,161.95999086E-3,6.07999992,
,,,162.00000048E-3,6.07999992,
,,,162.03999519E-3,6.11999989,
,,,162.07998991E-3,6.07999992,
,,,162.11999953E-3,6.11999989,
,,,162.15999424E-3,6.07999992,
,,,162.19998896E-3,6.11999989,
,,,162.23999858E-3,6.07999992,
,,,162.27999330E-3,6.11999989,
,,,162.31998801E-3,6.11999989,
,,,162.35999763E-3,6.11999989,
,,,162.39999235E-3,6.07999992,
,,,162.43998706E-3,6.07999992,
,,,162.47999668E-3,6.07999992,
,,,162.51999140E-3,6.11999989,
,,,162.55998611E-3,6.07999992,
,,,162.59999573E-3,6.07999992,
,,,162.63999045E-3,6.11999989,
,,,162.68000007E-3,6.11999989,
,,,162.71999478E-3,6.07999992,
,,,162.75998950E-3,6.07999992,
,,,162.79999912E-3,6.07999992,
,,,162.83999383E-3,6.07999992,
,,,162.87998855E-3,6.07999992,
,,,162.91999817E-3,6.07999992,
,,,162.95999289E-3,6.07999992,
,,,162.99998760E-3,6.07999992,
,,,163.03999722E-3,6.07999992,
,,,163.07999194E-3,6.07999992,
,,,163.11998665E-3,6.07999992,
,,,163.15999627E-3,6.07999992,
,,,163.19999099E-3,6.07999992,
,,,163.24000061E-3,6.03999996,
,,,163.27999532E-3,6.03999996,
,,,163.31999004E-3,6.07999992,
,,,163.35999966E-3,6.07999992,
,,,163.39999437E-3,6.07999992,
,,,163.43998909E-3,6.03999996,
,,,163.47999871E-3,6.07999992,
,,,163.51999342E-3,6.03999996,
,,,163.55998814E-3,6.07999992,
,,,163.59999776E-3,6.03999996,
,,,163.63999248E-3,6.03999996,
,,,163.67998719E-3,6.03999996,
,,,163.71999681E-3,6.03999996,
,,,163.75999153E-3,6.03999996,
,,,163.79998624E-3,6.03999996,
,,,163.83999586E-3,6.03999996,
,,,163.87999058E-3,6.03999996,
,,,163.92000020E-3,6.07999992,
,,,163.95999491E-3,6.03999996,
,,,163.99998963E-3,6.00000000,
,,,164.03999925E-3,6.03999996,
,,,164.07999396E-3,6.03999996,
,,,164.11998868E-3,6.03999996,
,,,164.15999830E-3,6.00000000,
,,,164.19999301E-3,6.00000000,
,,,164.23998773E-3,6.03999996,
,,,164.27999735E-3,6.03999996,
,,,164.31999207E-3,6.03999996,
,,,164.35998678E-3,6.03999996,
,,,164.39999640E-3,6.03999996,
,,,164.43999112E-3,6.03999996,
,,,164.48000073E-3,6.03999996,
,,,164.51999545E-3,6.03999996,
,,,164.55999017E-3,6.03999996,
,,,164.59999979E-3,6.03999996,
,,,164.63999450E-3,6.00000000,
,,,164.67998922E-3,6.03999996,
,,,164.71999884E-3,6.00000000,
,,,164.75999355E-3,6.00000000,
,,,164.79998827E-3,6.03999996,
,,,164.83999789E-3,6.00000000,
,,,164.87999260E-3,6.00000000,
,,,164.91998732E-3,6.00000000,
,,,164.95999694E-3,6.00000000,
,,,164.99999166E-3,6.00000000,
,,,165.03998637E-3,6.00000000,
,,,165.07999599E-3,6.00000000,
,,,165.11999071E-3,6.03999996,
,,,165.16000032E-3,5.96000004,
,,,165.19999504E-3,5.96000004,
,,,165.23998976E-3,6.00000000,
,,,165.27999938E-3,6.00000000,
,,,165.31999409E-3,6.00000000,
,,,165.35998881E-3,5.96000004,
,,,165.39999843E-3,5.96000004,
,,,165.43999314E-3,5.96000004,
,,,165.47998786E-3,5.96000004,
,,,165.51999748E-3,5.96000004,
,,,165.55999219E-3,5.96000004,
,,,165.59998691E-3,5.96000004,
,,,165.63999653E-3,5.96000004,
,,,165.67999125E-3,5.96000004,
,,,165.71998596E-3,5.96000004,
,,,165.75999558E-3,5.96000004,
,,,165.79999030E-3,5.96000004,
,,,165.83999991E-3,5.96000004,
,,,165.87999463E-3,5.96000004,
,,,165.91998935E-3,5.96000004,
,,,165.95999897E-3,5.92000008,
,,,165.99999368E-3,5.96000004,
,,,166.03998840E-3,5.92000008,
,,,166.07999802E-3,5.92000008,
,,,166.11999273E-3,5.96000004,
,,,166.15998745E-3,5.96000004,
,,,166.19999707E-3,5.92000008,
,,,166.23999178E-3,5.96000004,
,,,166.27998650E-3,5.92000008,
,,,166.31999612E-3,5.92000008,
,,,166.35999084E-3,5.87999964,
,,,166.40000045E-3,5.92000008,
,,,166.43999517E-3,5.92000008,
,,,166.47998989E-3,5.92000008,
,,,166.51999950E-3,5.92000008,
,,,166.55999422E-3,5.92000008,
,,,166.59998894E-3,5.87999964,
,,,166.63999856E-3,5.92000008,
,,,166.67999327E-3,5.87999964,
,,,166.71998799E-3,5.87999964,
,,,166.75999761E-3,5.87999964,
,,,166.79999232E-3,5.87999964,
,,,166.83998704E-3,5.87999964,
,,,166.87999666E-3,5.87999964,
,,,166.91999137E-3,5.87999964,
,,,166.95998609E-3,5.87999964,
,,,166.99999571E-3,5.87999964,
,,,167.03999043E-3,5.87999964,
,,,167.08000004E-3,5.87999964,
,,,167.11999476E-3,5.83999968,
,,,167.15998948E-3,5.83999968,
,,,167.19999909E-3,5.83999968,
,,,167.23999381E-3,5.83999968,
,,,167.27998853E-3,5.83999968,
,,,167.31999815E-3,5.83999968,
,,,167.35999286E-3,5.83999968,
,,,167.39998758E-3,5.83999968,
,,,167.43999720E-3,5.83999968,
,,,167.47999191E-3,5.83999968,
,,,167.51998663E-3,5.83999968,
,,,167.55999625E-3,5.83999968,
,,,167.59999096E-3,5.83999968,
,,,167.64000058E-3,5.83999968,
,,,167.67999530E-3,5.83999968,
,,,167.71999002E-3,5.83999968,
,,,167.75999963E-3,5.79999971,
,,,167.79999435E-3,5.83999968,
,,,167.83998907E-3,5.79999971,
,,,167.87999868E-3,5.79999971,
,,,167.91999340E-3,5.79999971,
,,,167.95998812E-3,5.79999971,
,,,167.99999774E-3,5.79999971,
,,,168.03999245E-3,5.79999971,
,,,168.07998717E-3,5.79999971,
,,,168.11999679E-3,5.75999975,
,,,168.15999150E-3,5.75999975,
,,,168.19998622E-3,5.75999975,
,,,168.23999584E-3,5.75999975,
,,,168.27999055E-3,5.75999975,
,,,168.32000017E-3,5.75999975,
,,,168.35999489E-3,5.75999975,
,,,168.39998960E-3,5.75999975,
,,,168.43999922E-3,5.71999979,
,,,168.47999394E-3,5.71999979,
,,,168.51998866E-3,5.71999979,
,,,168.55999827E-3,5.71999979,
,,,168.59999299E-3,5.75999975,
,,,168.63998771E-3,5.71999979,
,,,168.67999732E-3,5.71999979,
,,,168.71999204E-3,5.71999979,
,,,168.75998676E-3,5.71999979,
,,,168.79999638E-3,5.67999983,
,,,168.83999109E-3,5.71999979,
,,,168.87998581E-3,5.71999979,
,,,168.91999543E-3,5.71999979,
,,,168.95999014E-3,5.67999983,
,,,168.99999976E-3,5.67999983,
,,,169.03999448E-3,5.67999983,
,,,169.07998919E-3,5.67999983,
,,,169.11999881E-3,5.67999983,
,,,169.15999353E-3,5.67999983,
,,,169.19998825E-3,5.71999979,
,,,169.23999786E-3,5.67999983,
,,,169.27999258E-3,5.67999983,
,,,169.31998730E-3,5.67999983,
,,,169.35999691E-3,5.67999983,
,,,169.39999163E-3,5.67999983,
,,,169.43998635E-3,5.67999983,
,,,169.47999597E-3,5.67999983,
,,,169.51999068E-3,5.67999983,
,,,169.56000030E-3,5.67999983,
,,,169.59999502E-3,5.67999983,
,,,169.63998973E-3,5.67999983,
,,,169.67999935E-3,5.67999983,
,,,169.71999407E-3,5.67999983,
,,,169.75998878E-3,5.63999987,
,,,169.79999840E-3,5.63999987,
,,,169.83999312E-3,5.67999983,
,,,169.87998784E-3,5.63999987,
,,,169.91999745E-3,5.67999983,
,,,169.95999217E-3,5.67999983,
,,,169.99998689E-3,5.63999987,
,,,170.03999650E-3,5.63999987,
,,,170.07999122E-3,5.63999987,
,,,170.11998594E-3,5.63999987,
,,,170.15999556E-3,5.67999983,
,,,170.19999027E-3,5.63999987,
,,,170.23999989E-3,5.63999987,
,,,170.27999461E-3,5.63999987,
,,,170.31998932E-3,5.67999983,
,,,170.35999894E-3,5.63999987,
,,,170.39999366E-3,5.63999987,
,,,170.43998837E-3,5.63999987,
,,,170.47999799E-3,5.63999987,
,,,170.51999271E-3,5.63999987,
,,,170.55998743E-3,5.63999987,
,,,170.59999704E-3,5.63999987,
,,,170.63999176E-3,5.63999987,
,,,170.67998648E-3,5.63999987,
,,,170.71999609E-3,5.63999987,
,,,170.75999081E-3,5.59999990,
,,,170.80000043E-3,5.63999987,
,,,170.83999515E-3,5.63999987,
,,,170.87998986E-3,5.63999987,
,,,170.91999948E-3,5.63999987,
,,,170.95999420E-3,5.63999987,
,,,170.99998891E-3,5.59999990,
,,,171.03999853E-3,5.63999987,
,,,171.07999325E-3,5.59999990,
,,,171.11998796E-3,5.59999990,
,,,171.15999758E-3,5.63999987,
,,,171.19999230E-3,5.63999987,
,,,171.23998702E-3,5.63999987,
,,,171.27999663E-3,5.63999987,
,,,171.31999135E-3,5.63999987,
,,,171.35998607E-3,5.63999987,
,,,171.39999568E-3,5.59999990,
,,,171.43999040E-3,5.63999987,
,,,171.48000002E-3,5.63999987,
,,,171.51999474E-3,5.63999987,
,,,171.55998945E-3,5.63999987,
,,,171.59999907E-3,5.63999987,
,,,171.63999379E-3,5.63999987,
,,,171.67998850E-3,5.63999987,
,,,171.71999812E-3,5.63999987,
,,,171.75999284E-3,5.63999987,
,,,171.79998755E-3,5.63999987,
,,,171.83999717E-3,5.63999987,
,,,171.87999189E-3,5.63999987,
,,,171.91998661E-3,5.63999987,
,,,171.95999622E-3,5.63999987,
,,,171.99999094E-3,5.63999987,
,,,172.04000056E-3,5.63999987,
,,,172.07999527E-3,5.63999987,
,,,172.11998999E-3,5.63999987,
,,,172.15999961E-3,5.63999987,
,,,172.19999433E-3,5.63999987,
,,,172.23998904E-3,5.63999987,
,,,172.27999866E-3,5.63999987,
,,,172.31999338E-3,5.63999987,
,,,172.35998809E-3,5.63999987,
,,,172.39999771E-3,5.63999987,
,,,172.43999243E-3,5.63999987,
,,,172.47998714E-3,5.63999987,
,,,172.51999676E-3,5.63999987,
,,,172.55999148E-3,5.63999987,
,,,172.59998620E-3,5.63999987,
,,,172.63999581E-3,5.67999983,
,,,172.67999053E-3,5.67999983,
,,,172.72000015E-3,5.63999987,
,,,172.75999486E-3,5.63999987,
,,,172.79998958E-3,5.67999983,
,,,172.83999920E-3,5.67999983,
,,,172.87999392E-3,5.63999987,
,,,172.91998863E-3,5.63999987,
,,,172.95999825E-3,5.67999983,
,,,172.99999297E-3,5.67999983,
,,,173.03998768E-3,5.67999983,
,,,173.07999730E-3,5.67999983,
,,,173.11999202E-3,5.63999987,
,,,173.15998673E-3,5.63999987,
,,,173.19999635E-3,5.63999987,
,,,173.23999107E-3,5.63999987,
,,,173.27998579E-3,5.67999983,
,,,173.31999540E-3,5.67999983,
,,,173.35999012E-3,5.67999983,
,,,173.39999974E-3,5.67999983,
,,,173.43999445E-3,5.67999983,
,,,173.47998917E-3,5.67999983,
,,,173.51999879E-3,5.67999983,
,,,173.55999351E-3,5.63999987,
,,,173.59998822E-3,5.67999983,
,,,173.63999784E-3,5.67999983,
,,,173.67999256E-3,5.67999983,
,,,173.71998727E-3,5.67999983,
,,,173.75999689E-3,5.67999983,
,,,173.79999161E-3,5.67999983,
,,,173.83998632E-3,5.67999983,
,,,173.87999594E-3,5.67999983,
,,,173.91999066E-3,5.67999983,
,,,173.96000028E-3,5.67999983,
,,,173.99999499E-3,5.67999983,
,,,174.03998971E-3,5.67999983,
,,,174.07999933E-3,5.67999983,
,,,174.11999404E-3,5.67999983,
,,,174.15998876E-3,5.71999979,
,,,174.19999838E-3,5.67999983,
,,,174.23999310E-3,5.67999983,
,,,174.27998781E-3,5.71999979,
,,,174.31999743E-3,5.67999983,
,,,174.35999215E-3,5.67999983,
,,,174.39998686E-3,5.67999983,
,,,174.43999648E-3,5.67999983,
,,,174.47999120E-3,5.71999979,
,,,174.51998591E-3,5.71999979,
,,,174.55999553E-3,5.71999979,
,,,174.59999025E-3,5.71999979,
,,,174.63999987E-3,5.67999983,
,,,174.67999458E-3,5.71999979,
,,,174.71998930E-3,5.71999979,
,,,174.75999892E-3,5.71999979,
,,,174.79999363E-3,5.71999979,
,,,174.83998835E-3,5.67999983,
,,,174.87999797E-3,5.71999979,
,,,174.91999269E-3,5.71999979,
,,,174.95998740E-3,5.71999979,
,,,174.99999702E-3,5.71999979,
,,,175.03999174E-3,5.67999983,
,,,175.07998645E-3,5.71999979,
,,,175.11999607E-3,5.71999979,
,,,175.15999079E-3,5.71999979,
,,,175.20000041E-3,5.71999979,
,,,175.23999512E-3,5.71999979,
,,,175.27998984E-3,5.71999979,
,,,175.31999946E-3,5.71999979,
,,,175.35999417E-3,5.71999979,
,,,175.39998889E-3,5.71999979,
,,,175.43999851E-3,5.71999979,
,,,175.47999322E-3,5.71999979,
,,,175.51998794E-3,5.71999979,
,,,175.55999756E-3,5.71999979,
,,,175.59999228E-3,5.71999979,
,,,175.63998699E-3,5.71999979,
,,,175.67999661E-3,5.71999979,
,,,175.71999133E-3,5.71999979,
,,,175.75998604E-3,5.71999979,
,,,175.79999566E-3,5.71999979,
,,,175.83999038E-3,5.71999979,
,,,175.88000000E-3,5.71999979,
,,,175.91999471E-3,5.67999983,
,,,175.95998943E-3,5.71999979,
,,,175.99999905E-3,5.71999979,
,,,176.03999376E-3,5.71999979,
,,,176.07998848E-3,5.71999979,
,,,176.11999810E-3,5.71999979,
,,,176.15999281E-3,5.71999979,
,,,176.19998753E-3,5.71999979,
,,,176.23999715E-3,5.71999979,
,,,176.27999187E-3,5.71999979,
,,,176.31998658E-3,5.71999979,
,,,176.35999620E-3,5.75999975,
,,,176.39999092E-3,5.71999979,
,,,176.43998563E-3,5.71999979,
,,,176.47999525E-3,5.71999979,
,,,176.51998997E-3,5.71999979,
,,,176.55999959E-3,5.71999979,
,,,176.59999430E-3,5.71999979,
,,,176.63998902E-3,5.71999979,
,,,176.67999864E-3,5.71999979,
,,,176.71999335E-3,5.71999979,
,,,176.75998807E-3,5.71999979,
,,,176.79999769E-3,5.71999979,
,,,176.83999240E-3,5.71999979,
,,,176.87998712E-3,5.71999979,
,,,176.91999674E-3,5.75999975,
,,,176.95999146E-3,5.71999979,
,,,176.99998617E-3,5.71999979,
,,,177.03999579E-3,5.71999979,
,,,177.07999051E-3,5.71999979,
,,,177.12000012E-3,5.71999979,
,,,177.15999484E-3,5.71999979,
