8.400000632E-3,354.00000215E-3,
8.440000936E-3,356.00000620E-3,
8.480000310E-3,360.00001431E-3,
8.520000614E-3,362.00001836E-3,
8.560000919E-3,364.00002241E-3,
8.600000292E-3,366.00002646E-3,
8.640000597E-3,368.00003052E-3,
8.680000901E-3,374.00001287E-3,
8.720000274E-3,374.00001287E-3,
8.760000579E-3,376.00001693E-3,
8.800000884E-3,380.00002503E-3,
8.840000257E-3,382.00002909E-3,
8.880000561E-3,386.00000739E-3,
8.920000866E-3,388.00001144E-3,
8.960000239E-3,390.00001550E-3,
9.000000544E-3,390.00001550E-3,
9.040000848E-3,392.00001955E-3,
9.080000222E-3,396.00002766E-3,
9.120000526E-3,396.00002766E-3,
9.160000831E-3,398.00003171E-3,
9.200000204E-3,398.00003171E-3,
9.240000509E-3,400.00000596E-3,
9.280000813E-3,400.00000596E-3,
9.320000187E-3,400.00000596E-3,
9.360000491E-3,402.00001001E-3,
9.400000796E-3,404.000014067E-3,
9.440000169E-3,404.000014067E-3,
9.480000474E-3,404.000014067E-3,
9.520000778E-3,406.000018120E-3,
9.560000151E-3,406.000018120E-3,
9.600000456E-3,404.000014067E-3,
9.640000761E-3,406.000018120E-3,
9.680001065E-3,408.000022173E-3,
9.720000438E-3,408.000022173E-3,
9.760000743E-3,408.000022173E-3,
9.800001048E-3,410.000026226E-3,
9.840000421E-3,410.000026226E-3,
9.880000725E-3,408.000022173E-3,
9.920001030E-3,410.000026226E-3,
9.960000403E-3,410.000026226E-3,
10.0000007E-3,410.000026226E-3,
10.0400010E-3,408.000022173E-3,
10.0800004E-3,410.000026226E-3,
10.1200007E-3,412.000030279E-3,
10.1600010E-3,410.000026226E-3,
10.2000004E-3,414.000034332E-3,
10.2400007E-3,414.000034332E-3,
10.2800010E-3,410.000026226E-3,
10.3200004E-3,412.000030279E-3,
10.3600007E-3,414.000034332E-3,
10.4000010E-3,412.000030279E-3,
10.4400003E-3,412.000030279E-3,
10.4800006E-3,412.000030279E-3,
10.5200009E-3,412.000030279E-3,
10.5600003E-3,412.000030279E-3,
10.6000006E-3,414.000034332E-3,
10.6400009E-3,410.000026226E-3,
10.6800003E-3,412.000030279E-3,
10.7200006E-3,414.000034332E-3,
10.7600009E-3,410.000026226E-3,
10.8000003E-3,412.000030279E-3,
10.8400006E-3,410.000026226E-3,
10.8800009E-3,410.000026226E-3,
10.9200003E-3,414.000034332E-3,
10.9600006E-3,412.000030279E-3,
11.0000009E-3,412.000030279E-3,
11.0400002E-3,410.000026226E-3,
11.0800005E-3,412.000030279E-3,
11.1200009E-3,412.000030279E-3,
11.1600002E-3,410.000026226E-3,
11.2000005E-3,410.000026226E-3,
11.2400008E-3,410.000026226E-3,
11.2800002E-3,410.000026226E-3,
11.3200005E-3,412.000030279E-3,
11.3600008E-3,410.000026226E-3,
11.4000002E-3,410.000026226E-3,
11.4400005E-3,412.000030279E-3,
11.4800008E-3,410.000026226E-3,
11.5200002E-3,412.000030279E-3,
11.5600005E-3,410.000026226E-3,
11.6000008E-3,412.000030279E-3,
11.6400002E-3,412.000030279E-3,
11.6800005E-3,410.000026226E-3,
11.7200008E-3,412.000030279E-3,
11.7600001E-3,410.000026226E-3,
11.8000004E-3,410.000026226E-3,
11.8400007E-3,410.000026226E-3,
11.8800001E-3,410.000026226E-3,
11.9200004E-3,412.000030279E-3,
11.9600007E-3,410.000026226E-3,
12.0000001E-3,408.000022173E-3,
12.0400004E-3,410.000026226E-3,
12.0800007E-3,412.000030279E-3,
12.1200001E-3,410.000026226E-3,
12.1600004E-3,410.000026226E-3,
12.2000007E-3,410.000026226E-3,
12.2400001E-3,410.000026226E-3,
12.2800004E-3,410.000026226E-3,
12.3200007E-3,410.000026226E-3,
12.3600010E-3,410.000026226E-3,
12.4000004E-3,410.000026226E-3,
12.4400007E-3,410.000026226E-3,
12.4800010E-3,410.000026226E-3,
12.5200003E-3,410.000026226E-3,
12.5600006E-3,410.000026226E-3,
12.6000009E-3,408.000022173E-3,
12.6400003E-3,410.000026226E-3,
12.6800006E-3,410.000026226E-3,
12.7200009E-3,410.000026226E-3,
12.7600003E-3,410.000026226E-3,
12.8000006E-3,410.000026226E-3,
12.8400009E-3,408.000022173E-3,
12.8800003E-3,410.000026226E-3,
12.9200006E-3,408.000022173E-3,
12.9600009E-3,410.000026226E-3,
13.0000003E-3,410.000026226E-3,
13.0400006E-3,410.000026226E-3,
13.0800009E-3,408.000022173E-3,
13.1200003E-3,408.000022173E-3,
13.1600006E-3,408.000022173E-3,
13.2000009E-3,410.000026226E-3,
13.2400002E-3,410.000026226E-3,
13.2800005E-3,410.000026226E-3,
13.3200008E-3,410.000026226E-3,
13.3600002E-3,408.000022173E-3,
13.4000005E-3,408.000022173E-3,
13.4400008E-3,408.000022173E-3,
13.4800002E-3,410.000026226E-3,
13.5200005E-3,410.000026226E-3,
13.5600008E-3,408.000022173E-3,
13.6000002E-3,410.000026226E-3,
13.6400005E-3,408.000022173E-3,
13.6800008E-3,410.000026226E-3,
13.7200002E-3,408.000022173E-3,
13.7600005E-3,410.000026226E-3,
13.8000008E-3,408.000022173E-3,
13.8400001E-3,406.000018120E-3,
13.8800004E-3,408.000022173E-3,
13.9200008E-3,408.000022173E-3,
13.9600001E-3,408.000022173E-3,
14.0000004E-3,408.000022173E-3,
14.0400007E-3,408.000022173E-3,
14.0800001E-3,408.000022173E-3,
14.1200004E-3,406.000018120E-3,
14.1600007E-3,408.000022173E-3,
14.2000001E-3,408.000022173E-3,
14.2400004E-3,410.000026226E-3,
14.2800007E-3,408.000022173E-3,
14.3200001E-3,410.000026226E-3,
14.3600004E-3,408.000022173E-3,
14.4000007E-3,406.000018120E-3,
14.4400001E-3,408.000022173E-3,
14.4800004E-3,410.000026226E-3,
14.5200007E-3,410.000026226E-3,
14.5600000E-3,408.000022173E-3,
14.6000003E-3,408.000022173E-3,
14.6400006E-3,408.000022173E-3,
14.6800000E-3,408.000022173E-3,
14.7200003E-3,406.000018120E-3,
14.7600006E-3,406.000018120E-3,
14.8000009E-3,408.000022173E-3,
14.8400003E-3,406.000018120E-3,
14.8800006E-3,406.000018120E-3,
14.9200009E-3,408.000022173E-3,
14.9600003E-3,408.000022173E-3,
15.0000006E-3,406.000018120E-3,
15.0400009E-3,406.000018120E-3,
15.0800003E-3,408.000022173E-3,
15.1200006E-3,406.000018120E-3,
15.1600009E-3,410.000026226E-3,
15.2000003E-3,408.000022173E-3,
15.2400006E-3,408.000022173E-3,
15.2800009E-3,406.000018120E-3,
15.3200002E-3,408.000022173E-3,
15.3600005E-3,406.000018120E-3,
15.4000008E-3,408.000022173E-3,
15.4400002E-3,406.000018120E-3,
15.4800005E-3,406.000018120E-3,
15.5200008E-3,408.000022173E-3,
15.5600002E-3,408.000022173E-3,
15.6000005E-3,406.000018120E-3,
15.6399999E-3,408.000022173E-3,
15.6800002E-3,406.000018120E-3,
15.7200005E-3,406.000018120E-3,
15.7600008E-3,404.000014067E-3,
15.8000011E-3,408.000022173E-3,
15.8399995E-3,408.000022173E-3,
15.8799998E-3,406.000018120E-3,
15.9200002E-3,406.000018120E-3,
15.9600005E-3,406.000018120E-3,
16.0000008E-3,408.000022173E-3,
16.0400011E-3,406.000018120E-3,
16.0799995E-3,406.000018120E-3,
16.1199998E-3,404.000014067E-3,
16.1600001E-3,406.000018120E-3,
16.2000004E-3,404.000014067E-3,
16.2400007E-3,406.000018120E-3,
16.2800010E-3,406.000018120E-3,
16.3200013E-3,404.000014067E-3,
16.3599998E-3,404.000014067E-3,
16.4000001E-3,404.000014067E-3,
16.4400004E-3,404.000014067E-3,
16.4800007E-3,404.000014067E-3,
16.5200010E-3,406.000018120E-3,
16.5600013E-3,404.000014067E-3,
16.5999997E-3,406.000018120E-3,
16.6400000E-3,404.000014067E-3,
16.6800003E-3,404.000014067E-3,
16.7200007E-3,406.000018120E-3,
16.7600010E-3,404.000014067E-3,
16.8000013E-3,406.000018120E-3,
16.8399997E-3,404.000014067E-3,
16.8800000E-3,404.000014067E-3,
16.9200003E-3,404.000014067E-3,
16.9600006E-3,404.000014067E-3,
17.0000009E-3,404.000014067E-3,
17.0400012E-3,406.000018120E-3,
17.0799997E-3,404.000014067E-3,
17.1200000E-3,404.000014067E-3,
17.1600003E-3,404.000014067E-3,
17.2000006E-3,404.000014067E-3,
17.2400009E-3,404.000014067E-3,
17.2800012E-3,404.000014067E-3,
17.3199996E-3,404.000014067E-3,
17.3599999E-3,402.00001001E-3,
17.4000002E-3,402.00001001E-3,
17.4400005E-3,406.000018120E-3,
17.4800009E-3,402.00001001E-3,
17.5200012E-3,404.000014067E-3,
17.5599996E-3,402.00001001E-3,
17.5999999E-3,402.00001001E-3,
17.6400002E-3,402.00001001E-3,
17.6800005E-3,404.000014067E-3,
17.7200008E-3,402.00001001E-3,
17.7600011E-3,404.000014067E-3,
17.7999996E-3,402.00001001E-3,
17.8399999E-3,402.00001001E-3,
17.8800002E-3,402.00001001E-3,
17.9200005E-3,402.00001001E-3,
17.9600008E-3,402.00001001E-3,
18.0000011E-3,402.00001001E-3,
18.0399995E-3,400.00000596E-3,
18.0799998E-3,404.000014067E-3,
18.1200001E-3,402.00001001E-3,
18.1600004E-3,402.00001001E-3,
18.2000007E-3,400.00000596E-3,
18.2400011E-3,400.00000596E-3,
18.2799995E-3,402.00001001E-3,
18.3199998E-3,404.000014067E-3,
18.3600001E-3,402.00001001E-3,
18.4000004E-3,400.00000596E-3,
18.4400007E-3,402.00001001E-3,
18.4800010E-3,402.00001001E-3,
18.5199995E-3,402.00001001E-3,
18.5599998E-3,404.000014067E-3,
18.6000001E-3,400.00000596E-3,
18.6400004E-3,400.00000596E-3,
18.6800007E-3,400.00000596E-3,
18.7200010E-3,400.00000596E-3,
18.7600013E-3,400.00000596E-3,
18.7999997E-3,400.00000596E-3,
18.8400000E-3,398.00003171E-3,
18.8800003E-3,402.00001001E-3,
18.9200006E-3,402.00001001E-3,
18.9600009E-3,400.00000596E-3,
19.0000013E-3,400.00000596E-3,
19.0399997E-3,400.00000596E-3,
19.0800000E-3,402.00001001E-3,
19.1200003E-3,400.00000596E-3,
19.1600006E-3,398.00003171E-3,
19.2000009E-3,400.00000596E-3,
19.2400012E-3,398.00003171E-3,
19.2799997E-3,400.00000596E-3,
19.3200000E-3,400.00000596E-3,
19.3600003E-3,400.00000596E-3,
19.4000006E-3,400.00000596E-3,
19.4400009E-3,398.00003171E-3,
19.4800012E-3,398.00003171E-3,
19.5199996E-3,398.00003171E-3,
19.5599999E-3,398.00003171E-3,
19.6000002E-3,398.00003171E-3,
19.6400005E-3,398.00003171E-3,
19.6800008E-3,398.00003171E-3,
19.7200011E-3,398.00003171E-3,
19.7599996E-3,398.00003171E-3,
19.7999999E-3,398.00003171E-3,
19.8400002E-3,398.00003171E-3,
19.8800005E-3,400.00000596E-3,
19.9200008E-3,398.00003171E-3,
19.9600011E-3,396.00002766E-3,
19.9999996E-3,398.00003171E-3,
20.0399999E-3,398.00003171E-3,
20.0800002E-3,398.00003171E-3,
20.12000047E-3,396.00002766E-3,
20.16000077E-3,398.00003171E-3,
20.20000108E-3,398.00003171E-3,
20.23999952E-3,396.00002766E-3,
20.27999982E-3,396.00002766E-3,
20.32000013E-3,396.00002766E-3,
20.36000043E-3,396.00002766E-3,
20.40000074E-3,396.00002766E-3,
20.44000104E-3,398.00003171E-3,
20.47999948E-3,396.00002766E-3,
20.51999979E-3,396.00002766E-3,
20.56000009E-3,398.00003171E-3,
20.60000040E-3,396.00002766E-3,
20.64000070E-3,396.00002766E-3,
20.68000101E-3,394.00002360E-3,
20.71999945E-3,396.00002766E-3,
20.75999975E-3,396.00002766E-3,
20.80000006E-3,394.00002360E-3,
20.84000036E-3,396.00002766E-3,
20.88000067E-3,396.00002766E-3,
20.92000097E-3,394.00002360E-3,
20.95999941E-3,394.00002360E-3,
20.99999972E-3,394.00002360E-3,
21.04000002E-3,396.00002766E-3,
21.08000033E-3,394.00002360E-3,
21.12000063E-3,394.00002360E-3,
21.16000094E-3,394.00002360E-3,
21.20000124E-3,394.00002360E-3,
21.23999968E-3,396.00002766E-3,
21.27999999E-3,394.00002360E-3,
21.32000029E-3,394.00002360E-3,
21.36000060E-3,394.00002360E-3,
21.40000090E-3,392.00001955E-3,
21.44000120E-3,394.00002360E-3,
21.47999965E-3,392.00001955E-3,
21.51999995E-3,392.00001955E-3,
21.56000026E-3,392.00001955E-3,
21.60000056E-3,394.00002360E-3,
21.64000086E-3,392.00001955E-3,
21.68000117E-3,390.00001550E-3,
21.71999961E-3,392.00001955E-3,
21.75999992E-3,392.00001955E-3,
21.80000022E-3,392.00001955E-3,
21.84000053E-3,390.00001550E-3,
21.88000083E-3,390.00001550E-3,
21.92000113E-3,390.00001550E-3,
21.95999958E-3,390.00001550E-3,
21.99999988E-3,390.00001550E-3,
22.04000019E-3,390.00001550E-3,
22.08000049E-3,388.00001144E-3,
22.12000079E-3,390.00001550E-3,
22.16000110E-3,388.00001144E-3,
22.19999954E-3,388.00001144E-3,
22.23999985E-3,386.00000739E-3,
22.28000015E-3,390.00001550E-3,
22.32000045E-3,388.00001144E-3,
22.36000076E-3,388.00001144E-3,
22.40000106E-3,388.00001144E-3,
22.43999951E-3,388.00001144E-3,
22.47999981E-3,386.00000739E-3,
22.52000012E-3,388.00001144E-3,
22.56000042E-3,384.00000334E-3,
22.60000072E-3,386.00000739E-3,
22.64000103E-3,386.00000739E-3,
22.67999947E-3,386.00000739E-3,
22.71999978E-3,386.00000739E-3,
22.76000008E-3,388.00001144E-3,
22.80000038E-3,384.00000334E-3,
22.84000069E-3,384.00000334E-3,
22.88000099E-3,386.00000739E-3,
22.91999944E-3,384.00000334E-3,
22.95999974E-3,384.00000334E-3,
23.00000004E-3,382.00002909E-3,
23.04000035E-3,384.00000334E-3,
23.08000065E-3,384.00000334E-3,
23.12000096E-3,384.00000334E-3,
23.15999940E-3,382.00002909E-3,
23.19999970E-3,382.00002909E-3,
23.24000001E-3,380.00002503E-3,
23.28000031E-3,382.00002909E-3,
23.32000062E-3,382.00002909E-3,
23.36000092E-3,382.00002909E-3,
23.39999937E-3,382.00002909E-3,
23.43999967E-3,378.00002098E-3,
23.47999997E-3,382.00002909E-3,
23.52000028E-3,380.00002503E-3,
23.56000058E-3,378.00002098E-3,
23.60000089E-3,378.00002098E-3,
23.63999933E-3,378.00002098E-3,
23.67999963E-3,378.00002098E-3,
23.71999994E-3,378.00002098E-3,
23.76000024E-3,376.00001693E-3,
23.80000055E-3,378.00002098E-3,
23.84000085E-3,376.00001693E-3,
23.88000116E-3,376.00001693E-3,
23.91999960E-3,378.00002098E-3,
23.95999990E-3,378.00002098E-3,
24.00000021E-3,376.00001693E-3,
24.04000051E-3,376.00001693E-3,
24.08000082E-3,372.00000882E-3,
24.12000112E-3,374.00001287E-3,
24.15999956E-3,374.00001287E-3,
24.19999987E-3,372.00000882E-3,
24.24000017E-3,374.00001287E-3,
24.28000048E-3,372.00000882E-3,
24.32000078E-3,370.00000477E-3,
24.36000109E-3,374.00001287E-3,
24.39999953E-3,372.00000882E-3,
24.43999983E-3,372.00000882E-3,
24.48000014E-3,370.00000477E-3,
24.52000044E-3,370.00000477E-3,
24.56000075E-3,374.00001287E-3,
24.60000105E-3,370.00000477E-3,
24.63999949E-3,368.00003052E-3,
24.67999980E-3,368.00003052E-3,
24.72000010E-3,368.00003052E-3,
24.76000041E-3,370.00000477E-3,
24.80000071E-3,366.00002646E-3,
24.84000102E-3,366.00002646E-3,
24.87999946E-3,368.00003052E-3,
24.91999976E-3,366.00002646E-3,
24.96000007E-3,366.00002646E-3,
25.00000037E-3,364.00002241E-3,
25.04000068E-3,366.00002646E-3,
25.08000098E-3,364.00002241E-3,
25.11999942E-3,364.00002241E-3,
25.15999973E-3,364.00002241E-3,
25.20000003E-3,362.00001836E-3,
25.24000034E-3,362.00001836E-3,
25.28000064E-3,362.00001836E-3,
25.32000095E-3,360.00001431E-3,
25.35999939E-3,362.00001836E-3,
25.39999969E-3,362.00001836E-3,
25.44000000E-3,362.00001836E-3,
25.48000030E-3,358.00001025E-3,
25.52000061E-3,360.00001431E-3,
25.56000091E-3,360.00001431E-3,
25.59999935E-3,360.00001431E-3,
25.63999966E-3,360.00001431E-3,
25.67999996E-3,358.00001025E-3,
25.72000027E-3,358.00001025E-3,
25.76000057E-3,356.00000620E-3,
25.80000088E-3,356.00000620E-3,
25.83999932E-3,358.00001025E-3,
25.87999962E-3,356.00000620E-3,
25.91999993E-3,356.00000620E-3,
25.96000023E-3,354.00000215E-3,
26.00000054E-3,356.00000620E-3,
26.04000084E-3,354.00000215E-3,
26.07999928E-3,354.00000215E-3,
26.11999959E-3,354.00000215E-3,
26.15999989E-3,352.00002789E-3,
26.20000020E-3,350.00002384E-3,
26.24000050E-3,352.00002789E-3,
26.28000081E-3,350.00002384E-3,
26.31999925E-3,352.00002789E-3,
26.35999955E-3,350.00002384E-3,
26.39999986E-3,350.00002384E-3,
26.44000016E-3,350.00002384E-3,
26.48000047E-3,350.00002384E-3,
26.52000077E-3,350.00002384E-3,
26.56000108E-3,348.00001979E-3,
26.59999952E-3,348.00001979E-3,
26.63999982E-3,348.00001979E-3,
26.68000013E-3,348.00001979E-3,
26.72000043E-3,348.00001979E-3,
26.76000074E-3,346.00001574E-3,
26.80000104E-3,348.00001979E-3,
26.83999948E-3,346.00001574E-3,
26.87999979E-3,346.00001574E-3,
26.92000009E-3,346.00001574E-3,
26.96000040E-3,346.00001574E-3,
27.00000070E-3,344.00001168E-3,
27.04000100E-3,346.00001574E-3,
27.07999945E-3,344.00001168E-3,
27.11999975E-3,344.00001168E-3,
27.16000006E-3,344.00001168E-3,
27.20000036E-3,342.00000763E-3,
27.24000067E-3,342.00000763E-3,
27.28000097E-3,342.00000763E-3,
27.31999941E-3,342.00000763E-3,
27.35999972E-3,340.00000358E-3,
27.40000002E-3,340.00000358E-3,
27.44000033E-3,340.00000358E-3,
27.48000063E-3,340.00000358E-3,
27.52000093E-3,340.00000358E-3,
27.55999938E-3,340.00000358E-3,
27.59999968E-3,336.00002527E-3,
27.63999999E-3,338.00002933E-3,
27.68000029E-3,338.00002933E-3,
27.72000059E-3,336.00002527E-3,
27.76000090E-3,338.00002933E-3,
27.79999934E-3,338.00002933E-3,
27.83999965E-3,338.00002933E-3,
27.87999995E-3,336.00002527E-3,
27.92000026E-3,336.00002527E-3,
27.96000056E-3,334.00002122E-3,
28.00000086E-3,334.00002122E-3,
28.03999931E-3,336.00002527E-3,
28.07999961E-3,336.00002527E-3,
28.11999992E-3,334.00002122E-3,
28.16000022E-3,332.00001717E-3,
28.20000052E-3,332.00001717E-3,
28.24000083E-3,334.00002122E-3,
28.27999927E-3,334.00002122E-3,
28.31999958E-3,334.00002122E-3,
28.35999988E-3,334.00002122E-3,
28.40000018E-3,332.00001717E-3,
28.44000049E-3,334.00002122E-3,
28.48000079E-3,332.00001717E-3,
28.51999924E-3,332.00001717E-3,
28.55999954E-3,334.00002122E-3,
28.59999985E-3,332.00001717E-3,
28.64000015E-3,332.00001717E-3,
28.68000045E-3,332.00001717E-3,
28.72000076E-3,332.00001717E-3,
28.75999920E-3,328.00000906E-3,
28.79999951E-3,332.00001717E-3,
28.83999981E-3,332.00001717E-3,
28.88000011E-3,328.00000906E-3,
28.92000042E-3,330.00001311E-3,
28.96000072E-3,330.00001311E-3,
29.00000103E-3,330.00001311E-3,
29.03999947E-3,330.00001311E-3,
29.07999977E-3,332.00001717E-3,
29.12000008E-3,330.00001311E-3,
29.16000038E-3,328.00000906E-3,
29.20000069E-3,330.00001311E-3,
29.24000099E-3,328.00000906E-3,
29.27999943E-3,330.00001311E-3,
29.31999974E-3,330.00001311E-3,
29.36000004E-3,328.00000906E-3,
29.40000035E-3,332.00001717E-3,
29.44000065E-3,332.00001717E-3,
29.48000096E-3,330.00001311E-3,
29.51999940E-3,332.00001717E-3,
29.55999970E-3,332.00001717E-3,
29.60000001E-3,332.00001717E-3,
29.64000031E-3,330.00001311E-3,
29.68000062E-3,332.00001717E-3,
29.72000092E-3,330.00001311E-3,
29.75999936E-3,332.00001717E-3,
29.79999967E-3,332.00001717E-3,
29.83999997E-3,332.00001717E-3,
29.88000028E-3,334.00002122E-3,
29.92000058E-3,332.00001717E-3,
29.96000089E-3,330.00001311E-3,
29.99999933E-3,332.00001717E-3,
30.03999963E-3,334.00002122E-3,
30.07999994E-3,332.00001717E-3,
30.12000024E-3,332.00001717E-3,
30.16000055E-3,334.00002122E-3,
30.20000085E-3,334.00002122E-3,
30.23999929E-3,336.00002527E-3,
30.27999960E-3,334.00002122E-3,
30.31999990E-3,334.00002122E-3,
30.36000021E-3,334.00002122E-3,
30.40000051E-3,334.00002122E-3,
30.44000082E-3,334.00002122E-3,
30.47999926E-3,336.00002527E-3,
30.51999956E-3,336.00002527E-3,
30.55999987E-3,338.00002933E-3,
30.60000017E-3,336.00002527E-3,
30.64000048E-3,338.00002933E-3,
30.68000078E-3,336.00002527E-3,
30.71999922E-3,338.00002933E-3,
30.75999953E-3,338.00002933E-3,
30.79999983E-3,338.00002933E-3,
30.84000014E-3,338.00002933E-3,
30.88000044E-3,340.00000358E-3,
30.92000075E-3,340.00000358E-3,
30.95999919E-3,340.00000358E-3,
30.99999949E-3,342.00000763E-3,
31.03999980E-3,340.00000358E-3,
31.08000010E-3,342.00000763E-3,
31.12000041E-3,342.00000763E-3,
31.16000071E-3,342.00000763E-3,
31.19999915E-3,342.00000763E-3,
31.23999946E-3,342.00000763E-3,
31.27999976E-3,342.00000763E-3,
31.31999820E-3,344.00001168E-3,
31.36000037E-3,342.00000763E-3,
31.39999881E-3,346.00001574E-3,
31.44000098E-3,346.00001574E-3,
31.47999942E-3,344.00001168E-3,
31.52000159E-3,348.00001979E-3,
31.56000003E-3,346.00001574E-3,
31.59999847E-3,346.00001574E-3,
31.64000064E-3,350.00002384E-3,
31.67999908E-3,348.00001979E-3,
31.72000125E-3,350.00002384E-3,
31.75999969E-3,346.00001574E-3,
31.80000186E-3,348.00001979E-3,
31.84000030E-3,350.00002384E-3,
31.87999874E-3,350.00002384E-3,
31.92000091E-3,350.00002384E-3,
31.95999935E-3,350.00002384E-3,
32.00000152E-3,352.00002789E-3,
32.03999996E-3,352.00002789E-3,
32.07999840E-3,352.00002789E-3,
32.12000057E-3,354.00000215E-3,
32.15999901E-3,352.00002789E-3,
32.20000118E-3,354.00000215E-3,
32.23999962E-3,354.00000215E-3,
32.28000179E-3,356.00000620E-3,
32.32000023E-3,356.00000620E-3,
32.35999867E-3,356.00000620E-3,
32.40000084E-3,356.00000620E-3,
32.43999928E-3,358.00001025E-3,
32.48000145E-3,356.00000620E-3,
32.51999989E-3,358.00001025E-3,
32.55999833E-3,358.00001025E-3,
32.60000050E-3,360.00001431E-3,
32.63999894E-3,360.00001431E-3,
32.68000111E-3,360.00001431E-3,
32.71999955E-3,360.00001431E-3,
32.76000172E-3,360.00001431E-3,
32.80000016E-3,362.00001836E-3,
32.83999860E-3,362.00001836E-3,
32.88000077E-3,364.00002241E-3,
32.91999921E-3,364.00002241E-3,
32.96000138E-3,364.00002241E-3,
32.99999982E-3,364.00002241E-3,
33.03999826E-3,364.00002241E-3,
33.08000043E-3,364.00002241E-3,
33.11999887E-3,364.00002241E-3,
33.16000104E-3,366.00002646E-3,
33.19999948E-3,366.00002646E-3,
33.24000165E-3,368.00003052E-3,
33.28000009E-3,368.00003052E-3,
33.31999853E-3,368.00003052E-3,
33.36000070E-3,366.00002646E-3,
33.39999914E-3,368.00003052E-3,
33.44000131E-3,368.00003052E-3,
33.47999975E-3,370.00000477E-3,
33.51999819E-3,370.00000477E-3,
33.56000036E-3,368.00003052E-3,
33.59999880E-3,370.00000477E-3,
33.64000097E-3,370.00000477E-3,
33.67999941E-3,370.00000477E-3,
33.72000158E-3,370.00000477E-3,
33.76000002E-3,370.00000477E-3,
33.79999846E-3,370.00000477E-3,
33.84000063E-3,370.00000477E-3,
33.87999907E-3,370.00000477E-3,
33.92000124E-3,370.00000477E-3,
33.95999968E-3,370.00000477E-3,
34.00000185E-3,370.00000477E-3,
34.04000029E-3,370.00000477E-3,
34.07999873E-3,372.00000882E-3,
34.12000090E-3,370.00000477E-3,
34.15999934E-3,370.00000477E-3,
34.20000151E-3,372.00000882E-3,
34.23999995E-3,372.00000882E-3,
34.27999839E-3,372.00000882E-3,
34.32000056E-3,372.00000882E-3,
34.35999900E-3,372.00000882E-3,
34.40000117E-3,372.00000882E-3,
34.43999961E-3,374.00001287E-3,
34.48000178E-3,372.00000882E-3,
34.52000022E-3,372.00000882E-3,
34.55999866E-3,372.00000882E-3,
34.60000083E-3,372.00000882E-3,
34.63999927E-3,372.00000882E-3,
34.68000144E-3,372.00000882E-3,
34.71999988E-3,370.00000477E-3,
34.75999832E-3,372.00000882E-3,
34.80000049E-3,372.00000882E-3,
34.83999893E-3,372.00000882E-3,
34.88000110E-3,372.00000882E-3,
34.91999954E-3,372.00000882E-3,
34.96000171E-3,370.00000477E-3,
35.00000015E-3,372.00000882E-3,
35.03999859E-3,372.00000882E-3,
35.08000076E-3,370.00000477E-3,
35.11999920E-3,370.00000477E-3,
35.16000137E-3,372.00000882E-3,
35.19999981E-3,370.00000477E-3,
35.23999825E-3,370.00000477E-3,
35.28000042E-3,370.00000477E-3,
35.31999886E-3,370.00000477E-3,
35.36000103E-3,370.00000477E-3,
35.39999947E-3,368.00003052E-3,
35.44000164E-3,368.00003052E-3,
35.48000008E-3,368.00003052E-3,
35.51999852E-3,368.00003052E-3,
35.56000069E-3,368.00003052E-3,
35.59999913E-3,368.00003052E-3,
35.64000130E-3,366.00002646E-3,
35.67999974E-3,366.00002646E-3,
35.71999818E-3,366.00002646E-3,
35.76000035E-3,366.00002646E-3,
35.79999879E-3,364.00002241E-3,
35.84000096E-3,366.00002646E-3,
35.87999940E-3,362.00001836E-3,
35.92000157E-3,364.00002241E-3,
35.96000001E-3,362.00001836E-3,
35.99999845E-3,364.00002241E-3,
36.04000062E-3,362.00001836E-3,
36.07999906E-3,362.00001836E-3,
36.12000123E-3,362.00001836E-3,
36.15999967E-3,360.00001431E-3,
36.19999811E-3,360.00001431E-3,
36.24000028E-3,360.00001431E-3,
36.27999872E-3,360.00001431E-3,
36.32000089E-3,360.00001431E-3,
36.35999933E-3,360.00001431E-3,
36.40000150E-3,356.00000620E-3,
36.43999994E-3,356.00000620E-3,
36.47999838E-3,356.00000620E-3,
36.52000055E-3,356.00000620E-3,
36.55999899E-3,352.00002789E-3,
36.60000116E-3,354.00000215E-3,
36.63999960E-3,352.00002789E-3,
36.68000177E-3,350.00002384E-3,
36.72000021E-3,352.00002789E-3,
36.75999865E-3,350.00002384E-3,
36.80000082E-3,350.00002384E-3,
36.83999926E-3,350.00002384E-3,
36.88000143E-3,348.00001979E-3,
36.91999987E-3,348.00001979E-3,
36.95999831E-3,346.00001574E-3,
37.00000048E-3,346.00001574E-3,
37.03999892E-3,344.00001168E-3,
37.08000109E-3,344.00001168E-3,
37.11999953E-3,342.00000763E-3,
37.16000170E-3,342.00000763E-3,
37.20000014E-3,342.00000763E-3,
37.23999858E-3,338.00002933E-3,
37.28000075E-3,340.00000358E-3,
37.31999919E-3,338.00002933E-3,
37.36000136E-3,340.00000358E-3,
37.39999980E-3,336.00002527E-3,
37.43999824E-3,336.00002527E-3,
37.48000041E-3,336.00002527E-3,
37.51999885E-3,334.00002122E-3,
37.56000102E-3,332.00001717E-3,
37.59999946E-3,332.00001717E-3,
37.64000162E-3,330.00001311E-3,
37.68000007E-3,328.00000906E-3,
37.71999851E-3,328.00000906E-3,
37.76000068E-3,328.00000906E-3,
37.79999912E-3,326.00000501E-3,
37.84000129E-3,326.00000501E-3,
37.87999973E-3,324.00000095E-3,
37.91999817E-3,322.00002670E-3,
37.96000034E-3,322.00002670E-3,
37.99999878E-3,322.00002670E-3,
38.04000095E-3,320.00002265E-3,
38.07999939E-3,318.00001860E-3,
38.12000155E-3,316.00001454E-3,
38.16000000E-3,316.00001454E-3,
38.19999844E-3,314.00001049E-3,
38.24000061E-3,314.00001049E-3,
38.27999905E-3,310.00000238E-3,
38.32000121E-3,310.00000238E-3,
38.35999966E-3,310.00000238E-3,
38.39999810E-3,310.00000238E-3,
38.44000027E-3,306.00002408E-3,
38.47999871E-3,306.00002408E-3,
38.52000087E-3,304.00002003E-3,
38.55999932E-3,304.00002003E-3,
38.60000148E-3,302.00001597E-3,
38.63999993E-3,302.00001597E-3,
38.67999837E-3,302.00001597E-3,
38.72000054E-3,300.00001192E-3,
38.75999898E-3,298.00000787E-3,
38.80000114E-3,298.00000787E-3,
38.83999959E-3,293.99999976E-3,
38.87999803E-3,293.99999976E-3,
38.92000020E-3,293.99999976E-3,
38.95999864E-3,290.00002146E-3,
39.00000080E-3,292.00002551E-3,
39.03999925E-3,292.00002551E-3,
39.08000141E-3,290.00002146E-3,
39.11999986E-3,288.00001740E-3,
39.15999830E-3,288.00001740E-3,
39.20000046E-3,286.00001335E-3,
39.23999891E-3,286.00001335E-3,
39.28000107E-3,284.00000930E-3,
39.31999952E-3,284.00000930E-3,
39.36000168E-3,282.00000525E-3,
39.40000013E-3,284.00000930E-3,
39.43999857E-3,280.00000119E-3,
39.48000073E-3,278.00002694E-3,
39.51999918E-3,278.00002694E-3,
39.56000134E-3,278.00002694E-3,
39.59999979E-3,276.00002289E-3,
39.63999823E-3,276.00002289E-3,
39.68000039E-3,274.00001884E-3,
39.71999884E-3,274.00001884E-3,
39.76000100E-3,274.00001884E-3,
39.79999945E-3,272.00001478E-3,
39.84000161E-3,272.00001478E-3,
39.88000005E-3,270.00001073E-3,
39.91999850E-3,268.00000668E-3,
39.96000066E-3,268.00000668E-3,
39.99999911E-3,268.00000668E-3,
40.04000127E-3,266.00000262E-3,
40.07999972E-3,266.00000262E-3,
40.11999816E-3,266.00000262E-3,
40.16000032E-3,268.00000668E-3,
40.19999877E-3,266.00000262E-3,
40.24000093E-3,266.00000262E-3,
40.27999938E-3,262.00002432E-3,
40.32000154E-3,262.00002432E-3,
40.35999998E-3,262.00002432E-3,
40.39999843E-3,262.00002432E-3,
40.44000059E-3,260.00002027E-3,
40.47999904E-3,262.00002432E-3,
40.52000120E-3,260.00002027E-3,
40.55999964E-3,260.00002027E-3,
40.59999809E-3,258.00001621E-3,
40.64000025E-3,260.00002027E-3,
40.67999870E-3,260.00002027E-3,
40.72000086E-3,258.00001621E-3,
40.75999931E-3,258.00001621E-3,
40.80000147E-3,258.00001621E-3,
40.83999991E-3,256.00001216E-3,
40.87999836E-3,256.00001216E-3,
40.92000052E-3,256.00001216E-3,
40.95999897E-3,256.00001216E-3,
41.00000113E-3,254.00000811E-3,
41.03999957E-3,254.00000811E-3,
41.07999802E-3,254.00000811E-3,
41.12000018E-3,252.00000405E-3,
41.15999863E-3,254.00000811E-3,
41.20000079E-3,254.00000811E-3,
41.23999923E-3,254.00000811E-3,
41.28000140E-3,254.00000811E-3,
41.31999984E-3,254.00000811E-3,
41.35999829E-3,252.00000405E-3,
41.40000045E-3,250.00000000E-3,
41.43999889E-3,250.00000000E-3,
41.48000106E-3,252.00000405E-3,
41.51999950E-3,252.00000405E-3,
41.55999795E-3,250.00000000E-3,
41.60000011E-3,250.00000000E-3,
41.63999856E-3,252.00000405E-3,
41.68000072E-3,250.00000000E-3,
41.71999916E-3,250.00000000E-3,
41.76000133E-3,250.00000000E-3,
41.79999977E-3,248.00001085E-3,
41.83999822E-3,252.00000405E-3,
41.88000038E-3,250.00000000E-3,
41.91999882E-3,250.00000000E-3,
41.96000099E-3,252.00000405E-3,
41.99999943E-3,250.00000000E-3,
42.04000160E-3,250.00000000E-3,
42.08000004E-3,250.00000000E-3,
42.11999848E-3,252.00000405E-3,
42.16000065E-3,252.00000405E-3,
42.19999909E-3,252.00000405E-3,
42.24000126E-3,252.00000405E-3,
42.27999970E-3,252.00000405E-3,
42.31999815E-3,254.00000811E-3,
42.36000031E-3,252.00000405E-3,
42.39999875E-3,252.00000405E-3,
42.44000092E-3,252.00000405E-3,
42.47999936E-3,252.00000405E-3,
42.52000153E-3,254.00000811E-3,
42.55999997E-3,254.00000811E-3,
42.59999841E-3,256.00001216E-3,
42.64000058E-3,256.00001216E-3,
42.67999902E-3,254.00000811E-3,
42.72000119E-3,256.00001216E-3,
42.75999963E-3,258.00001621E-3,
42.79999807E-3,260.00002027E-3,
42.84000024E-3,258.00001621E-3,
42.87999868E-3,258.00001621E-3,
42.92000085E-3,260.00002027E-3,
42.95999929E-3,260.00002027E-3,
43.00000146E-3,260.00002027E-3,
43.03999990E-3,262.00002432E-3,
43.07999834E-3,262.00002432E-3,
43.12000051E-3,263.99999857E-3,
43.15999895E-3,263.99999857E-3,
43.20000112E-3,266.00000262E-3,
43.23999956E-3,266.00000262E-3,
43.27999800E-3,268.00000668E-3,
43.32000017E-3,266.00000262E-3,
43.35999861E-3,270.00001073E-3,
43.40000078E-3,270.00001073E-3,
43.43999922E-3,270.00001073E-3,
43.48000139E-3,272.00001478E-3,
43.51999983E-3,272.00001478E-3,
43.55999827E-3,272.00001478E-3,
43.60000044E-3,272.00001478E-3,
43.63999888E-3,274.00001884E-3,
43.68000105E-3,274.00001884E-3,
43.71999949E-3,276.00002289E-3,
43.75999793E-3,276.00002289E-3,
43.80000010E-3,278.00002694E-3,
43.83999854E-3,282.00000525E-3,
43.88000071E-3,280.00000119E-3,
43.91999915E-3,282.00000525E-3,
43.96000132E-3,284.00000930E-3,
43.99999976E-3,280.00000119E-3,
44.03999820E-3,284.00000930E-3,
44.08000037E-3,286.00001335E-3,
44.11999881E-3,288.00001740E-3,
44.16000098E-3,286.00001335E-3,
44.19999942E-3,290.00002146E-3,
44.23999786E-3,290.00002146E-3,
44.28000003E-3,292.00002551E-3,
44.31999847E-3,290.00002146E-3,
44.36000064E-3,293.99999976E-3,
44.39999908E-3,292.00002551E-3,
44.44000125E-3,296.00000381E-3,
44.47999969E-3,296.00000381E-3,
44.51999813E-3,298.00000787E-3,
44.56000030E-3,296.00000381E-3,
44.59999874E-3,300.00001192E-3,
44.64000091E-3,300.00001192E-3,
44.67999935E-3,300.00001192E-3,
44.72000152E-3,302.00001597E-3,
44.75999996E-3,304.00002003E-3,
44.79999840E-3,304.00002003E-3,
44.84000057E-3,306.00002408E-3,
44.87999901E-3,306.00002408E-3,
44.92000118E-3,310.00000238E-3,
44.95999962E-3,308.00002813E-3,
44.99999806E-3,310.00000238E-3,
45.04000023E-3,310.00000238E-3,
45.07999867E-3,312.00000644E-3,
45.12000084E-3,312.00000644E-3,
45.15999928E-3,316.00001454E-3,
45.20000145E-3,314.00001049E-3,
45.23999989E-3,318.00001860E-3,
45.27999833E-3,318.00001860E-3,
45.32000050E-3,318.00001860E-3,
45.35999894E-3,322.00002670E-3,
45.40000111E-3,320.00002265E-3,
45.43999955E-3,322.00002670E-3,
45.47999799E-3,322.00002670E-3,
45.52000016E-3,322.00002670E-3,
45.55999860E-3,324.00000095E-3,
45.60000077E-3,326.00000501E-3,
45.63999921E-3,326.00000501E-3,
45.68000138E-3,328.00000906E-3,
45.71999982E-3,330.00001311E-3,
45.75999826E-3,332.00001717E-3,
45.80000043E-3,330.00001311E-3,
45.83999887E-3,334.00002122E-3,
45.88000104E-3,332.00001717E-3,
45.91999948E-3,334.00002122E-3,
45.95999792E-3,336.00002527E-3,
46.00000009E-3,334.00002122E-3,
46.03999853E-3,336.00002527E-3,
46.08000070E-3,336.00002527E-3,
46.11999914E-3,340.00000358E-3,
46.16000131E-3,340.00000358E-3,
46.19999975E-3,340.00000358E-3,
46.23999819E-3,338.00002933E-3,
46.28000036E-3,340.00000358E-3,
46.31999880E-3,342.00000763E-3,
46.36000097E-3,342.00000763E-3,
46.39999941E-3,344.00001168E-3,
46.43999785E-3,344.00001168E-3,
46.48000002E-3,344.00001168E-3,
46.51999846E-3,344.00001168E-3,
46.56000063E-3,346.00001574E-3,
46.59999907E-3,346.00001574E-3,
46.64000124E-3,346.00001574E-3,
46.67999968E-3,346.00001574E-3,
46.71999812E-3,346.00001574E-3,
46.76000029E-3,348.00001979E-3,
46.79999873E-3,350.00002384E-3,
46.84000090E-3,348.00001979E-3,
46.87999934E-3,350.00002384E-3,
46.92000151E-3,350.00002384E-3,
46.95999995E-3,348.00001979E-3,
46.99999839E-3,350.00002384E-3,
47.04000056E-3,354.00000215E-3,
47.07999900E-3,352.00002789E-3,
47.12000117E-3,354.00000215E-3,
47.15999961E-3,354.00000215E-3,
47.19999805E-3,354.00000215E-3,
47.24000022E-3,354.00000215E-3,
47.27999866E-3,356.00000620E-3,
47.32000083E-3,354.00000215E-3,
47.35999927E-3,358.00001025E-3,
47.40000144E-3,356.00000620E-3,
47.43999988E-3,356.00000620E-3,
47.47999832E-3,356.00000620E-3,
47.52000049E-3,354.00000215E-3,
47.55999893E-3,358.00001025E-3,
47.60000110E-3,356.00000620E-3,
47.63999954E-3,358.00001025E-3,
47.67999798E-3,356.00000620E-3,
47.72000015E-3,358.00001025E-3,
47.75999859E-3,358.00001025E-3,
47.80000076E-3,358.00001025E-3,
47.83999920E-3,358.00001025E-3,
47.88000137E-3,358.00001025E-3,
47.91999981E-3,358.00001025E-3,
47.95999825E-3,360.00001431E-3,
48.00000042E-3,358.00001025E-3,
48.03999886E-3,360.00001431E-3,
48.08000103E-3,360.00001431E-3,
48.11999947E-3,360.00001431E-3,
48.15999791E-3,360.00001431E-3,
48.20000008E-3,360.00001431E-3,
48.23999852E-3,360.00001431E-3,
48.28000069E-3,362.00001836E-3,
48.31999913E-3,362.00001836E-3,
48.36000130E-3,360.00001431E-3,
48.39999974E-3,360.00001431E-3,
48.43999818E-3,360.00001431E-3,
48.48000035E-3,362.00001836E-3,
48.51999879E-3,362.00001836E-3,
48.56000096E-3,362.00001836E-3,
48.59999940E-3,362.00001836E-3,
48.63999784E-3,362.00001836E-3,
48.68000001E-3,362.00001836E-3,
48.71999845E-3,362.00001836E-3,
48.76000062E-3,362.00001836E-3,
48.79999906E-3,362.00001836E-3,
48.84000123E-3,362.00001836E-3,
48.87999967E-3,362.00001836E-3,
48.91999811E-3,362.00001836E-3,
48.96000028E-3,362.00001836E-3,
48.99999872E-3,362.00001836E-3,
49.04000089E-3,362.00001836E-3,
49.07999933E-3,360.00001431E-3,
49.11999777E-3,362.00001836E-3,
49.15999994E-3,362.00001836E-3,
49.19999838E-3,362.00001836E-3,
49.24000055E-3,360.00001431E-3,
49.27999899E-3,364.00002241E-3,
49.32000116E-3,362.00001836E-3,
49.35999960E-3,362.00001836E-3,
49.39999804E-3,362.00001836E-3,
49.44000021E-3,362.00001836E-3,
49.47999865E-3,362.00001836E-3,
49.52000082E-3,362.00001836E-3,
49.55999926E-3,362.00001836E-3,
49.60000142E-3,362.00001836E-3,
49.63999987E-3,362.00001836E-3,
49.67999831E-3,362.00001836E-3,
49.72000048E-3,362.00001836E-3,
49.75999892E-3,360.00001431E-3,
49.80000108E-3,362.00001836E-3,
49.83999953E-3,362.00001836E-3,
49.87999797E-3,362.00001836E-3,
49.92000014E-3,360.00001431E-3,
49.95999858E-3,362.00001836E-3,
50.00000075E-3,362.00001836E-3,
50.03999919E-3,362.00001836E-3,
50.08000135E-3,362.00001836E-3,
50.11999980E-3,362.00001836E-3,
50.15999824E-3,362.00001836E-3,
50.20000041E-3,362.00001836E-3,
50.23999885E-3,362.00001836E-3,
50.28000101E-3,362.00001836E-3,
50.31999946E-3,362.00001836E-3,
50.35999790E-3,362.00001836E-3,
50.40000007E-3,362.00001836E-3,
50.43999851E-3,360.00001431E-3,
50.48000067E-3,362.00001836E-3,
50.51999912E-3,362.00001836E-3,
50.56000128E-3,362.00001836E-3,
50.59999973E-3,360.00001431E-3,
50.63999817E-3,362.00001836E-3,
50.68000033E-3,362.00001836E-3,
50.71999878E-3,360.00001431E-3,
50.76000094E-3,362.00001836E-3,
50.79999939E-3,362.00001836E-3,
50.83999783E-3,362.00001836E-3,
50.88000000E-3,360.00001431E-3,
50.91999844E-3,362.00001836E-3,
50.96000060E-3,362.00001836E-3,
50.99999905E-3,362.00001836E-3,
51.04000121E-3,362.00001836E-3,
51.07999966E-3,362.00001836E-3,
51.11999810E-3,360.00001431E-3,
51.16000026E-3,360.00001431E-3,
51.19999871E-3,362.00001836E-3,
51.24000087E-3,362.00001836E-3,
51.27999932E-3,362.00001836E-3,
51.31999776E-3,362.00001836E-3,
51.35999992E-3,360.00001431E-3,
51.39999837E-3,362.00001836E-3,
51.44000053E-3,362.00001836E-3,
51.47999898E-3,362.00001836E-3,
51.52000114E-3,362.00001836E-3,
51.55999959E-3,362.00001836E-3,
51.59999803E-3,362.00001836E-3,
51.64000019E-3,362.00001836E-3,
51.67999864E-3,362.00001836E-3,
51.72000080E-3,360.00001431E-3,
51.75999925E-3,360.00001431E-3,
51.79999769E-3,360.00001431E-3,
51.83999985E-3,360.00001431E-3,
51.87999830E-3,362.00001836E-3,
51.92000046E-3,360.00001431E-3,
51.95999891E-3,358.00001025E-3,
52.00000107E-3,362.00001836E-3,
52.03999951E-3,360.00001431E-3,
52.07999796E-3,360.00001431E-3,
52.12000012E-3,360.00001431E-3,
52.15999857E-3,362.00001836E-3,
52.20000073E-3,362.00001836E-3,
52.23999918E-3,360.00001431E-3,
52.28000134E-3,362.00001836E-3,
52.31999978E-3,360.00001431E-3,
52.35999823E-3,360.00001431E-3,
52.40000039E-3,358.00001025E-3,
52.43999884E-3,360.00001431E-3,
52.48000100E-3,360.00001431E-3,
52.51999944E-3,362.00001836E-3,
52.55999789E-3,362.00001836E-3,
52.60000005E-3,360.00001431E-3,
52.63999850E-3,360.00001431E-3,
52.68000066E-3,360.00001431E-3,
52.71999910E-3,360.00001431E-3,
52.76000127E-3,362.00001836E-3,
52.79999971E-3,360.00001431E-3,
52.83999816E-3,358.00001025E-3,
52.88000032E-3,360.00001431E-3,
52.91999876E-3,362.00001836E-3,
52.96000093E-3,362.00001836E-3,
52.99999937E-3,362.00001836E-3,
53.03999782E-3,358.00001025E-3,
53.07999998E-3,360.00001431E-3,
53.11999843E-3,358.00001025E-3,
53.16000059E-3,360.00001431E-3,
53.19999903E-3,358.00001025E-3,
53.24000120E-3,358.00001025E-3,
53.27999964E-3,360.00001431E-3,
53.31999809E-3,362.00001836E-3,
53.36000025E-3,358.00001025E-3,
53.39999869E-3,358.00001025E-3,
53.44000086E-3,360.00001431E-3,
53.47999930E-3,360.00001431E-3,
53.51999775E-3,358.00001025E-3,
53.55999991E-3,360.00001431E-3,
53.59999835E-3,358.00001025E-3,
53.64000052E-3,358.00001025E-3,
53.67999896E-3,358.00001025E-3,
53.72000113E-3,360.00001431E-3,
53.75999957E-3,358.00001025E-3,
53.79999802E-3,358.00001025E-3,
53.84000018E-3,360.00001431E-3,
53.87999862E-3,360.00001431E-3,
53.92000079E-3,358.00001025E-3,
53.95999923E-3,360.00001431E-3,
53.99999768E-3,358.00001025E-3,
54.03999984E-3,358.00001025E-3,
54.07999828E-3,358.00001025E-3,
54.12000045E-3,360.00001431E-3,
54.15999889E-3,360.00001431E-3,
54.20000106E-3,360.00001431E-3,
54.23999950E-3,358.00001025E-3,
54.27999794E-3,360.00001431E-3,
54.32000011E-3,358.00001025E-3,
54.35999855E-3,360.00001431E-3,
54.40000072E-3,358.00001025E-3,
54.43999916E-3,358.00001025E-3,
54.48000133E-3,358.00001025E-3,
54.51999977E-3,358.00001025E-3,
54.55999821E-3,360.00001431E-3,
54.600000381E-3,358.00001025E-3,
54.639998823E-3,356.00000620E-3,
54.680000991E-3,356.00000620E-3,
54.719999433E-3,358.00001025E-3,
54.759997874E-3,360.00001431E-3,
54.800000042E-3,358.00001025E-3,
54.839998484E-3,360.00001431E-3,
54.880000651E-3,358.00001025E-3,
54.919999093E-3,358.00001025E-3,
54.960001260E-3,356.00000620E-3,
54.999999702E-3,358.00001025E-3,
55.039998144E-3,356.00000620E-3,
55.080000311E-3,358.00001025E-3,
55.119998753E-3,358.00001025E-3,
55.160000920E-3,356.00000620E-3,
55.199999362E-3,356.00000620E-3,
55.239997804E-3,356.00000620E-3,
55.279999971E-3,358.00001025E-3,
55.319998413E-3,358.00001025E-3,
55.360000581E-3,356.00000620E-3,
55.399999022E-3,358.00001025E-3,
55.440001190E-3,358.00001025E-3,
55.479999632E-3,358.00001025E-3,
55.519998074E-3,356.00000620E-3,
55.560000241E-3,358.00001025E-3,
55.599998683E-3,356.00000620E-3,
55.640000850E-3,358.00001025E-3,
55.679999292E-3,358.00001025E-3,
55.719997734E-3,356.00000620E-3,
55.759999901E-3,356.00000620E-3,
55.799998343E-3,356.00000620E-3,
55.840000510E-3,356.00000620E-3,
55.879998952E-3,356.00000620E-3,
55.920001119E-3,358.00001025E-3,
55.959999561E-3,356.00000620E-3,
55.999998003E-3,356.00000620E-3,
56.040000170E-3,356.00000620E-3,
56.079998612E-3,356.00000620E-3,
56.120000780E-3,356.00000620E-3,
56.159999222E-3,356.00000620E-3,
56.199997663E-3,356.00000620E-3,
56.239999831E-3,358.00001025E-3,
56.279998273E-3,356.00000620E-3,
56.320000440E-3,356.00000620E-3,
56.359998882E-3,356.00000620E-3,
56.400001049E-3,356.00000620E-3,
56.439999491E-3,356.00000620E-3,
56.479997933E-3,356.00000620E-3,
56.520000100E-3,356.00000620E-3,
56.559998542E-3,356.00000620E-3,
56.600000709E-3,356.00000620E-3,
56.639999151E-3,356.00000620E-3,
56.679997593E-3,356.00000620E-3,
56.719999760E-3,356.00000620E-3,
56.759998202E-3,356.00000620E-3,
56.800000370E-3,354.00000215E-3,
56.839998811E-3,356.00000620E-3,
56.880000979E-3,354.00000215E-3,
56.919999421E-3,356.00000620E-3,
56.959997863E-3,356.00000620E-3,
57.000000030E-3,356.00000620E-3,
57.039998472E-3,356.00000620E-3,
57.080000639E-3,356.00000620E-3,
57.119999081E-3,354.00000215E-3,
57.160001248E-3,356.00000620E-3,
57.199999690E-3,354.00000215E-3,
57.239998132E-3,354.00000215E-3,
57.280000299E-3,356.00000620E-3,
57.319998741E-3,356.00000620E-3,
57.360000908E-3,354.00000215E-3,
57.399999350E-3,354.00000215E-3,
57.439997792E-3,354.00000215E-3,
57.479999959E-3,354.00000215E-3,
57.519998401E-3,354.00000215E-3,
57.560000569E-3,352.00002789E-3,
57.599999011E-3,354.00000215E-3,
57.640001178E-3,354.00000215E-3,
57.679999620E-3,352.00002789E-3,
57.719998062E-3,354.00000215E-3,
57.760000229E-3,354.00000215E-3,
57.799998671E-3,354.00000215E-3,
57.840000838E-3,354.00000215E-3,
57.879999280E-3,352.00002789E-3,
57.919997722E-3,352.00002789E-3,
57.959999889E-3,354.00000215E-3,
57.999998331E-3,354.00000215E-3,
58.040000498E-3,356.00000620E-3,
58.079998940E-3,354.00000215E-3,
58.120001107E-3,352.00002789E-3,
58.159999549E-3,354.00000215E-3,
58.199997991E-3,354.00000215E-3,
58.240000159E-3,354.00000215E-3,
58.279998600E-3,352.00002789E-3,
58.320000768E-3,352.00002789E-3,
58.359999210E-3,356.00000620E-3,
58.399997652E-3,354.00000215E-3,
58.439999819E-3,352.00002789E-3,
58.479998261E-3,352.00002789E-3,
58.520000428E-3,354.00000215E-3,
58.559998870E-3,352.00002789E-3,
58.600001037E-3,352.00002789E-3,
58.639999479E-3,354.00000215E-3,
58.679997921E-3,354.00000215E-3,
58.720000088E-3,352.00002789E-3,
58.759998530E-3,354.00000215E-3,
58.800000697E-3,352.00002789E-3,
58.839999139E-3,354.00000215E-3,
58.879997581E-3,350.00002384E-3,
58.919999748E-3,352.00002789E-3,
58.959998190E-3,352.00002789E-3,
59.000000358E-3,352.00002789E-3,
59.039998800E-3,352.00002789E-3,
59.080000967E-3,352.00002789E-3,
59.119999409E-3,350.00002384E-3,
59.159997851E-3,352.00002789E-3,
59.200000018E-3,354.00000215E-3,
59.239998460E-3,350.00002384E-3,
59.280000627E-3,350.00002384E-3,
59.319999069E-3,350.00002384E-3,
59.359997511E-3,354.00000215E-3,
59.399999678E-3,350.00002384E-3,
59.439998120E-3,352.00002789E-3,
59.480000287E-3,350.00002384E-3,
59.519998729E-3,350.00002384E-3,
59.560000896E-3,352.00002789E-3,
59.599999338E-3,350.00002384E-3,
59.639997780E-3,352.00002789E-3,
59.679999948E-3,350.00002384E-3,
59.719998389E-3,352.00002789E-3,
59.760000557E-3,352.00002789E-3,
59.799998999E-3,352.00002789E-3,
59.840001166E-3,350.00002384E-3,
59.879999608E-3,354.00000215E-3,
59.919998050E-3,350.00002384E-3,
59.960000217E-3,350.00002384E-3,
59.999998659E-3,352.00002789E-3,
60.040000826E-3,350.00002384E-3,
60.079999268E-3,350.00002384E-3,
60.119997710E-3,350.00002384E-3,
60.159999877E-3,350.00002384E-3,
60.199998319E-3,350.00002384E-3,
60.240000486E-3,350.00002384E-3,
60.279998928E-3,350.00002384E-3,
60.320001096E-3,350.00002384E-3,
60.359999537E-3,350.00002384E-3,
60.399997979E-3,352.00002789E-3,
60.440000147E-3,348.00001979E-3,
60.479998589E-3,350.00002384E-3,
60.520000756E-3,350.00002384E-3,
60.559999198E-3,350.00002384E-3,
60.599997640E-3,350.00002384E-3,
60.639999807E-3,350.00002384E-3,
60.679998249E-3,350.00002384E-3,
60.720000416E-3,350.00002384E-3,
60.759998858E-3,350.00002384E-3,
60.800001025E-3,350.00002384E-3,
60.839999467E-3,350.00002384E-3,
60.879997909E-3,350.00002384E-3,
60.920000076E-3,350.00002384E-3,
60.959998518E-3,350.00002384E-3,
61.000000685E-3,350.00002384E-3,
61.039999127E-3,350.00002384E-3,
61.079997569E-3,350.00002384E-3,
61.119999737E-3,348.00001979E-3,
61.159998178E-3,350.00002384E-3,
61.200000346E-3,348.00001979E-3,
61.239998788E-3,350.00002384E-3,
61.280000955E-3,350.00002384E-3,
61.319999397E-3,348.00001979E-3,
61.359997839E-3,348.00001979E-3,
61.400000006E-3,350.00002384E-3,
61.439998448E-3,348.00001979E-3,
61.480000615E-3,348.00001979E-3,
61.519999057E-3,350.00002384E-3,
61.559997499E-3,348.00001979E-3,
61.599999666E-3,346.00001574E-3,
61.639998108E-3,348.00001979E-3,
61.680000275E-3,348.00001979E-3,
61.719998717E-3,348.00001979E-3,
61.760000885E-3,348.00001979E-3,
61.799999326E-3,350.00002384E-3,
61.839997768E-3,350.00002384E-3,
61.879999936E-3,348.00001979E-3,
61.919998378E-3,350.00002384E-3,
61.960000545E-3,348.00001979E-3,
61.999998987E-3,346.00001574E-3,
62.039997429E-3,350.00002384E-3,
62.079999596E-3,350.00002384E-3,
62.119998038E-3,348.00001979E-3,
62.160000205E-3,348.00001979E-3,
62.199998647E-3,348.00001979E-3,
62.240000814E-3,350.00002384E-3,
62.279999256E-3,348.00001979E-3,
62.319997698E-3,348.00001979E-3,
62.359999865E-3,350.00002384E-3,
62.399998307E-3,348.00001979E-3,
62.440000474E-3,348.00001979E-3,
62.479998916E-3,348.00001979E-3,
62.519997358E-3,350.00002384E-3,
62.559999526E-3,348.00001979E-3,
62.600001693E-3,348.00001979E-3,
62.639996409E-3,350.00002384E-3,
62.679998577E-3,348.00001979E-3,
62.720000744E-3,350.00002384E-3,
62.760002911E-3,346.00001574E-3,
62.799997628E-3,346.00001574E-3,
62.839999795E-3,348.00001979E-3,
62.880001962E-3,346.00001574E-3,
62.919996679E-3,346.00001574E-3,
62.959998846E-3,346.00001574E-3,
63.000001013E-3,346.00001574E-3,
63.039995730E-3,348.00001979E-3,
63.079997897E-3,348.00001979E-3,
63.120000064E-3,348.00001979E-3,
63.160002232E-3,346.00001574E-3,
63.199996948E-3,348.00001979E-3,
63.239999115E-3,346.00001574E-3,
63.280001283E-3,346.00001574E-3,
63.319995999E-3,346.00001574E-3,
63.359998167E-3,348.00001979E-3,
63.400000334E-3,346.00001574E-3,
63.440002501E-3,346.00001574E-3,
63.479997218E-3,346.00001574E-3,
63.519999385E-3,346.00001574E-3,
63.560001552E-3,348.00001979E-3,
63.599996269E-3,350.00002384E-3,
63.639998436E-3,346.00001574E-3,
63.680000603E-3,348.00001979E-3,
63.720002770E-3,346.00001574E-3,
63.759997487E-3,348.00001979E-3,
63.799999654E-3,348.00001979E-3,
63.840001822E-3,346.00001574E-3,
63.879996538E-3,346.00001574E-3,
63.919998705E-3,346.00001574E-3,
63.960000873E-3,346.00001574E-3,
63.999995589E-3,348.00001979E-3,
64.039997756E-3,346.00001574E-3,
64.079999924E-3,346.00001574E-3,
64.120002091E-3,348.00001979E-3,
64.159996808E-3,346.00001574E-3,
64.199998975E-3,348.00001979E-3,
64.240001142E-3,346.00001574E-3,
64.279995859E-3,346.00001574E-3,
64.319998026E-3,346.00001574E-3,
64.360000193E-3,346.00001574E-3,
64.400002360E-3,346.00001574E-3,
64.439997077E-3,348.00001979E-3,
64.479999244E-3,346.00001574E-3,
64.520001411E-3,346.00001574E-3,
64.559996128E-3,346.00001574E-3,
64.599998295E-3,348.00001979E-3,
64.640000463E-3,346.00001574E-3,
64.680002630E-3,346.00001574E-3,
64.719997346E-3,346.00001574E-3,
64.759999514E-3,346.00001574E-3,
64.800001681E-3,346.00001574E-3,
64.839996397E-3,344.00001168E-3,
64.879998565E-3,344.00001168E-3,
64.920000732E-3,342.00000763E-3,
64.960002899E-3,346.00001574E-3,
64.999997616E-3,346.00001574E-3,
65.039999783E-3,346.00001574E-3,
65.080001950E-3,346.00001574E-3,
65.119996667E-3,346.00001574E-3,
65.159998834E-3,344.00001168E-3,
65.200001001E-3,344.00001168E-3,
65.239995718E-3,344.00001168E-3,
65.279997885E-3,346.00001574E-3,
65.320000052E-3,346.00001574E-3,
65.360002220E-3,346.00001574E-3,
65.399996936E-3,344.00001168E-3,
65.439999104E-3,344.00001168E-3,
65.480001271E-3,346.00001574E-3,
65.519995987E-3,346.00001574E-3,
65.559998155E-3,346.00001574E-3,
65.600000322E-3,342.00000763E-3,
65.640002489E-3,344.00001168E-3,
65.679997206E-3,346.00001574E-3,
65.719999373E-3,344.00001168E-3,
65.760001540E-3,344.00001168E-3,
65.799996257E-3,344.00001168E-3,
65.839998424E-3,344.00001168E-3,
65.880000591E-3,342.00000763E-3,
65.920002759E-3,344.00001168E-3,
65.959997475E-3,344.00001168E-3,
65.999999642E-3,342.00000763E-3,
66.040001810E-3,346.00001574E-3,
66.079996526E-3,344.00001168E-3,
66.119998693E-3,342.00000763E-3,
66.160000861E-3,342.00000763E-3,
66.199995577E-3,344.00001168E-3,
66.239997745E-3,342.00000763E-3,
66.279999912E-3,342.00000763E-3,
66.320002079E-3,344.00001168E-3,
66.359996796E-3,342.00000763E-3,
66.399998963E-3,342.00000763E-3,
66.440001130E-3,342.00000763E-3,
66.479995847E-3,340.00000358E-3,
66.519998014E-3,342.00000763E-3,
66.560000181E-3,340.00000358E-3,
66.600002348E-3,342.00000763E-3,
66.639997065E-3,340.00000358E-3,
66.679999232E-3,340.00000358E-3,
66.720001400E-3,340.00000358E-3,
66.759996116E-3,340.00000358E-3,
66.799998283E-3,340.00000358E-3,
66.840000451E-3,340.00000358E-3,
66.880002618E-3,340.00000358E-3,
66.919997334E-3,340.00000358E-3,
66.959999502E-3,338.00002933E-3,
67.000001669E-3,338.00002933E-3,
67.039996386E-3,338.00002933E-3,
67.079998553E-3,338.00002933E-3,
67.120000720E-3,338.00002933E-3,
67.159995437E-3,338.00002933E-3,
67.199997604E-3,338.00002933E-3,
67.239999771E-3,338.00002933E-3,
67.280001938E-3,338.00002933E-3,
67.319996655E-3,338.00002933E-3,
67.359998822E-3,336.00002527E-3,
67.400000989E-3,338.00002933E-3,
67.439995706E-3,336.00002527E-3,
67.479997873E-3,336.00002527E-3,
67.520000041E-3,336.00002527E-3,
67.560002208E-3,332.00001717E-3,
67.599996924E-3,334.00002122E-3,
67.639999092E-3,334.00002122E-3,
67.680001259E-3,334.00002122E-3,
67.719995975E-3,334.00002122E-3,
67.759998143E-3,334.00002122E-3,
67.800000310E-3,336.00002527E-3,
67.840002477E-3,332.00001717E-3,
67.879997194E-3,332.00001717E-3,
67.919999361E-3,330.00001311E-3,
67.960001528E-3,330.00001311E-3,
67.999996245E-3,332.00001717E-3,
68.039998412E-3,330.00001311E-3,
68.080000579E-3,330.00001311E-3,
68.120002747E-3,328.00000906E-3,
68.159997463E-3,330.00001311E-3,
68.199999630E-3,328.00000906E-3,
68.240001798E-3,328.00000906E-3,
68.279996514E-3,328.00000906E-3,
68.319998682E-3,326.00000501E-3,
68.360000849E-3,328.00000906E-3,
68.399995565E-3,328.00000906E-3,
68.439997733E-3,326.00000501E-3,
68.479999900E-3,328.00000906E-3,
68.520002067E-3,326.00000501E-3,
68.559996784E-3,324.00000095E-3,
68.599998951E-3,324.00000095E-3,
68.640001118E-3,322.00002670E-3,
68.679995835E-3,322.00002670E-3,
68.719998002E-3,322.00002670E-3,
68.760000169E-3,322.00002670E-3,
68.800002337E-3,320.00002265E-3,
68.839997053E-3,320.00002265E-3,
68.879999220E-3,320.00002265E-3,
68.920001388E-3,322.00002670E-3,
68.959996104E-3,318.00001860E-3,
68.999998271E-3,318.00001860E-3,
69.040000439E-3,316.00001454E-3,
69.080002606E-3,314.00001049E-3,
69.119997323E-3,314.00001049E-3,
69.159999490E-3,314.00001049E-3,
69.200001657E-3,314.00001049E-3,
69.239996374E-3,312.00000644E-3,
69.279998541E-3,312.00000644E-3,
69.320000708E-3,310.00000238E-3,
69.359995425E-3,310.00000238E-3,
69.399997592E-3,312.00000644E-3,
69.439999759E-3,310.00000238E-3,
69.480001926E-3,310.00000238E-3,
69.519996643E-3,310.00000238E-3,
69.559998810E-3,308.00002813E-3,
69.600000978E-3,308.00002813E-3,
69.639995694E-3,308.00002813E-3,
69.679997861E-3,306.00002408E-3,
69.720000029E-3,304.00002003E-3,
69.760002196E-3,304.00002003E-3,
69.799996912E-3,304.00002003E-3,
69.839999080E-3,304.00002003E-3,
69.880001247E-3,302.00001597E-3,
69.919995964E-3,302.00001597E-3,
69.959998131E-3,300.00001192E-3,
70.000000298E-3,298.00000787E-3,
70.040002465E-3,298.00000787E-3,
70.079997182E-3,298.00000787E-3,
70.119999349E-3,298.00000787E-3,
70.160001516E-3,296.00000381E-3,
70.199996233E-3,292.00002551E-3,
70.239998400E-3,293.99999976E-3,
70.280000567E-3,292.00002551E-3,
70.320002735E-3,292.00002551E-3,
70.359997451E-3,292.00002551E-3,
70.399999619E-3,292.00002551E-3,
70.440001786E-3,292.00002551E-3,
70.479996502E-3,292.00002551E-3,
70.519998670E-3,290.00002146E-3,
70.560000837E-3,288.00001740E-3,
70.599995553E-3,288.00001740E-3,
70.639997721E-3,288.00001740E-3,
70.679999888E-3,286.00001335E-3,
70.720002055E-3,284.00000930E-3,
70.759996772E-3,284.00000930E-3,
70.799998939E-3,284.00000930E-3,
70.840001106E-3,284.00000930E-3,
70.879995823E-3,282.00000525E-3,
70.919997990E-3,280.00000119E-3,
70.960000157E-3,282.00000525E-3,
71.000002325E-3,280.00000119E-3,
71.039997041E-3,280.00000119E-3,
71.079999208E-3,278.00002694E-3,
71.120001376E-3,278.00002694E-3,
71.159996092E-3,276.00002289E-3,
71.199998260E-3,276.00002289E-3,
71.240000427E-3,276.00002289E-3,
71.280002594E-3,274.00001884E-3,
71.319997311E-3,276.00002289E-3,
71.359999478E-3,274.00001884E-3,
71.400001645E-3,274.00001884E-3,
71.439996362E-3,272.00001478E-3,
71.479998529E-3,272.00001478E-3,
71.520000696E-3,274.00001884E-3,
71.559995413E-3,270.00001073E-3,
71.599997580E-3,268.00000668E-3,
71.639999747E-3,270.00001073E-3,
71.680001915E-3,268.00000668E-3,
71.719996631E-3,270.00001073E-3,
71.759998798E-3,270.00001073E-3,
71.800000966E-3,268.00000668E-3,
71.839995682E-3,266.00000262E-3,
71.879997849E-3,266.00000262E-3,
71.920000017E-3,263.99999857E-3,
71.960002184E-3,263.99999857E-3,
71.999996901E-3,266.00000262E-3,
72.039999068E-3,266.00000262E-3,
72.080001235E-3,266.00000262E-3,
72.119995952E-3,262.00002432E-3,
72.159998119E-3,263.99999857E-3,
72.200000286E-3,263.99999857E-3,
72.240002453E-3,262.00002432E-3,
72.279997170E-3,263.99999857E-3,
72.319999337E-3,263.99999857E-3,
72.360001504E-3,263.99999857E-3,
72.399996221E-3,262.00002432E-3,
72.439998388E-3,262.00002432E-3,
72.480000556E-3,260.00002027E-3,
72.520002723E-3,262.00002432E-3,
72.559997439E-3,263.99999857E-3,
72.599999607E-3,260.00002027E-3,
72.640001774E-3,262.00002432E-3,
72.679996490E-3,262.00002432E-3,
72.719998658E-3,260.00002027E-3,
72.760000825E-3,262.00002432E-3,
72.799995542E-3,260.00002027E-3,
72.839997709E-3,260.00002027E-3,
72.879999876E-3,262.00002432E-3,
72.920002043E-3,262.00002432E-3,
72.959996760E-3,260.00002027E-3,
72.999998927E-3,262.00002432E-3,
73.040001094E-3,262.00002432E-3,
73.079995811E-3,262.00002432E-3,
73.119997978E-3,262.00002432E-3,
73.160000145E-3,260.00002027E-3,
73.200002313E-3,263.99999857E-3,
73.239997029E-3,260.00002027E-3,
73.279999197E-3,263.99999857E-3,
73.320001364E-3,262.00002432E-3,
73.359996080E-3,263.99999857E-3,
73.399998248E-3,262.00002432E-3,
73.440000415E-3,266.00000262E-3,
73.480002582E-3,263.99999857E-3,
73.519997299E-3,263.99999857E-3,
73.559999466E-3,262.00002432E-3,
73.600001633E-3,263.99999857E-3,
73.639996350E-3,263.99999857E-3,
73.679998517E-3,266.00000262E-3,
73.720000684E-3,266.00000262E-3,
73.759995401E-3,266.00000262E-3,
73.799997568E-3,268.00000668E-3,
73.839999735E-3,268.00000668E-3,
73.880001903E-3,268.00000668E-3,
73.919996619E-3,270.00001073E-3,
73.959998786E-3,268.00000668E-3,
74.000000954E-3,270.00001073E-3,
74.039995670E-3,272.00001478E-3,
74.079997838E-3,270.00001073E-3,
74.120000005E-3,270.00001073E-3,
74.160002172E-3,270.00001073E-3,
74.199996889E-3,274.00001884E-3,
74.239999056E-3,274.00001884E-3,
74.280001223E-3,276.00002289E-3,
74.319995940E-3,276.00002289E-3,
74.359998107E-3,276.00002289E-3,
74.400000274E-3,274.00001884E-3,
74.440002441E-3,274.00001884E-3,
74.479997158E-3,274.00001884E-3,
74.519999325E-3,276.00002289E-3,
74.560001493E-3,276.00002289E-3,
74.599996209E-3,278.00002694E-3,
74.639998376E-3,280.00000119E-3,
74.680000544E-3,278.00002694E-3,
74.719995260E-3,280.00000119E-3,
74.759997427E-3,280.00000119E-3,
74.799999595E-3,282.00000525E-3,
74.840001762E-3,282.00000525E-3,
74.879996479E-3,282.00000525E-3,
74.919998646E-3,284.00000930E-3,
74.960000813E-3,284.00000930E-3,
74.999995530E-3,286.00001335E-3,
75.039997697E-3,288.00001740E-3,
75.079999864E-3,288.00001740E-3,
75.120002031E-3,290.00002146E-3,
75.159996748E-3,290.00002146E-3,
75.199998915E-3,290.00002146E-3,
75.240001082E-3,292.00002551E-3,
75.279995799E-3,292.00002551E-3,
75.319997966E-3,290.00002146E-3,
75.360000134E-3,292.00002551E-3,
75.400002301E-3,292.00002551E-3,
75.439997017E-3,293.99999976E-3,
75.479999185E-3,293.99999976E-3,
75.520001352E-3,293.99999976E-3,
75.559996068E-3,296.00000381E-3,
75.599998236E-3,293.99999976E-3,
75.640000403E-3,296.00000381E-3,
75.680002570E-3,296.00000381E-3,
75.719997287E-3,296.00000381E-3,
75.759999454E-3,298.00000787E-3,
75.800001621E-3,300.00001192E-3,
75.839996338E-3,302.00001597E-3,
75.879998505E-3,302.00001597E-3,
75.920000672E-3,302.00001597E-3,
75.959995389E-3,304.00002003E-3,
75.999997556E-3,302.00001597E-3,
76.039999723E-3,304.00002003E-3,
76.080001891E-3,304.00002003E-3,
76.119996607E-3,304.00002003E-3,
76.159998775E-3,306.00002408E-3,
76.200000942E-3,306.00002408E-3,
76.239995658E-3,308.00002813E-3,
76.279997826E-3,306.00002408E-3,
76.319999993E-3,308.00002813E-3,
76.360002160E-3,308.00002813E-3,
76.399996877E-3,310.00000238E-3,
76.439999044E-3,310.00000238E-3,
76.480001211E-3,310.00000238E-3,
76.519995928E-3,310.00000238E-3,
76.559998095E-3,310.00000238E-3,
76.600000262E-3,312.00000644E-3,
76.640002429E-3,312.00000644E-3,
76.679997146E-3,314.00001049E-3,
76.719999313E-3,312.00000644E-3,
76.760001481E-3,314.00001049E-3,
76.799996197E-3,312.00000644E-3,
76.839998364E-3,314.00001049E-3,
76.880000532E-3,316.00001454E-3,
76.919995248E-3,316.00001454E-3,
76.959997416E-3,314.00001049E-3,
76.999999583E-3,314.00001049E-3,
77.040001750E-3,316.00001454E-3,
77.079996467E-3,316.00001454E-3,
77.119998634E-3,316.00001454E-3,
77.160000801E-3,320.00002265E-3,
77.199995518E-3,318.00001860E-3,
77.239997685E-3,318.00001860E-3,
77.279999852E-3,318.00001860E-3,
77.320002019E-3,320.00002265E-3,
77.359996736E-3,318.00001860E-3,
77.399998903E-3,320.00002265E-3,
77.440001070E-3,322.00002670E-3,
77.479995787E-3,322.00002670E-3,
77.519997954E-3,322.00002670E-3,
77.560000122E-3,322.00002670E-3,
77.600002289E-3,322.00002670E-3,
77.639997005E-3,322.00002670E-3,
77.679999173E-3,324.00000095E-3,
77.720001340E-3,322.00002670E-3,
77.759996057E-3,322.00002670E-3,
77.799998224E-3,324.00000095E-3,
77.840000391E-3,324.00000095E-3,
77.880002558E-3,324.00000095E-3,
77.919997275E-3,322.00002670E-3,
77.959999442E-3,324.00000095E-3,
78.000001609E-3,322.00002670E-3,
78.039996326E-3,324.00000095E-3,
78.079998493E-3,324.00000095E-3,
78.120000660E-3,324.00000095E-3,
78.159995377E-3,326.00000501E-3,
78.199997544E-3,328.00000906E-3,
78.239999712E-3,324.00000095E-3,
78.280001879E-3,324.00000095E-3,
78.319996595E-3,326.00000501E-3,
78.359998763E-3,326.00000501E-3,
78.400000930E-3,326.00000501E-3,
78.439995646E-3,326.00000501E-3,
78.479997814E-3,326.00000501E-3,
78.519999981E-3,328.00000906E-3,
78.560002148E-3,326.00000501E-3,
78.599996865E-3,326.00000501E-3,
78.639999032E-3,324.00000095E-3,
78.680001199E-3,326.00000501E-3,
78.719995916E-3,328.00000906E-3,
78.759998083E-3,328.00000906E-3,
78.800000250E-3,326.00000501E-3,
78.840002418E-3,326.00000501E-3,
78.879997134E-3,326.00000501E-3,
78.919999301E-3,326.00000501E-3,
78.960001469E-3,328.00000906E-3,
78.999996185E-3,326.00000501E-3,
79.039998353E-3,328.00000906E-3,
79.080000520E-3,326.00000501E-3,
79.119995236E-3,326.00000501E-3,
79.159997404E-3,328.00000906E-3,
79.199999571E-3,328.00000906E-3,
79.240001738E-3,328.00000906E-3,
79.279996455E-3,328.00000906E-3,
79.319998622E-3,326.00000501E-3,
79.360000789E-3,328.00000906E-3,
79.399995506E-3,326.00000501E-3,
79.439997673E-3,326.00000501E-3,
79.479999840E-3,326.00000501E-3,
79.520002007E-3,328.00000906E-3,
79.559996724E-3,326.00000501E-3,
79.599998891E-3,328.00000906E-3,
79.640001059E-3,326.00000501E-3,
79.679995775E-3,328.00000906E-3,
79.719997942E-3,326.00000501E-3,
79.760000110E-3,328.00000906E-3,
79.800002277E-3,328.00000906E-3,
79.839996994E-3,326.00000501E-3,
79.879999161E-3,326.00000501E-3,
79.920001328E-3,328.00000906E-3,
79.959996045E-3,328.00000906E-3,
79.999998212E-3,328.00000906E-3,
80.040000379E-3,328.00000906E-3,
80.080002546E-3,328.00000906E-3,
80.119997263E-3,328.00000906E-3,
80.159999430E-3,328.00000906E-3,
80.200001597E-3,328.00000906E-3,
80.239996314E-3,326.00000501E-3,
80.279998481E-3,328.00000906E-3,
80.320000648E-3,328.00000906E-3,
80.359995365E-3,326.00000501E-3,
80.399997532E-3,326.00000501E-3,
80.439999700E-3,328.00000906E-3,
80.480001867E-3,328.00000906E-3,
80.519996583E-3,328.00000906E-3,
80.559998751E-3,326.00000501E-3,
80.600000918E-3,326.00000501E-3,
80.639995635E-3,328.00000906E-3,
80.679997802E-3,328.00000906E-3,
80.719999969E-3,328.00000906E-3,
80.760002136E-3,328.00000906E-3,
80.799996853E-3,328.00000906E-3,
80.839999020E-3,326.00000501E-3,
80.880001187E-3,328.00000906E-3,
80.919995904E-3,326.00000501E-3,
80.959998071E-3,324.00000095E-3,
81.000000238E-3,328.00000906E-3,
81.040002406E-3,326.00000501E-3,
81.079997122E-3,326.00000501E-3,
81.119999290E-3,328.00000906E-3,
81.160001457E-3,326.00000501E-3,
81.199996173E-3,328.00000906E-3,
81.239998341E-3,328.00000906E-3,
81.280000508E-3,326.00000501E-3,
81.319995224E-3,326.00000501E-3,
81.359997392E-3,326.00000501E-3,
81.399999559E-3,328.00000906E-3,
81.440001726E-3,326.00000501E-3,
81.479996443E-3,328.00000906E-3,
81.519998610E-3,324.00000095E-3,
81.560000777E-3,328.00000906E-3,
81.599995494E-3,326.00000501E-3,
81.639997661E-3,326.00000501E-3,
81.679999828E-3,326.00000501E-3,
81.720001996E-3,326.00000501E-3,
81.759996712E-3,328.00000906E-3,
81.799998879E-3,326.00000501E-3,
81.840001047E-3,326.00000501E-3,
81.879995763E-3,326.00000501E-3,
81.919997931E-3,324.00000095E-3,
81.960000098E-3,326.00000501E-3,
82.000002265E-3,324.00000095E-3,
82.039996982E-3,328.00000906E-3,
82.079999149E-3,326.00000501E-3,
82.120001316E-3,326.00000501E-3,
82.159996033E-3,326.00000501E-3,
82.199998200E-3,328.00000906E-3,
82.240000367E-3,326.00000501E-3,
82.279995084E-3,324.00000095E-3,
82.319997251E-3,326.00000501E-3,
82.359999418E-3,326.00000501E-3,
82.400001585E-3,326.00000501E-3,
82.439996302E-3,326.00000501E-3,
82.479998469E-3,326.00000501E-3,
82.520000637E-3,326.00000501E-3,
82.559995353E-3,326.00000501E-3,
82.599997520E-3,326.00000501E-3,
82.639999688E-3,326.00000501E-3,
82.680001855E-3,324.00000095E-3,
82.719996572E-3,326.00000501E-3,
82.759998739E-3,326.00000501E-3,
82.800000906E-3,326.00000501E-3,
82.839995623E-3,326.00000501E-3,
82.879997790E-3,324.00000095E-3,
82.919999957E-3,324.00000095E-3,
82.960002124E-3,326.00000501E-3,
82.999996841E-3,326.00000501E-3,
83.039999008E-3,324.00000095E-3,
83.080001175E-3,326.00000501E-3,
83.119995892E-3,324.00000095E-3,
83.159998059E-3,324.00000095E-3,
83.200000226E-3,326.00000501E-3,
83.240002394E-3,324.00000095E-3,
83.279997110E-3,322.00002670E-3,
83.319999278E-3,324.00000095E-3,
83.360001445E-3,324.00000095E-3,
83.399996161E-3,322.00002670E-3,
83.439998329E-3,324.00000095E-3,
83.480000496E-3,326.00000501E-3,
83.519995213E-3,324.00000095E-3,
83.559997380E-3,324.00000095E-3,
83.599999547E-3,322.00002670E-3,
83.640001714E-3,326.00000501E-3,
83.679996431E-3,326.00000501E-3,
83.719998598E-3,324.00000095E-3,
83.760000765E-3,324.00000095E-3,
83.799995482E-3,326.00000501E-3,
83.839997649E-3,324.00000095E-3,
83.879999816E-3,324.00000095E-3,
83.920001984E-3,322.00002670E-3,
83.959996700E-3,326.00000501E-3,
83.999998868E-3,324.00000095E-3,
84.040001035E-3,324.00000095E-3,
84.079995751E-3,324.00000095E-3,
84.119997919E-3,324.00000095E-3,
84.160000086E-3,324.00000095E-3,
84.200002253E-3,322.00002670E-3,
84.239996970E-3,324.00000095E-3,
84.279999137E-3,324.00000095E-3,
84.320001304E-3,324.00000095E-3,
84.359996021E-3,324.00000095E-3,
84.399998188E-3,324.00000095E-3,
84.440000355E-3,324.00000095E-3,
84.479995072E-3,322.00002670E-3,
84.519997239E-3,324.00000095E-3,
84.559999406E-3,322.00002670E-3,
84.600001574E-3,324.00000095E-3,
84.639996290E-3,324.00000095E-3,
84.679998457E-3,324.00000095E-3,
84.720000625E-3,322.00002670E-3,
84.759995341E-3,322.00002670E-3,
84.799997509E-3,324.00000095E-3,
84.839999676E-3,322.00002670E-3,
84.880001843E-3,322.00002670E-3,
84.919996560E-3,324.00000095E-3,
84.959998727E-3,324.00000095E-3,
85.000000894E-3,322.00002670E-3,
85.039995611E-3,324.00000095E-3,
85.079997778E-3,324.00000095E-3,
85.119999945E-3,322.00002670E-3,
85.160002112E-3,324.00000095E-3,
85.199996829E-3,322.00002670E-3,
85.239998996E-3,322.00002670E-3,
85.280001163E-3,322.00002670E-3,
85.319995880E-3,322.00002670E-3,
85.359998047E-3,322.00002670E-3,
85.400000215E-3,322.00002670E-3,
85.440002382E-3,324.00000095E-3,
85.479997098E-3,322.00002670E-3,
85.519999266E-3,324.00000095E-3,
85.560001433E-3,322.00002670E-3,
85.599996150E-3,322.00002670E-3,
85.639998317E-3,322.00002670E-3,
85.680000484E-3,322.00002670E-3,
85.719995201E-3,322.00002670E-3,
85.759997368E-3,322.00002670E-3,
85.799999535E-3,324.00000095E-3,
85.840001702E-3,322.00002670E-3,
85.879996419E-3,322.00002670E-3,
85.919998586E-3,320.00002265E-3,
85.960000753E-3,320.00002265E-3,
85.999995470E-3,324.00000095E-3,
86.039997637E-3,322.00002670E-3,
86.079999804E-3,322.00002670E-3,
86.120001972E-3,322.00002670E-3,
86.159996688E-3,322.00002670E-3,
86.199998856E-3,322.00002670E-3,
86.240001023E-3,322.00002670E-3,
86.279995739E-3,322.00002670E-3,
86.319997907E-3,320.00002265E-3,
86.360000074E-3,320.00002265E-3,
86.400002241E-3,322.00002670E-3,
86.439996958E-3,320.00002265E-3,
86.479999125E-3,322.00002670E-3,
86.520001292E-3,322.00002670E-3,
86.559996009E-3,322.00002670E-3,
86.599998176E-3,322.00002670E-3,
86.640000343E-3,322.00002670E-3,
86.679995060E-3,322.00002670E-3,
86.719997227E-3,322.00002670E-3,
86.759999394E-3,322.00002670E-3,
86.800001562E-3,322.00002670E-3,
86.839996278E-3,322.00002670E-3,
86.879998446E-3,320.00002265E-3,
86.920000613E-3,320.00002265E-3,
86.959995329E-3,322.00002670E-3,
86.999997497E-3,322.00002670E-3,
87.039999664E-3,320.00002265E-3,
87.080001831E-3,322.00002670E-3,
87.119996548E-3,320.00002265E-3,
87.159998715E-3,320.00002265E-3,
87.200000882E-3,320.00002265E-3,
87.239995599E-3,320.00002265E-3,
87.279997766E-3,322.00002670E-3,
87.319999933E-3,322.00002670E-3,
87.360002100E-3,320.00002265E-3,
87.399996817E-3,320.00002265E-3,
87.439998984E-3,322.00002670E-3,
87.480001152E-3,320.00002265E-3,
87.519995868E-3,320.00002265E-3,
87.559998035E-3,320.00002265E-3,
87.600000203E-3,322.00002670E-3,
87.639994919E-3,320.00002265E-3,
87.679997087E-3,320.00002265E-3,
87.719999254E-3,320.00002265E-3,
87.760001421E-3,318.00001860E-3,
87.799996138E-3,318.00001860E-3,
87.839998305E-3,318.00001860E-3,
87.880000472E-3,320.00002265E-3,
87.919995189E-3,320.00002265E-3,
87.959997356E-3,320.00002265E-3,
87.999999523E-3,318.00001860E-3,
88.040001690E-3,320.00002265E-3,
88.079996407E-3,318.00001860E-3,
88.119998574E-3,320.00002265E-3,
88.160000741E-3,320.00002265E-3,
88.199995458E-3,320.00002265E-3,
88.239997625E-3,318.00001860E-3,
88.279999793E-3,320.00002265E-3,
88.320001960E-3,320.00002265E-3,
88.359996676E-3,320.00002265E-3,
88.399998844E-3,320.00002265E-3,
88.440001011E-3,318.00001860E-3,
88.479995728E-3,318.00001860E-3,
88.519997895E-3,318.00001860E-3,
88.560000062E-3,316.00001454E-3,
88.600002229E-3,316.00001454E-3,
88.639996946E-3,316.00001454E-3,
88.679999113E-3,318.00001860E-3,
88.720001280E-3,318.00001860E-3,
88.759995997E-3,318.00001860E-3,
88.799998164E-3,318.00001860E-3,
88.840000331E-3,316.00001454E-3,
88.879995048E-3,318.00001860E-3,
88.919997215E-3,318.00001860E-3,
88.959999382E-3,318.00001860E-3,
89.000001550E-3,316.00001454E-3,
89.039996266E-3,318.00001860E-3,
89.079998434E-3,316.00001454E-3,
89.120000601E-3,318.00001860E-3,
89.159995317E-3,318.00001860E-3,
89.199997485E-3,318.00001860E-3,
89.239999652E-3,316.00001454E-3,
89.280001819E-3,320.00002265E-3,
89.319996536E-3,318.00001860E-3,
89.359998703E-3,316.00001454E-3,
89.400000870E-3,316.00001454E-3,
89.439995587E-3,318.00001860E-3,
89.479997754E-3,318.00001860E-3,
89.519999921E-3,316.00001454E-3,
89.560002089E-3,316.00001454E-3,
89.599996805E-3,316.00001454E-3,
89.639998972E-3,316.00001454E-3,
89.680001140E-3,318.00001860E-3,
89.719995856E-3,318.00001860E-3,
89.759998024E-3,314.00001049E-3,
89.800000191E-3,316.00001454E-3,
89.839994907E-3,316.00001454E-3,
89.879997075E-3,314.00001049E-3,
89.919999242E-3,316.00001454E-3,
89.960001409E-3,314.00001049E-3,
89.999996126E-3,316.00001454E-3,
90.039998293E-3,314.00001049E-3,
90.080000460E-3,316.00001454E-3,
90.119995177E-3,314.00001049E-3,
90.159997344E-3,314.00001049E-3,
90.199999511E-3,316.00001454E-3,
90.240001678E-3,316.00001454E-3,
90.279996395E-3,314.00001049E-3,
90.319998562E-3,314.00001049E-3,
90.360000730E-3,314.00001049E-3,
90.399995446E-3,314.00001049E-3,
90.439997613E-3,314.00001049E-3,
90.479999781E-3,314.00001049E-3,
90.520001948E-3,314.00001049E-3,
90.559996665E-3,316.00001454E-3,
90.599998832E-3,314.00001049E-3,
90.640000999E-3,314.00001049E-3,
90.679995716E-3,316.00001454E-3,
90.719997883E-3,314.00001049E-3,
90.760000050E-3,314.00001049E-3,
90.800002217E-3,316.00001454E-3,
90.839996934E-3,316.00001454E-3,
90.879999101E-3,314.00001049E-3,
90.920001268E-3,314.00001049E-3,
90.959995985E-3,314.00001049E-3,
90.999998152E-3,314.00001049E-3,
91.040000319E-3,314.00001049E-3,
91.079995036E-3,314.00001049E-3,
91.119997203E-3,314.00001049E-3,
91.159999371E-3,314.00001049E-3,
91.200001538E-3,312.00000644E-3,
91.239996254E-3,314.00001049E-3,
91.279998422E-3,314.00001049E-3,
91.320000589E-3,314.00001049E-3,
91.359995306E-3,314.00001049E-3,
91.399997473E-3,312.00000644E-3,
91.439999640E-3,314.00001049E-3,
91.480001807E-3,314.00001049E-3,
91.519996524E-3,312.00000644E-3,
91.559998691E-3,314.00001049E-3,
91.600000858E-3,314.00001049E-3,
91.639995575E-3,314.00001049E-3,
91.679997742E-3,312.00000644E-3,
91.719999909E-3,314.00001049E-3,
91.760002077E-3,314.00001049E-3,
91.799996793E-3,314.00001049E-3,
91.839998960E-3,314.00001049E-3,
91.880001128E-3,314.00001049E-3,
91.919995844E-3,312.00000644E-3,
91.959998012E-3,312.00000644E-3,
92.000000179E-3,312.00000644E-3,
92.039994895E-3,312.00000644E-3,
92.079997063E-3,312.00000644E-3,
92.119999230E-3,312.00000644E-3,
92.160001397E-3,312.00000644E-3,
92.199996114E-3,312.00000644E-3,
92.239998281E-3,314.00001049E-3,
92.280000448E-3,312.00000644E-3,
92.319995165E-3,312.00000644E-3,
92.359997332E-3,310.00000238E-3,
92.399999499E-3,312.00000644E-3,
92.440001667E-3,310.00000238E-3,
92.479996383E-3,312.00000644E-3,
92.519998550E-3,312.00000644E-3,
92.560000718E-3,312.00000644E-3,
92.599995434E-3,312.00000644E-3,
92.639997602E-3,310.00000238E-3,
92.679999769E-3,310.00000238E-3,
92.720001936E-3,312.00000644E-3,
92.759996653E-3,310.00000238E-3,
92.799998820E-3,310.00000238E-3,
92.840000987E-3,310.00000238E-3,
92.879995704E-3,310.00000238E-3,
92.919997871E-3,310.00000238E-3,
92.960000038E-3,310.00000238E-3,
93.000002205E-3,310.00000238E-3,
93.039996922E-3,310.00000238E-3,
93.079999089E-3,310.00000238E-3,
93.120001256E-3,310.00000238E-3,
93.159995973E-3,310.00000238E-3,
93.199998140E-3,310.00000238E-3,
93.240000308E-3,308.00002813E-3,
93.279995024E-3,308.00002813E-3,
93.319997191E-3,308.00002813E-3,
93.359999359E-3,308.00002813E-3,
93.400001526E-3,308.00002813E-3,
93.439996243E-3,308.00002813E-3,
93.479998410E-3,308.00002813E-3,
93.520000577E-3,308.00002813E-3,
93.559995294E-3,306.00002408E-3,
93.599997461E-3,310.00000238E-3,
93.639999628E-3,306.00002408E-3,
93.680001795E-3,306.00002408E-3,
93.719996512E-3,310.00000238E-3,
93.759998679E-3,308.00002813E-3,
93.800000846E-3,308.00002813E-3,
93.839995563E-3,306.00002408E-3,
93.879997730E-3,306.00002408E-3,
93.919999897E-3,308.00002813E-3,
93.960002065E-3,308.00002813E-3,
93.999996781E-3,308.00002813E-3,
94.039998949E-3,306.00002408E-3,
94.080001116E-3,306.00002408E-3,
94.119995832E-3,304.00002003E-3,
94.159998000E-3,304.00002003E-3,
94.200000167E-3,304.00002003E-3,
94.239994884E-3,306.00002408E-3,
94.279997051E-3,304.00002003E-3,
94.319999218E-3,306.00002408E-3,
94.360001385E-3,304.00002003E-3,
94.399996102E-3,302.00001597E-3,
94.439998269E-3,304.00002003E-3,
94.480000436E-3,302.00001597E-3,
94.519995153E-3,302.00001597E-3,
94.559997320E-3,302.00001597E-3,
94.599999487E-3,302.00001597E-3,
94.640001655E-3,302.00001597E-3,
94.679996371E-3,302.00001597E-3,
94.719998538E-3,302.00001597E-3,
94.760000706E-3,302.00001597E-3,
94.799995422E-3,302.00001597E-3,
94.839997590E-3,300.00001192E-3,
94.879999757E-3,300.00001192E-3,
94.920001924E-3,302.00001597E-3,
94.959996641E-3,300.00001192E-3,
94.999998808E-3,302.00001597E-3,
95.040000975E-3,298.00000787E-3,
95.079995692E-3,298.00000787E-3,
95.119997859E-3,300.00001192E-3,
95.160000026E-3,300.00001192E-3,
95.199994743E-3,298.00000787E-3,
95.239996910E-3,298.00000787E-3,
95.279999077E-3,296.00000381E-3,
95.320001245E-3,298.00000787E-3,
95.359995961E-3,298.00000787E-3,
95.399998128E-3,296.00000381E-3,
95.440000296E-3,300.00001192E-3,
95.479995012E-3,296.00000381E-3,
95.519997180E-3,296.00000381E-3,
95.559999347E-3,293.99999976E-3,
95.600001514E-3,296.00000381E-3,
95.639996231E-3,293.99999976E-3,
95.679998398E-3,293.99999976E-3,
95.720000565E-3,293.99999976E-3,
95.759995282E-3,293.99999976E-3,
95.799997449E-3,293.99999976E-3,
95.839999616E-3,293.99999976E-3,
95.880001783E-3,293.99999976E-3,
95.919996500E-3,292.00002551E-3,
95.959998667E-3,293.99999976E-3,
96.000000834E-3,292.00002551E-3,
96.039995551E-3,293.99999976E-3,
96.079997718E-3,292.00002551E-3,
96.119999886E-3,292.00002551E-3,
96.160002053E-3,293.99999976E-3,
96.199996769E-3,290.00002146E-3,
96.239998937E-3,292.00002551E-3,
96.280001104E-3,292.00002551E-3,
96.319995821E-3,290.00002146E-3,
96.359997988E-3,290.00002146E-3,
96.400000155E-3,290.00002146E-3,
96.439994872E-3,290.00002146E-3,
96.479997039E-3,290.00002146E-3,
96.519999206E-3,290.00002146E-3,
96.560001373E-3,288.00001740E-3,
96.599996090E-3,288.00001740E-3,
96.639998257E-3,288.00001740E-3,
96.680000424E-3,288.00001740E-3,
96.719995141E-3,288.00001740E-3,
96.759997308E-3,288.00001740E-3,
96.799999475E-3,286.00001335E-3,
96.840001643E-3,288.00001740E-3,
96.879996359E-3,288.00001740E-3,
96.919998527E-3,288.00001740E-3,
96.960000694E-3,284.00000930E-3,
96.999995410E-3,286.00001335E-3,
97.039997578E-3,286.00001335E-3,
97.079999745E-3,286.00001335E-3,
97.120001912E-3,288.00001740E-3,
97.159996629E-3,286.00001335E-3,
97.199998796E-3,284.00000930E-3,
97.240000963E-3,286.00001335E-3,
97.279995680E-3,286.00001335E-3,
97.319997847E-3,286.00001335E-3,
97.360000014E-3,286.00001335E-3,
97.399994731E-3,286.00001335E-3,
97.439996898E-3,286.00001335E-3,
97.479999065E-3,284.00000930E-3,
97.520001233E-3,284.00000930E-3,
97.559995949E-3,284.00000930E-3,
97.599998116E-3,286.00001335E-3,
97.640000284E-3,282.00000525E-3,
97.679995000E-3,282.00000525E-3,
97.719997168E-3,284.00000930E-3,
97.759999335E-3,284.00000930E-3,
97.800001502E-3,282.00000525E-3,
97.839996219E-3,284.00000930E-3,
97.879998386E-3,282.00000525E-3,
97.920000553E-3,282.00000525E-3,
97.959995270E-3,284.00000930E-3,
97.999997437E-3,280.00000119E-3,
98.039999604E-3,282.00000525E-3,
98.080001771E-3,284.00000930E-3,
98.119996488E-3,280.00000119E-3,
98.159998655E-3,282.00000525E-3,
98.200000823E-3,284.00000930E-3,
98.239995539E-3,282.00000525E-3,
98.279997706E-3,280.00000119E-3,
98.319999874E-3,282.00000525E-3,
98.360002041E-3,282.00000525E-3,
98.399996758E-3,282.00000525E-3,
98.439998925E-3,282.00000525E-3,
98.480001092E-3,280.00000119E-3,
98.519995809E-3,280.00000119E-3,
98.559997976E-3,282.00000525E-3,
98.600000143E-3,284.00000930E-3,
98.639994860E-3,280.00000119E-3,
98.679997027E-3,280.00000119E-3,
98.719999194E-3,280.00000119E-3,
98.760001361E-3,280.00000119E-3,
98.799996078E-3,280.00000119E-3,
98.839998245E-3,282.00000525E-3,
98.880000412E-3,282.00000525E-3,
98.919995129E-3,280.00000119E-3,
98.959997296E-3,280.00000119E-3,
98.999999464E-3,282.00000525E-3,
99.040001631E-3,282.00000525E-3,
99.079996347E-3,282.00000525E-3,
99.119998515E-3,282.00000525E-3,
99.160000682E-3,280.00000119E-3,
99.199995399E-3,282.00000525E-3,
99.239997566E-3,282.00000525E-3,
99.279999733E-3,280.00000119E-3,
99.320001900E-3,282.00000525E-3,
99.359996617E-3,282.00000525E-3,
99.399998784E-3,282.00000525E-3,
99.440000951E-3,284.00000930E-3,
99.479995668E-3,280.00000119E-3,
99.519997835E-3,282.00000525E-3,
99.560000002E-3,284.00000930E-3,
99.599994719E-3,282.00000525E-3,
99.639996886E-3,280.00000119E-3,
99.679999053E-3,282.00000525E-3,
99.720001221E-3,282.00000525E-3,
99.759995937E-3,282.00000525E-3,
99.799998105E-3,282.00000525E-3,
99.840000272E-3,282.00000525E-3,
99.879994988E-3,282.00000525E-3,
99.919997156E-3,284.00000930E-3,
99.959999323E-3,282.00000525E-3,
100.0000015E-3,284.00000930E-3,
100.0399962E-3,284.00000930E-3,
100.0799984E-3,284.00000930E-3,
100.1200005E-3,284.00000930E-3,
100.1599953E-3,284.00000930E-3,
100.1999974E-3,284.00000930E-3,
100.2399996E-3,286.00001335E-3,
100.2800018E-3,284.00000930E-3,
100.3199965E-3,284.00000930E-3,
100.3599986E-3,284.00000930E-3,
100.4000008E-3,284.00000930E-3,
100.4399955E-3,286.00001335E-3,
100.4799977E-3,286.00001335E-3,
100.5199999E-3,288.00001740E-3,
100.5599946E-3,286.00001335E-3,
100.5999967E-3,284.00000930E-3,
100.6399989E-3,286.00001335E-3,
100.6800011E-3,286.00001335E-3,
100.7199958E-3,286.00001335E-3,
100.7599980E-3,288.00001740E-3,
100.8000001E-3,288.00001740E-3,
100.8399948E-3,288.00001740E-3,
100.8799970E-3,286.00001335E-3,
100.9199992E-3,286.00001335E-3,
100.9600013E-3,290.00002146E-3,
100.9999961E-3,288.00001740E-3,
101.0399982E-3,288.00001740E-3,
101.0800004E-3,288.00001740E-3,
101.1199951E-3,288.00001740E-3,
101.1599973E-3,288.00001740E-3,
101.1999995E-3,290.00002146E-3,
101.2400016E-3,290.00002146E-3,
101.2799963E-3,290.00002146E-3,
101.3199985E-3,290.00002146E-3,
101.3600007E-3,290.00002146E-3,
101.3999954E-3,288.00001740E-3,
101.4399976E-3,290.00002146E-3,
101.4799997E-3,292.00002551E-3,
101.5200019E-3,290.00002146E-3,
101.5599966E-3,290.00002146E-3,
101.5999988E-3,292.00002551E-3,
101.6400009E-3,290.00002146E-3,
101.6799957E-3,290.00002146E-3,
101.7199978E-3,290.00002146E-3,
101.7600000E-3,292.00002551E-3,
101.7999947E-3,292.00002551E-3,
101.8399969E-3,293.99999976E-3,
101.8799990E-3,290.00002146E-3,
101.9200012E-3,292.00002551E-3,
101.9599959E-3,292.00002551E-3,
101.9999981E-3,292.00002551E-3,
102.0400003E-3,292.00002551E-3,
102.0799950E-3,292.00002551E-3,
102.1199971E-3,292.00002551E-3,
102.1599993E-3,293.99999976E-3,
102.2000015E-3,292.00002551E-3,
102.2399962E-3,293.99999976E-3,
102.2799984E-3,293.99999976E-3,
102.3200005E-3,293.99999976E-3,
102.3599952E-3,293.99999976E-3,
102.3999974E-3,293.99999976E-3,
102.4399996E-3,293.99999976E-3,
102.4800017E-3,293.99999976E-3,
102.5199965E-3,293.99999976E-3,
102.5599986E-3,293.99999976E-3,
102.6000008E-3,293.99999976E-3,
102.6399955E-3,293.99999976E-3,
102.6799977E-3,293.99999976E-3,
102.7199998E-3,293.99999976E-3,
102.7599946E-3,296.00000381E-3,
102.7999967E-3,296.00000381E-3,
102.8399989E-3,296.00000381E-3,
102.8800011E-3,296.00000381E-3,
102.9199958E-3,296.00000381E-3,
102.9599980E-3,293.99999976E-3,
103.0000001E-3,293.99999976E-3,
103.0399948E-3,296.00000381E-3,
103.0799970E-3,296.00000381E-3,
103.1199992E-3,296.00000381E-3,
103.1600013E-3,296.00000381E-3,
103.1999961E-3,298.00000787E-3,
103.2399982E-3,296.00000381E-3,
103.2800004E-3,296.00000381E-3,
103.3199951E-3,293.99999976E-3,
103.3599973E-3,296.00000381E-3,
103.3999994E-3,296.00000381E-3,
103.4400016E-3,296.00000381E-3,
103.4799963E-3,296.00000381E-3,
103.5199985E-3,293.99999976E-3,
103.5600007E-3,296.00000381E-3,
103.5999954E-3,298.00000787E-3,
103.6399975E-3,298.00000787E-3,
103.6799997E-3,298.00000787E-3,
103.7200019E-3,298.00000787E-3,
103.7599966E-3,296.00000381E-3,
103.7999988E-3,298.00000787E-3,
103.8400009E-3,296.00000381E-3,
103.8799956E-3,296.00000381E-3,
103.9199978E-3,298.00000787E-3,
103.9600000E-3,298.00000787E-3,
103.9999947E-3,298.00000787E-3,
104.0399969E-3,296.00000381E-3,
104.0799990E-3,300.00001192E-3,
104.1200012E-3,298.00000787E-3,
104.1599959E-3,298.00000787E-3,
104.1999981E-3,300.00001192E-3,
104.2400002E-3,298.00000787E-3,
104.2799950E-3,298.00000787E-3,
104.3199971E-3,298.00000787E-3,
104.3599993E-3,298.00000787E-3,
104.4000015E-3,298.00000787E-3,
104.4399962E-3,298.00000787E-3,
104.4799984E-3,298.00000787E-3,
104.5200005E-3,300.00001192E-3,
104.5599952E-3,298.00000787E-3,
104.5999974E-3,300.00001192E-3,
104.6399996E-3,298.00000787E-3,
104.6800017E-3,298.00000787E-3,
104.7199965E-3,298.00000787E-3,
104.7599986E-3,296.00000381E-3,
104.8000008E-3,298.00000787E-3,
104.8399955E-3,300.00001192E-3,
104.8799977E-3,298.00000787E-3,
104.9199998E-3,298.00000787E-3,
104.9599946E-3,298.00000787E-3,
104.9999967E-3,300.00001192E-3,
105.0399989E-3,298.00000787E-3,
105.0800011E-3,298.00000787E-3,
105.1199958E-3,298.00000787E-3,
105.1599979E-3,298.00000787E-3,
105.2000001E-3,298.00000787E-3,
105.2399948E-3,296.00000381E-3,
105.2799970E-3,298.00000787E-3,
105.3199992E-3,298.00000787E-3,
105.3600013E-3,298.00000787E-3,
105.3999960E-3,296.00000381E-3,
105.4399982E-3,296.00000381E-3,
105.4800004E-3,298.00000787E-3,
105.5199951E-3,298.00000787E-3,
105.5599973E-3,298.00000787E-3,
105.5999994E-3,300.00001192E-3,
105.6400016E-3,298.00000787E-3,
105.6799963E-3,298.00000787E-3,
105.7199985E-3,296.00000381E-3,
105.7600006E-3,298.00000787E-3,
105.7999954E-3,296.00000381E-3,
105.8399975E-3,296.00000381E-3,
105.8799997E-3,298.00000787E-3,
105.9200019E-3,300.00001192E-3,
105.9599966E-3,296.00000381E-3,
105.9999987E-3,298.00000787E-3,
106.0400009E-3,298.00000787E-3,
106.0799956E-3,296.00000381E-3,
106.1199978E-3,296.00000381E-3,
106.1600000E-3,296.00000381E-3,
106.1999947E-3,296.00000381E-3,
106.2399969E-3,296.00000381E-3,
106.2799990E-3,298.00000787E-3,
106.3200012E-3,296.00000381E-3,
106.3599959E-3,296.00000381E-3,
106.3999981E-3,296.00000381E-3,
106.4400002E-3,298.00000787E-3,
106.4799950E-3,296.00000381E-3,
106.5199971E-3,296.00000381E-3,
106.5599993E-3,296.00000381E-3,
106.6000015E-3,296.00000381E-3,
106.6399962E-3,296.00000381E-3,
106.6799983E-3,296.00000381E-3,
106.7200005E-3,293.99999976E-3,
106.7599952E-3,296.00000381E-3,
106.7999974E-3,293.99999976E-3,
106.8399996E-3,296.00000381E-3,
106.8800017E-3,296.00000381E-3,
106.9199964E-3,293.99999976E-3,
106.9599986E-3,296.00000381E-3,
107.0000008E-3,296.00000381E-3,
107.0399955E-3,296.00000381E-3,
107.0799977E-3,293.99999976E-3,
107.1199998E-3,293.99999976E-3,
107.1599945E-3,296.00000381E-3,
107.1999967E-3,296.00000381E-3,
107.2399989E-3,296.00000381E-3,
107.2800010E-3,293.99999976E-3,
107.3199958E-3,296.00000381E-3,
107.3599979E-3,296.00000381E-3,
107.4000001E-3,293.99999976E-3,
107.4399948E-3,296.00000381E-3,
107.4799970E-3,293.99999976E-3,
107.5199991E-3,293.99999976E-3,
107.5600013E-3,293.99999976E-3,
107.5999960E-3,293.99999976E-3,
107.6399982E-3,293.99999976E-3,
107.6800004E-3,293.99999976E-3,
107.7199951E-3,293.99999976E-3,
107.7599972E-3,293.99999976E-3,
107.7999994E-3,293.99999976E-3,
107.8400016E-3,293.99999976E-3,
107.8799963E-3,293.99999976E-3,
107.9199985E-3,293.99999976E-3,
107.9600006E-3,296.00000381E-3,
107.9999954E-3,293.99999976E-3,
108.0399975E-3,293.99999976E-3,
108.0799997E-3,293.99999976E-3,
108.1199944E-3,293.99999976E-3,
108.1599966E-3,293.99999976E-3,
108.1999987E-3,293.99999976E-3,
108.2400009E-3,293.99999976E-3,
108.2799956E-3,292.00002551E-3,
108.3199978E-3,293.99999976E-3,
108.3600000E-3,292.00002551E-3,
